Cell	annotation	x.loc	y.loc	region
Cell1	Endothelial	0.2563	0.3773	1
Cell2	Endothelial	0.2191	0.245	1
Cell3	Fibroblast	0.1259	0.7349	1
Cell4	Immune	0.25	0.1334	1
Cell5	Adipocyte	0.6747	0.8448	1
Cell6	Adipocyte	0.6436	0.9189	1
Cell7	Endothelial	0.265	0.3335	1
Cell8	Adipocyte	0.0608	0.0051	1
Cell9	Epithelial	0.1586	0.8495	1
Cell10	Fibroblast	0.6452	0.9198	1
Cell11	Epithelial	0.4885	0.8256	1
Cell12	Fibroblast	0.072	0.8785	1
Cell13	Adipocyte	0.199	0.9506	1
Cell14	Endothelial	0.385	0.6829	1
Cell15	Adipocyte	0.23	0.2945	1
Cell16	Adipocyte	0.2573	0.258	1
Cell17	Epithelial	0.1709	0.559	1
Cell18	Adipocyte	0.2671	0.5948	1
Cell19	Epithelial	0.2329	0.8739	1
Cell20	Adipocyte	0.1399	0.857	1
Cell21	Endothelial	0.2379	0.3542	1
Cell22	Adipocyte	0.0078	0.1375	1
Cell23	Adipocyte	0.673	0.755	1
Cell24	Muscle	0.198	0.7199	1
Cell25	Epithelial	0.1649	0.6134	1
Cell26	Fibroblast	0.4202	0.8041	1
Cell27	Epithelial	0.163	0.7286	1
Cell28	Epithelial	0.0587	0.1497	1
Cell29	Adipocyte	0.3111	0.5257	1
Cell30	Fibroblast	0.5324	0.9045	1
Cell31	Fibroblast	0.2916	0.5713	1
Cell32	Endothelial	0.3762	0.9823	1
Cell33	Epithelial	0.5571	0.7262	1
Cell34	Adipocyte	0.3811	0.8581	1
Cell35	Fibroblast	0.4223	0.4943	1
Cell36	Fibroblast	0.1546	0.6058	1
Cell37	Epithelial	0.5051	0.6052	1
Cell38	Fibroblast	0.2122	0.3677	1
Cell39	Adipocyte	0.3777	0.9302	1
Cell40	Adipocyte	0.1344	0.2461	1
Cell41	Adipocyte	0.5509	0.791	1
Cell42	Epithelial	0.2334	0.3377	1
Cell43	Immune	0.699	0.9908	1
Cell44	Epithelial	0.7796	0.9121	1
Cell45	Adipocyte	0.477	0.7151	1
Cell46	Adipocyte	0.5456	0.9127	1
Cell47	Adipocyte	0.1448	0.5063	1
Cell48	Epithelial	0.4076	0.8241	1
Cell49	Epithelial	0.1238	0.5415	1
Cell50	Epithelial	0.0676	0.1613	1
Cell51	Epithelial	0.3682	0.6466	1
Cell52	Endothelial	0.5725	0.7617	1
Cell53	Immune	0.2934	0.6191	1
Cell54	Adipocyte	0.0116	0.4379	1
Cell55	Epithelial	0.0908	0.7465	1
Cell56	Fibroblast	0.0784	0.9565	1
Cell57	Adipocyte	0.6775	0.7637	1
Cell58	Epithelial	0.1775	0.6038	1
Cell59	Adipocyte	0.652	0.8225	1
Cell60	Adipocyte	0.3218	0.3252	1
Cell61	Epithelial	0.302	0.5316	1
Cell62	Adipocyte	0.1272	0.6666	1
Cell63	Epithelial	0.223	0.4554	1
Cell64	Adipocyte	0.3887	0.421	1
Cell65	Endothelial	0.1223	0.7229	1
Cell66	Endothelial	0.2687	0.7286	1
Cell67	Epithelial	0.2842	0.4764	1
Cell68	Adipocyte	0.0569	0.7601	1
Cell69	Adipocyte	0.5634	0.7089	1
Cell70	Adipocyte	0.2183	0.6829	1
Cell71	Adipocyte	0.5888	0.7536	1
Cell72	Endothelial	0.3969	0.9982	1
Cell73	Fibroblast	0.4923	0.6603	1
Cell74	Endothelial	0.0011	0.1226	1
Cell75	Epithelial	0.0439	0.8328	1
Cell76	Epithelial	0.1309	0.9232	1
Cell77	Fibroblast	0.0627	0.28	1
Cell78	Immune	0.1053	0.4276	1
Cell79	Endothelial	0.0441	0.544	1
Cell80	Adipocyte	0.139	0.5211	1
Cell81	Epithelial	0.33	0.4086	1
Cell82	Epithelial	0.6894	0.8288	1
Cell83	Epithelial	0.1616	0.8953	1
Cell84	Endothelial	0.2633	0.9095	1
Cell85	Epithelial	0.202	0.455	1
Cell86	Immune	0.4252	0.5581	1
Cell87	Endothelial	0.1073	0.11	1
Cell88	Epithelial	0.1882	0.3285	1
Cell89	Endothelial	0.1152	0.2238	1
Cell90	Endothelial	0.1054	0.157	1
Cell91	Adipocyte	0.3338	0.8688	1
Cell92	Adipocyte	0.674	0.867	1
Cell93	Fibroblast	0.7433	0.9035	1
Cell94	Endothelial	0.1183	0.0716	1
Cell95	Epithelial	0.2088	0.3575	1
Cell96	Endothelial	0.1989	0.6312	1
Cell97	Immune	0.0951	0.1823	1
Cell98	Adipocyte	0.5304	0.9889	1
Cell99	Epithelial	0.323	0.3984	1
Cell100	Epithelial	0.0269	0.8907	1
Cell101	Fibroblast	0.1954	0.3456	1
Cell102	Endothelial	0.1423	0.7726	1
Cell103	Epithelial	0.0583	0.9835	1
Cell104	Muscle	0.1657	0.8648	1
Cell105	Epithelial	0.8491	0.9813	1
Cell106	Epithelial	0.1243	0.6864	1
Cell107	Endothelial	0.1375	0.954	1
Cell108	Adipocyte	0.0308	0.7452	1
Cell109	Epithelial	0.1795	0.6763	1
Cell110	Epithelial	0.0927	0.6376	1
Cell111	Epithelial	0.4731	0.8062	1
Cell112	Endothelial	0.3636	0.6741	1
Cell113	Adipocyte	0.1973	0.886	1
Cell114	Epithelial	0.0015	0.4041	1
Cell115	Adipocyte	0.0044	0.9242	1
Cell116	Adipocyte	0.7491	0.8757	1
Cell117	Endothelial	0.383	0.7353	1
Cell118	Fibroblast	0.0563	0.2124	1
Cell119	Epithelial	0.4357	0.5167	1
Cell120	Endothelial	0.2039	0.7854	1
Cell121	Adipocyte	0.2891	0.4193	1
Cell122	Adipocyte	0.1289	0.8915	1
Cell123	Adipocyte	0.0612	0.039	1
Cell124	Immune	0.6767	0.7801	1
Cell125	Endothelial	0.4574	0.6426	1
Cell126	Adipocyte	0.8409	0.9806	1
Cell127	Adipocyte	0.143	0.5005	1
Cell128	Epithelial	0.0591	0.11	1
Cell129	Epithelial	0.2941	0.2134	1
Cell130	Adipocyte	0.2885	0.6213	1
Cell131	Epithelial	0.0948	0.5361	1
Cell132	Epithelial	0.0458	0.8488	1
Cell133	Epithelial	0.1929	0.2883	1
Cell134	Epithelial	0.0055	0.0334	1
Cell135	Adipocyte	0.3244	0.9238	1
Cell136	Epithelial	0.3183	0.9902	1
Cell137	Fibroblast	0.2604	0.4858	1
Cell138	Adipocyte	0.1323	0.1844	1
Cell139	Endothelial	0.8242	0.9775	1
Cell140	Adipocyte	0.2873	0.1866	1
Cell141	Immune	0.0608	0.815	1
Cell142	Adipocyte	0.261	0.631	1
Cell143	Endothelial	0.1721	0.1007	1
Cell144	Endothelial	0.5078	0.9295	1
Cell145	Immune	0.6104	0.7354	1
Cell146	Adipocyte	0.2028	0.7261	1
Cell147	Endothelial	0.2279	0.5331	1
Cell148	Immune	0.3263	0.1679	1
Cell149	Adipocyte	0.0381	0.8307	1
Cell150	Epithelial	0.3961	0.5419	1
Cell151	Fibroblast	0.0967	0.7019	1
Cell152	Epithelial	0.2527	0.8061	1
Cell153	Epithelial	0.0766	0.6675	1
Cell154	Epithelial	0.0144	0.2149	1
Cell155	Adipocyte	0.3175	0.2335	1
Cell156	Fibroblast	0.0788	0.3098	1
Cell157	Endothelial	0.0248	0.976	1
Cell158	Adipocyte	0.545	0.6964	1
Cell159	Epithelial	0.4617	0.6671	1
Cell160	Endothelial	0.6382	0.9574	1
Cell161	Epithelial	0.0358	0.1957	1
Cell162	Epithelial	0.5414	0.982	1
Cell163	Epithelial	0.0935	0.4229	1
Cell164	Fibroblast	0.3987	0.8038	1
Cell165	Epithelial	0.4828	0.6597	1
Cell166	Adipocyte	0.0424	0.2659	1
Cell167	Adipocyte	0.4842	0.6697	1
Cell168	Epithelial	0.2904	0.3627	1
Cell169	Fibroblast	0.1058	0.5143	1
Cell170	Fibroblast	0.47	0.5713	1
Cell171	Epithelial	0.3554	0.611	1
Cell172	Adipocyte	0.4819	0.59	1
Cell173	Endothelial	0.0935	0.9018	1
Cell174	Fibroblast	0.3434	0.3511	1
Cell175	Epithelial	0.3962	0.634	1
Cell176	Fibroblast	0.229	0.7092	1
Cell177	Adipocyte	0.2272	0.2093	1
Cell178	Epithelial	0.8154	0.9299	1
Cell179	Adipocyte	0.4629	0.858	1
Cell180	Epithelial	0.538	0.7704	1
Cell181	Endothelial	0.1188	0.3987	1
Cell182	Epithelial	0.5573	0.9089	1
Cell183	Fibroblast	0.5501	0.9151	1
Cell184	Adipocyte	0.5743	0.7633	1
Cell185	Epithelial	0.1116	0.6922	1
Cell186	Epithelial	0.1382	0.9745	1
Cell187	Epithelial	0.5118	0.6853	1
Cell188	Epithelial	0.1494	0.8378	1
Cell189	Fibroblast	0.1498	0.468	1
Cell190	Epithelial	0.1203	0.512	1
Cell191	Epithelial	0.0753	0.3681	1
Cell192	Fibroblast	0.5538	0.9819	1
Cell193	Adipocyte	0.1184	0.1699	1
Cell194	Fibroblast	0.6245	0.8168	1
Cell195	Epithelial	0.3979	0.5951	1
Cell196	Endothelial	0.041	0.6223	1
Cell197	Fibroblast	0.4991	0.5761	1
Cell198	Adipocyte	0.0235	0.123	1
Cell199	Epithelial	0.0529	0.9358	1
Cell200	Adipocyte	0.312	0.6921	1
Cell201	Adipocyte	0.1913	0.9263	1
Cell202	Adipocyte	0.2776	0.4693	1
Cell203	Epithelial	0.0313	0.3519	1
Cell204	Fibroblast	0.2816	0.983	1
Cell205	Endothelial	0.3361	0.3789	1
Cell206	Epithelial	0.015	0.3647	1
Cell207	Immune	0.026	0.1685	1
Cell208	Adipocyte	0.21	0.7314	1
Cell209	Fibroblast	0.0773	0.2308	1
Cell210	Adipocyte	0.054	0.1989	1
Cell211	Endothelial	0.3627	0.9556	1
Cell212	Adipocyte	0.6783	0.9634	1
Cell213	Epithelial	0.0498	0.3975	1
Cell214	Epithelial	0.3698	0.8521	1
Cell215	Endothelial	0.3812	0.8906	1
Cell216	Fibroblast	0.4787	0.9017	1
Cell217	Adipocyte	0.0861	0.5349	1
Cell218	Adipocyte	0.0103	0.0864	1
Cell219	Fibroblast	0.3406	0.5261	1
Cell220	Epithelial	0.132	0.7017	1
Cell221	Epithelial	0.0511	0.1436	1
Cell222	Adipocyte	0.6226	0.835	1
Cell223	Epithelial	0.1938	0.1591	1
Cell224	Adipocyte	0.2717	0.7282	1
Cell225	Endothelial	0.192	0.378	1
Cell226	Epithelial	0.0906	0.9944	1
Cell227	Endothelial	0.7798	0.9721	1
Cell228	Adipocyte	0.0502	0.0284	1
Cell229	Immune	0.1298	0.6978	1
Cell230	Epithelial	0.3454	0.6304	1
Cell231	Adipocyte	0.5083	0.7157	1
Cell232	Epithelial	0.2902	0.4567	1
Cell233	Adipocyte	0.2382	0.5233	1
Cell234	Epithelial	0.2982	0.6218	1
Cell235	Adipocyte	0.2283	0.4211	1
Cell236	Adipocyte	0.1811	0.7926	1
Cell237	Epithelial	0.6012	0.9358	1
Cell238	Epithelial	0.2144	0.7938	1
Cell239	Epithelial	0.6479	0.6584	1
Cell240	Fibroblast	0.111	0.7553	1
Cell241	Fibroblast	0.2775	0.1201	1
Cell242	Adipocyte	0.0461	0.5347	1
Cell243	Adipocyte	0.1895	0.2416	1
Cell244	Epithelial	0.0195	0.0941	1
Cell245	Epithelial	0.357	0.4555	1
Cell246	Immune	0.3189	0.6562	1
Cell247	Adipocyte	0.1091	0.5204	1
Cell248	Epithelial	0.4976	0.7734	1
Cell249	Endothelial	0.157	0.6385	1
Cell250	Epithelial	0.3448	0.4504	1
Cell251	Immune	0.8101	0.9741	1
Cell252	Fibroblast	0.0759	0.0952	1
Cell253	Fibroblast	0.772	0.9767	1
Cell254	Adipocyte	0.4004	0.4785	1
Cell255	Epithelial	0.3337	0.5421	1
Cell256	Adipocyte	0.5395	0.898	1
Cell257	Epithelial	0.2434	0.3564	1
Cell258	Epithelial	0.0852	0.3833	1
Cell259	Adipocyte	0.6425	0.9111	1
Cell260	Endothelial	0.1751	0.2959	1
Cell261	Adipocyte	0.055	0.8115	1
Cell262	Fibroblast	0.5378	0.6788	1
Cell263	Epithelial	0.3329	0.6569	1
Cell264	Epithelial	0.0386	0.9852	1
Cell265	Fibroblast	0.6688	0.9334	1
Cell266	Adipocyte	0.3209	0.5343	1
Cell267	Adipocyte	0.837	0.9016	1
Cell268	Fibroblast	0.3198	0.5459	1
Cell269	Fibroblast	0.1193	0.4426	1
Cell270	Adipocyte	0.4172	0.501	1
Cell271	Epithelial	0.1319	0.6322	1
Cell272	Epithelial	0.0565	0.1506	1
Cell273	Adipocyte	0.1869	0.7704	1
Cell274	Epithelial	0.769	0.9845	1
Cell275	Epithelial	0.0752	0.2069	1
Cell276	Epithelial	0.1105	0.5752	1
Cell277	Muscle	0.5636	0.939	1
Cell278	Epithelial	0.0582	0.3569	1
Cell279	Epithelial	0.1343	0.733	1
Cell280	Epithelial	0.0089	0.0042	1
Cell281	Fibroblast	0.0476	0.4091	1
Cell282	Fibroblast	0.2648	0.96	1
Cell283	Epithelial	0.3888	0.4724	1
Cell284	Epithelial	0.1345	0.8434	1
Cell285	Fibroblast	0.5877	0.9039	1
Cell286	Endothelial	0.2637	0.7144	1
Cell287	Fibroblast	0.2555	0.1359	1
Cell288	Adipocyte	0.4659	0.7244	1
Cell289	Adipocyte	0.6708	0.8798	1
Cell290	Adipocyte	0.4755	0.7467	1
Cell291	Epithelial	0.1155	0.4386	1
Cell292	Endothelial	0.5151	0.9736	1
Cell293	Fibroblast	0.36870000000000003	0.3947	1
Cell294	Fibroblast	0.3357	0.3266	1
Cell295	Endothelial	0.6007	0.8179	1
Cell296	Fibroblast	0.0461	0.752	1
Cell297	Adipocyte	0.6732	0.7753	1
Cell298	Epithelial	0.1916	0.2631	1
Cell299	Adipocyte	0.0389	0.8154	1
Cell300	Endothelial	0.0208	0.8966	1
Cell301	Epithelial	0.3317	0.7144	1
Cell302	Fibroblast	0.1871	0.4503	1
Cell303	Epithelial	0.4781	0.5133	1
Cell304	Adipocyte	0.6648	0.9547	1
Cell305	Epithelial	0.3263	0.2536	1
Cell306	Fibroblast	0.0653	0.3086	1
Cell307	Adipocyte	0.1121	0.8863	1
Cell308	Muscle	0.2349	0.3797	1
Cell309	Endothelial	0.1147	0.8864	1
Cell310	Endothelial	0.6603	0.9532	1
Cell311	Endothelial	0.1856	0.2379	1
Cell312	Adipocyte	0.0452	0.2626	1
Cell313	Adipocyte	0.2608	0.2038	1
Cell314	Epithelial	0.1461	0.0853	1
Cell315	Endothelial	0.192	0.2273	1
Cell316	Endothelial	0.481	0.9278	1
Cell317	Endothelial	0.024	0.203	1
Cell318	Epithelial	0.4475	0.6118	1
Cell319	Epithelial	0.5478	0.7706	1
Cell320	Epithelial	0.4436	0.699	1
Cell321	Adipocyte	0.2304	0.1503	1
Cell322	Fibroblast	0.7659	0.9757	1
Cell323	Epithelial	0.5156	0.9903	1
Cell324	Adipocyte	0.437	0.8087	1
Cell325	Epithelial	0.6181	0.9367	1
Cell326	Adipocyte	0.5856	0.8637	1
Cell327	Epithelial	0.1434	0.6694	1
Cell328	Epithelial	0.4087	0.5996	1
Cell329	Endothelial	0.219	0.6585	1
Cell330	Epithelial	0.612	0.7041	1
Cell331	Fibroblast	0.4549	0.6527	1
Cell332	Epithelial	0.1889	0.2776	1
Cell333	Adipocyte	0.1132	0.9781	1
Cell334	Epithelial	0.2703	0.5381	1
Cell335	Epithelial	0.3831	0.6338	1
Cell336	Adipocyte	0.0565	0.3956	1
Cell337	Adipocyte	0.3668	0.7525	1
Cell338	Epithelial	0.5654	0.942	1
Cell339	Adipocyte	0.0301	0.966	1
Cell340	Endothelial	0.0772	0.3952	1
Cell341	Adipocyte	0.0661	0.3534	1
Cell342	Adipocyte	0.2272	0.4068	1
Cell343	Epithelial	0.2077	0.235	1
Cell344	Epithelial	0.1138	0.0134	1
Cell345	Epithelial	0.0598	0.5181	1
Cell346	Adipocyte	0.6754	0.9548	1
Cell347	Endothelial	0.2423	0.9992	1
Cell348	Epithelial	0.0306	0.0206	1
Cell349	Fibroblast	0.4413	0.6352	1
Cell350	Epithelial	0.2177	0.6451	1
Cell351	Epithelial	0.4208	0.5471	1
Cell352	Epithelial	0.1117	0.9362	1
Cell353	Fibroblast	0.2155	0.6695	1
Cell354	Fibroblast	0.5565	0.9436	1
Cell355	Adipocyte	0.0094	0.3889	1
Cell356	Fibroblast	0.2377	0.2806	1
Cell357	Epithelial	0.5634	0.8213	1
Cell358	Epithelial	0.4827	0.8819	1
Cell359	Epithelial	0.272	0.7274	1
Cell360	Epithelial	0.026	0.6095	1
Cell361	Adipocyte	0.1838	0.5807	1
Cell362	Endothelial	0.206	0.6719	1
Cell363	Epithelial	0.3626	0.6921	1
Cell364	Adipocyte	0.2367	0.8535	1
Cell365	Muscle	0.098	0.4639	1
Cell366	Epithelial	0.1896	0.5382	1
Cell367	Epithelial	0.2363	0.6538	1
Cell368	Adipocyte	0.1177	0.6875	1
Cell369	Adipocyte	0.3192	0.1694	1
Cell370	Immune	0.3427	0.7518	1
Cell371	Fibroblast	0.6116	0.7781	1
Cell372	Epithelial	0.2361	0.5907	1
Cell373	Endothelial	0.0479	0.1192	1
Cell374	Epithelial	0.1107	0.9379	1
Cell375	Epithelial	0.624	0.899	1
Cell376	Epithelial	0.2851	0.8495	1
Cell377	Fibroblast	0.2355	0.609	1
Cell378	Epithelial	0.4492	0.6748	1
Cell379	Adipocyte	0.1939	0.1664	1
Cell380	Fibroblast	0.6653	0.808	1
Cell381	Epithelial	0.5941	0.7835	1
Cell382	Adipocyte	0.7859	0.9325	1
Cell383	Fibroblast	0.1212	0.5013	1
Cell384	Endothelial	0.5873	0.736	1
Cell385	Endothelial	0.2835	0.6585	1
Cell386	Immune	0.3709	0.7939	1
Cell387	Immune	0.0973	0.1184	1
Cell388	Epithelial	0.5217	0.8878	1
Cell389	Adipocyte	0.2475	0.884	1
Cell390	Muscle	0.4999	0.9488	1
Cell391	Endothelial	0.2181	0.2957	1
Cell392	Adipocyte	0.2157	0.1934	1
Cell393	Adipocyte	0.4896	0.8557	1
Cell394	Fibroblast	0.1311	0.4097	1
Cell395	Fibroblast	0.0545	0.2343	1
Cell396	Fibroblast	0.3344	0.7796	1
Cell397	Immune	0.4228	0.6502	1
Cell398	Fibroblast	0.6669	0.8018	1
Cell399	Fibroblast	0.0199	0.8279	1
Cell400	Adipocyte	0.1002	0.024	1
Cell401	Fibroblast	0.0666	0.8622	1
Cell402	Adipocyte	0.2223	0.6812	1
Cell403	Epithelial	0.3221	0.8627	1
Cell404	Adipocyte	0.4651	0.6827	1
Cell405	Fibroblast	0.4736	0.8468	1
Cell406	Epithelial	0.2726	0.1054	1
Cell407	Adipocyte	0.3988	0.4286	1
Cell408	Adipocyte	0.1303	0.5306	1
Cell409	Epithelial	0.4875	0.8429	1
Cell410	Adipocyte	0.8463	0.9714	1
Cell411	Epithelial	0.4862	0.6329	1
Cell412	Epithelial	0.0519	0.4885	1
Cell413	Epithelial	0.3599	0.4778	1
Cell414	Endothelial	0.2017	0.8758	1
Cell415	Fibroblast	0.1979	0.794	1
Cell416	Endothelial	0.4447	0.5641	1
Cell417	Endothelial	0.0366	0.0849	1
Cell418	Fibroblast	0.5672	0.7785	1
Cell419	Epithelial	0.4467	0.6917	1
Cell420	Epithelial	0.1919	0.6162	1
Cell421	Endothelial	0.1923	0.8619	1
Cell422	Epithelial	0.1765	0.5246	1
Cell423	Fibroblast	0.5927	0.8878	1
Cell424	Epithelial	0.2729	0.6586	1
Cell425	Epithelial	0.2001	0.8738	1
Cell426	Epithelial	0.3417	0.8159	1
Cell427	Epithelial	0.475	0.9834	1
Cell428	Adipocyte	0.5552	0.8114	1
Cell429	Muscle	0.6285	0.9553	1
Cell430	Fibroblast	0.5453	0.923	1
Cell431	Endothelial	0.5536	0.7993	1
Cell432	Adipocyte	0.1583	0.1372	1
Cell433	Adipocyte	0.0212	0.3873	1
Cell434	Adipocyte	0.1455	0.4857	1
Cell435	Fibroblast	0.1716	0.4808	1
Cell436	Fibroblast	0.4599	0.8116	1
Cell437	Adipocyte	0.3598	0.5558	1
Cell438	Fibroblast	0.5385	0.9467	1
Cell439	Epithelial	0.1798	0.6257	1
Cell440	Epithelial	0.1366	0.9217	1
Cell441	Fibroblast	0.067	0.8295	1
Cell442	Immune	0.0797	0.3166	1
Cell443	Epithelial	0.1076	0.3128	1
Cell444	Adipocyte	0.8367	0.922	1
Cell445	Epithelial	0.1297	0.5253	1
Cell446	Adipocyte	0.0066	0.0338	1
Cell447	Epithelial	0.5496	0.6283	1
Cell448	Adipocyte	0.1607	0.2264	1
Cell449	Adipocyte	0.625	0.8231	1
Cell450	Endothelial	0.7426	0.881	1
Cell451	Fibroblast	0.0023	0.5059	1
Cell452	Epithelial	0.1961	0.7558	1
Cell453	Epithelial	0.6397	0.9752	1
Cell454	Epithelial	0.6182	0.8971	1
Cell455	Endothelial	0.0613	0.12	1
Cell456	Epithelial	0.0152	0.125	1
Cell457	Epithelial	0.8287	0.9553	1
Cell458	Fibroblast	0.1125	0.6157	1
Cell459	Epithelial	0.1299	0.5511	1
Cell460	Epithelial	0.0786	0.316	1
Cell461	Epithelial	0.4506	0.5428	1
Cell462	Immune	0.3233	0.1823	1
Cell463	Epithelial	0.0176	0.756	1
Cell464	Muscle	0.5175	0.682	1
Cell465	Adipocyte	0.1411	0.2317	1
Cell466	Epithelial	0.3353	0.8721	1
Cell467	Fibroblast	0.3154	0.8302	1
Cell468	Immune	0.333	0.8116	1
Cell469	Adipocyte	0.5962	0.8105	1
Cell470	Epithelial	0.1874	0.5179	1
Cell471	Epithelial	0.008	0.9327	1
Cell472	Epithelial	0.1005	0.6648	1
Cell473	Immune	0.4014	0.935	1
Cell474	Epithelial	0.4843	0.6422	1
Cell475	Adipocyte	0.5703	0.7162	1
Cell476	Muscle	0.0952	0.3348	1
Cell477	Adipocyte	0.3478	0.2928	1
Cell478	Epithelial	0.0619	0.6646	1
Cell479	Adipocyte	0.3916	0.7708	1
Cell480	Fibroblast	0.24	0.5783	1
Cell481	Adipocyte	0.0012	0.492	1
Cell482	Fibroblast	0.2972	0.1721	1
Cell483	Endothelial	0.4201	0.7298	1
Cell484	Muscle	0.0222	0.5338	1
Cell485	Epithelial	0.6666	0.7899	1
Cell486	Adipocyte	0.5562	0.7489	1
Cell487	Epithelial	0.2096	0.1087	1
Cell488	Epithelial	0.2927	0.2717	1
Cell489	Epithelial	0.0981	0.1502	1
Cell490	Immune	0.1048	0.6721	1
Cell491	Adipocyte	0.704	0.911	1
Cell492	Epithelial	0.1659	0.9149	1
Cell493	Fibroblast	0.3482	0.4897	1
Cell494	Fibroblast	0.0528	0.2998	1
Cell495	Immune	0.0571	0.9768	1
Cell496	Adipocyte	0.3031	0.4048	1
Cell497	Epithelial	0.4023	0.525	1
Cell498	Adipocyte	0.2123	0.8837	1
Cell499	Adipocyte	0.0016	0.0021	1
Cell500	Muscle	0.017	0.0924	1
Cell501	Adipocyte	0.435	0.9111	1
Cell502	Muscle	0.1917	0.3725	1
Cell503	Adipocyte	0.5023	0.9364	1
Cell504	Adipocyte	0.0763	0.1837	1
Cell505	Epithelial	0.4865	0.5407	1
Cell506	Adipocyte	0.207	0.1171	1
Cell507	Epithelial	0.2944	0.216	1
Cell508	Endothelial	0.0246	0.0532	1
Cell509	Endothelial	0.1656	0.947	1
Cell510	Epithelial	0.3455	0.5009	1
Cell511	Epithelial	0.331	0.5027	1
Cell512	Adipocyte	0.237	0.9563	1
Cell513	Fibroblast	0.1775	0.1855	1
Cell514	Epithelial	0.0531	0.2278	1
Cell515	Adipocyte	0.1736	0.423	1
Cell516	Epithelial	0.0334	0.8617	1
Cell517	Endothelial	0.6266	0.7162	1
Cell518	Epithelial	0.4252	0.6306	1
Cell519	Adipocyte	0.5148	0.6258	1
Cell520	Muscle	0.0789	0.0023	1
Cell521	Epithelial	0.1669	0.1554	1
Cell522	Epithelial	0.1079	0.6022	1
Cell523	Fibroblast	0.3468	0.6008	1
Cell524	Adipocyte	0.2266	0.3252	1
Cell525	Epithelial	0.465	0.5166	1
Cell526	Epithelial	0.5423	0.7086	1
Cell527	Adipocyte	0.5373	0.9083	1
Cell528	Endothelial	0.7823	0.9339	1
Cell529	Fibroblast	0.2021	0.6013	1
Cell530	Epithelial	0.1382	0.4231	1
Cell531	Endothelial	0.4331	0.6116	1
Cell532	Epithelial	0.438	0.5197	1
Cell533	Muscle	0.1783	0.5502	1
Cell534	Adipocyte	0.5627	0.8511	1
Cell535	Epithelial	0.0906	0.623	1
Cell536	Endothelial	0.1914	0.9625	1
Cell537	Epithelial	0.1598	0.9297	1
Cell538	Adipocyte	0.4049	0.6497	1
Cell539	Adipocyte	0.1123	0.9758	1
Cell540	Immune	0.2231	0.412	1
Cell541	Epithelial	0.1922	0.5788	1
Cell542	Epithelial	0.6842	0.973	1
Cell543	Adipocyte	0.1529	0.794	1
Cell544	Fibroblast	0.2782	0.7527	1
Cell545	Adipocyte	0.1814	0.8158	1
Cell546	Adipocyte	0.354	0.7467	1
Cell547	Endothelial	0.3584	0.5446	1
Cell548	Epithelial	0.293	0.7903	1
Cell549	Epithelial	0.2264	0.8993	1
Cell550	Epithelial	0.1992	0.7382	1
Cell551	Fibroblast	0.466	0.5906	1
Cell552	Epithelial	0.5237	0.8097	1
Cell553	Adipocyte	0.0545	0.6223	1
Cell554	Adipocyte	0.4414	0.9812	1
Cell555	Epithelial	0.6178	0.7915	1
Cell556	Endothelial	0.5958	0.9024	1
Cell557	Epithelial	0.2463	0.1276	1
Cell558	Fibroblast	0.1248	0.6325	1
Cell559	Endothelial	0.4325	0.9943	1
Cell560	Adipocyte	0.0745	0.3294	1
Cell561	Immune	0.2787	0.7713	1
Cell562	Fibroblast	0.0979	0.2615	1
Cell563	Epithelial	0.7945	0.9797	1
Cell564	Adipocyte	0.6082	0.8816	1
Cell565	Fibroblast	0.2682	0.6194	1
Cell566	Epithelial	0.4227	0.7862	1
Cell567	Epithelial	0.5873	0.7065	1
Cell568	Adipocyte	0.4325	0.6272	1
Cell569	Epithelial	0.2882	0.8309	1
Cell570	Adipocyte	0.6267	0.9589	1
Cell571	Immune	0.0478	0.4947	1
Cell572	Adipocyte	0.1113	0.5737	1
Cell573	Adipocyte	0.1521	0.1202	1
Cell574	Epithelial	0.0798	0.703	1
Cell575	Fibroblast	0.4418	0.5352	1
Cell576	Epithelial	0.4591	0.7473	1
Cell577	Endothelial	0.0508	0.432	1
Cell578	Epithelial	0.2548	0.8969	1
Cell579	Immune	0.5023	0.7488	1
Cell580	Adipocyte	0.7297	0.9938	1
Cell581	Fibroblast	0.5588	0.7144	1
Cell582	Epithelial	0.0091	0.6448	1
Cell583	Adipocyte	0.0148	0.9164	1
Cell584	Adipocyte	0.4681	0.5979	1
Cell585	Epithelial	0.0159	0.1274	1
Cell586	Epithelial	0.2539	0.933	1
Cell587	Adipocyte	0.2165	0.9261	1
Cell588	Epithelial	0.7013	0.8085	1
Cell589	Adipocyte	0.1058	0.2066	1
Cell590	Adipocyte	0.0413	0.7664	1
Cell591	Adipocyte	0.2297	0.1601	1
Cell592	Fibroblast	0.2426	0.4378	1
Cell593	Epithelial	0.0415	0.8276	1
Cell594	Immune	0.2683	0.7475	1
Cell595	Immune	0.2009	0.7168	1
Cell596	Fibroblast	0.1273	0.0788	1
Cell597	Epithelial	0.0558	0.6464	1
Cell598	Endothelial	0.5082	0.6075	1
Cell599	Adipocyte	0.2434	0.5677	1
Cell600	Epithelial	0.4236	0.6885	1
Cell601	Epithelial	0.4906	0.8101	1
Cell602	Epithelial	0.2398	0.8134	1
Cell603	Immune	0.2403	0.2694	1
Cell604	Epithelial	0.0414	0.1385	1
Cell605	Epithelial	0.2351	0.2001	1
Cell606	Epithelial	0.5963	0.888	1
Cell607	Fibroblast	0.1211	0.86240000000000006	1
Cell608	Epithelial	0.5639	0.9263	1
Cell609	Adipocyte	0.641	0.9568	1
Cell610	Fibroblast	0.4492	0.8543	1
Cell611	Adipocyte	0.4215	0.4629	1
Cell612	Fibroblast	0.2522	0.543	1
Cell613	Endothelial	0.3456	0.4534	1
Cell614	Epithelial	0.1014	0.2501	1
Cell615	Epithelial	0.7889	0.9062	1
Cell616	Adipocyte	0.5476	0.9088	1
Cell617	Endothelial	0.7551	0.9196	1
Cell618	Muscle	0.1023	0.0229	1
Cell619	Epithelial	0.1885	0.9472	1
Cell620	Epithelial	0.5598	0.7343	1
Cell621	Epithelial	0.1337	0.7626	1
Cell622	Adipocyte	0.4858	0.8112	1
Cell623	Adipocyte	0.0233	0.3906	1
Cell624	Adipocyte	0.3896	0.6699	1
Cell625	Adipocyte	0.1708	0.3242	1
Cell626	Epithelial	0.0429	0.9453	1
Cell627	Epithelial	0.3752	0.6826	1
Cell628	Fibroblast	0.7525	0.9947	1
Cell629	Epithelial	0.4162	0.9973	1
Cell630	Epithelial	0.6096	0.7216	1
Cell631	Adipocyte	0.3259	0.3742	1
Cell632	Endothelial	0.6452	0.6733	1
Cell633	Epithelial	0.1198	0.1623	1
Cell634	Adipocyte	0.0154	0.9741	1
Cell635	Endothelial	0.2203	0.5807	1
Cell636	Adipocyte	0.0308	0.1895	1
Cell637	Epithelial	0.4974	0.7066	1
Cell638	Adipocyte	0.4371	0.5769	1
Cell639	Epithelial	0.0623	0.6656	1
Cell640	Epithelial	0.3407	0.4633	1
Cell641	Adipocyte	0.0012	0.9724	1
Cell642	Epithelial	0.3514	0.8954	1
Cell643	Fibroblast	0.5016	0.603	1
Cell644	Adipocyte	0.1933	0.5692	1
Cell645	Immune	0.666	0.9663	1
Cell646	Adipocyte	0.1046	0.3761	1
Cell647	Adipocyte	0.2556	0.1651	1
Cell648	Adipocyte	0.0105	0.5821	1
Cell649	Fibroblast	0.1947	0.6518	1
Cell650	Epithelial	0.2085	0.6235	1
Cell651	Fibroblast	0.1783	0.3261	1
Cell652	Epithelial	0.5679	0.7464	1
Cell653	Endothelial	0.1212	0.4713	1
Cell654	Epithelial	0.122	0.8722	1
Cell655	Adipocyte	0.2133	0.6053	1
Cell656	Epithelial	0.3907	0.532	1
Cell657	Adipocyte	0.7017	0.8061	1
Cell658	Adipocyte	0.3974	0.5201	1
Cell659	Fibroblast	0.2847	0.7059	1
Cell660	Adipocyte	0.4983	0.9782	1
Cell661	Endothelial	0.4158	0.5114	1
Cell662	Adipocyte	0.2246	0.2258	1
Cell663	Adipocyte	0.1632	0.6318	1
Cell664	Adipocyte	0.1487	0.143	1
Cell665	Adipocyte	0.3442	0.5714	1
Cell666	Endothelial	0.2523	0.1994	1
Cell667	Adipocyte	0.1524	0.4947	1
Cell668	Adipocyte	0.2103	0.4751	1
Cell669	Endothelial	0.5115	0.8503	1
Cell670	Epithelial	0.2104	0.6219	1
Cell671	Epithelial	0.0686	0.826	1
Cell672	Epithelial	0.1559	0.6683	1
Cell673	Adipocyte	0.2139	0.9067	1
Cell674	Fibroblast	0.0158	0.3139	1
Cell675	Adipocyte	0.533	0.9626	1
Cell676	Adipocyte	0.0497	0.5568	1
Cell677	Epithelial	0.0975	0.698	1
Cell678	Endothelial	0.0424	0.3357	1
Cell679	Adipocyte	0.5259	0.8655	1
Cell680	Epithelial	0.4127	0.5978	1
Cell681	Muscle	0.1523	0.5618	1
Cell682	Epithelial	0.0631	0.8714	1
Cell683	Epithelial	0.3309	0.1875	1
Cell684	Epithelial	0.0864	0.358	1
Cell685	Adipocyte	0.185	0.885	1
Cell686	Adipocyte	0.7396	0.8623	1
Cell687	Epithelial	0.3605	0.64	1
Cell688	Fibroblast	0.0887	0.6417	1
Cell689	Immune	0.3163	0.2711	1
Cell690	Epithelial	0.5696	0.8315	1
Cell691	Epithelial	0.5727	0.706	1
Cell692	Adipocyte	0.6507	0.985	1
Cell693	Epithelial	0.3815	0.5289	1
Cell694	Adipocyte	0.3122	0.7639	1
Cell695	Adipocyte	0.1698	0.3177	1
Cell696	Adipocyte	0.2579	0.2528	1
Cell697	Epithelial	0.2447	0.764	1
Cell698	Fibroblast	0.5121	0.9556	1
Cell699	Endothelial	0.0173	0.3804	1
Cell700	Epithelial	0.0202	0.0474	1
Cell701	Fibroblast	0.1507	0.8867	1
Cell702	Epithelial	0.0706	0.6587	1
Cell703	Adipocyte	0.0433	0.77	1
Cell704	Epithelial	0.3232	0.3846	1
Cell705	Adipocyte	0.0689	0.7325	1
Cell706	Adipocyte	0.1552	0.5934	1
Cell707	Adipocyte	0.2231	0.5516	1
Cell708	Epithelial	0.1318	0.3966	1
Cell709	Epithelial	0.6465	0.7279	1
Cell710	Epithelial	0.4125	0.9831	1
Cell711	Epithelial	0.1855	0.6598	1
Cell712	Endothelial	0.1325	0.588	1
Cell713	Epithelial	0.1851	0.8134	1
Cell714	Epithelial	0.143	0.0203	1
Cell715	Adipocyte	0.3439	0.3298	1
Cell716	Fibroblast	0.079	0.3476	1
Cell717	Adipocyte	0.4423	0.9035	1
Cell718	Epithelial	0.3215	0.6929	1
Cell719	Epithelial	0.0146	0.3018	1
Cell720	Epithelial	0.3649	0.7443	1
Cell721	Endothelial	0.0757	0.9463	1
Cell722	Adipocyte	0.0386	0.8025	1
Cell723	Epithelial	0.5212	0.985	1
Cell724	Epithelial	0.8005	0.9708	1
Cell725	Epithelial	0.2727	0.8147	1
Cell726	Fibroblast	0.0591	0.6957	1
Cell727	Epithelial	0.7132	0.8556	1
Cell728	Epithelial	0.7443	0.816	1
Cell729	Epithelial	0.2008	0.2367	1
Cell730	Endothelial	0.2425	0.1943	1
Cell731	Adipocyte	0.5502	0.6543	1
Cell732	Epithelial	0.3382	0.5416	1
Cell733	Fibroblast	0.1647	0.1594	1
Cell734	Epithelial	0.1067	0.2536	1
Cell735	Adipocyte	0.1496	0.1369	1
Cell736	Epithelial	0.4226	0.688	1
Cell737	Epithelial	0.0911	0.0228	1
Cell738	Epithelial	0.3873	0.5609	1
Cell739	Fibroblast	0.5201	0.6792	1
Cell740	Adipocyte	0.7113	0.8935	1
Cell741	Epithelial	0.4457	0.4971	1
Cell742	Adipocyte	0.2384	0.6696	1
Cell743	Immune	0.0924	0.4589	1
Cell744	Epithelial	0.0744	0.6307	1
Cell745	Epithelial	0.3087	0.7027	1
Cell746	Adipocyte	0.2891	0.13	1
Cell747	Adipocyte	0.4832	0.8176	1
Cell748	Adipocyte	0.6902	0.8319	1
Cell749	Fibroblast	0.165	0.8273	1
Cell750	Adipocyte	0.1074	0.222	1
Cell751	Epithelial	0.5224	0.6444	1
Cell752	Endothelial	0.2341	0.3949	1
Cell753	Adipocyte	0.0774	0.8164	1
Cell754	Epithelial	0.1995	0.8627	1
Cell755	Adipocyte	0.029	0.5182	1
Cell756	Adipocyte	0.4398	0.7559	1
Cell757	Adipocyte	0.258	0.7768	1
Cell758	Immune	0.145	0.9321	1
Cell759	Adipocyte	0.4354	0.9961	1
Cell760	Endothelial	0.3065	0.619	1
Cell761	Epithelial	0.2853	0.3522	1
Cell762	Epithelial	0.009	0.4999	1
Cell763	Endothelial	0.3718	0.4929	1
Cell764	Epithelial	0.6132	0.6935	1
Cell765	Endothelial	0.6388	0.9716	1
Cell766	Fibroblast	0.2704	0.74	1
Cell767	Endothelial	0.5758	0.8231	1
Cell768	Fibroblast	0.5988	0.9808	1
Cell769	Epithelial	0.3551	0.5072	1
Cell770	Epithelial	0.1798	0.4973	1
Cell771	Immune	0.6997	0.9648	1
Cell772	Adipocyte	0.1465	0.8426	1
Cell773	Adipocyte	0.1715	0.4475	1
Cell774	Adipocyte	0.1673	0.4894	1
Cell775	Epithelial	0.0149	0.1141	1
Cell776	Fibroblast	0.0238	0.7324	1
Cell777	Endothelial	0.439	0.7658	1
Cell778	Adipocyte	0.2053	0.8589	1
Cell779	Adipocyte	0.6538	0.8075	1
Cell780	Endothelial	0.0388	0.2428	1
Cell781	Endothelial	0.2433	0.5879	1
Cell782	Adipocyte	0.1932	0.9613	1
Cell783	Endothelial	0.2735	0.1544	1
Cell784	Immune	0.279	0.9325	1
Cell785	Epithelial	0.4148	0.8955	1
Cell786	Endothelial	0.1766	0.9497	1
Cell787	Epithelial	0.1142	0.7855	1
Cell788	Adipocyte	0.2204	0.7497	1
Cell789	Epithelial	0.7479	0.9246	1
Cell790	Epithelial	0.0029	0.1068	1
Cell791	Epithelial	0.5626	0.7517	1
Cell792	Endothelial	0.7053	0.9903	1
Cell793	Epithelial	0.1222	0.807	1
Cell794	Adipocyte	0.6758	0.9051	1
Cell795	Epithelial	0.2248	0.4014	1
Cell796	Adipocyte	0.7772	0.9828	1
Cell797	Adipocyte	0.6236	0.8876	1
Cell798	Fibroblast	0.176	0.1446	1
Cell799	Epithelial	0.0017	0.2804	1
Cell800	Epithelial	0.1632	0.6897	1
Cell801	Epithelial	0.1714	0.4994	1
Cell802	Epithelial	0.4043	0.5634	1
Cell803	Epithelial	0.3029	0.7619	1
Cell804	Adipocyte	0.7064	0.9664	1
Cell805	Epithelial	0.0199	0.5696	1
Cell806	Adipocyte	0.2547	0.2485	1
Cell807	Epithelial	0.1751	0.7644	1
Cell808	Endothelial	0.7278	0.9864	1
Cell809	Endothelial	0.4971	0.7583	1
Cell810	Adipocyte	0.2145	0.8698	1
Cell811	Adipocyte	0.198	0.1222	1
Cell812	Endothelial	0.2451	0.3449	1
Cell813	Adipocyte	0.09	0.5885	1
Cell814	Epithelial	0.3369	0.8388	1
Cell815	Adipocyte	0.1455	0.9688	1
Cell816	Epithelial	0.1085	0.5174	1
Cell817	Epithelial	0.0348	0.6105	1
Cell818	Epithelial	0.0623	0.9786	1
Cell819	Fibroblast	0.3707	0.3587	1
Cell820	Fibroblast	0.034	0.8171	1
Cell821	Epithelial	0.0489	0.1357	1
Cell822	Endothelial	0.7637	0.9594	1
Cell823	Epithelial	0.2467	0.4942	1
Cell824	Epithelial	0.0344	0.4265	1
Cell825	Epithelial	0.7897	0.9906	1
Cell826	Endothelial	0.6191	0.6507	1
Cell827	Epithelial	0.1231	0.2629	1
Cell828	Epithelial	0.5964	0.7755	1
Cell829	Epithelial	0.3136	0.3876	1
Cell830	Adipocyte	0.2488	0.1383	1
Cell831	Adipocyte	0.254	0.3331	1
Cell832	Epithelial	0.1138	0.8192	1
Cell833	Endothelial	0.1569	0.7946	1
Cell834	Epithelial	0.0027	0.1012	1
Cell835	Epithelial	0.0064	0.2313	1
Cell836	Adipocyte	0.1811	0.1164	1
Cell837	Epithelial	0.6044	0.7385	1
Cell838	Adipocyte	0.3601	0.5584	1
Cell839	Epithelial	0.3077	0.788	1
Cell840	Immune	0.6311	0.87	1
Cell841	Epithelial	0.5824	0.7121	1
Cell842	Endothelial	0.4528	0.6487	1
Cell843	Fibroblast	0.6473	0.7003	1
Cell844	Epithelial	0.6748	0.9056	1
Cell845	Adipocyte	0.6885	0.9209	1
Cell846	Adipocyte	0.141	0.0234	1
Cell847	Adipocyte	0.7519	0.9963	1
Cell848	Adipocyte	0.3845	0.5122	1
Cell849	Epithelial	0.0261	0.8552	1
Cell850	Adipocyte	0.3644	0.6583	1
Cell851	Epithelial	0.0564	0.3275	1
Cell852	Muscle	0.373	0.8108	1
Cell853	Adipocyte	0.1512	0.9821	1
Cell854	Epithelial	0.2121	0.632	1
Cell855	Adipocyte	0.746	0.875	1
Cell856	Epithelial	0.1165	0.3162	1
Cell857	Epithelial	0.369	0.7917	1
Cell858	Epithelial	0.1915	0.9973	1
Cell859	Epithelial	0.827	0.9126	1
Cell860	Fibroblast	0.3089	0.8579	1
Cell861	Adipocyte	0.4736	0.8643	1
Cell862	Adipocyte	0.3437	0.3565	1
Cell863	Fibroblast	0.5966	0.8734	1
Cell864	Adipocyte	0.1327	0.8375	1
Cell865	Epithelial	0.139	0.5656	1
Cell866	Endothelial	0.0655	0.4167	1
Cell867	Adipocyte	0.1119	0.415	1
Cell868	Adipocyte	0.1302	0.0584	1
Cell869	Fibroblast	0.1634	0.8158	1
Cell870	Epithelial	0.1592	0.9566	1
Cell871	Epithelial	0.0784	0.585	1
Cell872	Adipocyte	0.7993	0.9505	1
Cell873	Adipocyte	0.1788	0.2483	1
Cell874	Epithelial	0.5758	0.7522	1
Cell875	Epithelial	0.5114	0.9824	1
Cell876	Endothelial	0.6519	0.9685	1
Cell877	Epithelial	0.0898	0.2226	1
Cell878	Endothelial	0.1184	0.5426	1
Cell879	Endothelial	0.5726	0.7778	1
Cell880	Epithelial	0.2178	0.8878	1
Cell881	Epithelial	0.6491	0.9653	1
Cell882	Adipocyte	0.2311	0.9499	1
Cell883	Muscle	0.2341	0.1206	1
Cell884	Epithelial	0.0454	0.5543	1
Cell885	Adipocyte	0.3314	0.4663	1
Cell886	Epithelial	0.308	0.2141	1
Cell887	Immune	0.1167	0.9428	1
Cell888	Epithelial	0.2412	0.4714	1
Cell889	Adipocyte	0.1002	0.5342	1
Cell890	Epithelial	0.1875	0.9792	1
Cell891	Epithelial	0.4909	0.6331	1
Cell892	Epithelial	0.2484	0.798	1
Cell893	Adipocyte	0.175	0.4171	1
Cell894	Epithelial	0.4041	0.8565	1
Cell895	Immune	0.433	0.6395	1
Cell896	Adipocyte	0.2946	0.6381	1
Cell897	Fibroblast	0.012	0.2785	1
Cell898	Fibroblast	0.0198	0.4647	1
Cell899	Fibroblast	0.3416	0.6744	1
Cell900	Epithelial	0.0733	0.9591	1
Cell901	Fibroblast	0.4911	0.6466	1
Cell902	Fibroblast	0.3457	0.719	1
Cell903	Immune	0.2816	0.2594	1
Cell904	Immune	0.2725	0.9891	1
Cell905	Fibroblast	0.2655	0.5091	1
Cell906	Epithelial	0.4394	0.4894	1
Cell907	Epithelial	0.3917	0.4866	1
Cell908	Epithelial	0.1712	0.1457	1
Cell909	Endothelial	0.1621	0.3244	1
Cell910	Fibroblast	0.7638	0.9719	1
Cell911	Epithelial	0.5712	0.6839	1
Cell912	Fibroblast	0.2615	0.8071	1
Cell913	Endothelial	0.2601	0.4381	1
Cell914	Fibroblast	0.0536	0.6299	1
Cell915	Adipocyte	0.5329	0.8152	1
Cell916	Fibroblast	0.4962	0.6203	1
Cell917	Endothelial	0.6157	0.7141	1
Cell918	Adipocyte	0.062	0.3516	1
Cell919	Adipocyte	0.0944	0.7217	1
Cell920	Endothelial	0.3216	0.4385	1
Cell921	Epithelial	0.2009	0.7462	1
Cell922	Adipocyte	0.2872	0.5517	1
Cell923	Adipocyte	0.3299	0.2077	1
Cell924	Adipocyte	0.2677	0.4272	1
Cell925	Epithelial	0.4763	0.6585	1
Cell926	Adipocyte	0.179	0.6017	1
Cell927	Epithelial	0.1251	0.0511	1
Cell928	Fibroblast	0.1209	0.9422	1
Cell929	Epithelial	0.3754	0.8469	1
Cell930	Adipocyte	0.2774	0.543	1
Cell931	Adipocyte	0.3983	0.8122	1
Cell932	Muscle	0.1517	0.6774	1
Cell933	Adipocyte	0.0715	0.4396	1
Cell934	Adipocyte	0.0889	0.6989	1
Cell935	Epithelial	0.1624	0.331	1
Cell936	Adipocyte	0.1874	0.1357	1
Cell937	Epithelial	0.0373	0.8058	1
Cell938	Epithelial	0.6198	0.6778	1
Cell939	Epithelial	0.1396	0.6069	1
Cell940	Epithelial	0.5649	0.6932	1
Cell941	Epithelial	0.6147	0.9271	1
Cell942	Endothelial	0.402	0.8464	1
Cell943	Epithelial	0.4375	0.968	1
Cell944	Epithelial	0.0763	0.4761	1
Cell945	Epithelial	0.2389	0.1948	1
Cell946	Adipocyte	0.344	0.1694	1
Cell947	Endothelial	0.126	0.6543	1
Cell948	Fibroblast	0.3632	0.4351	1
Cell949	Adipocyte	0.0398	0.7419	1
Cell950	Epithelial	0.178	0.3152	1
Cell951	Adipocyte	0.4024	0.991	1
Cell952	Fibroblast	0.1018	0.8784	1
Cell953	Adipocyte	0.0692	0.0442	1
Cell954	Epithelial	0.0824	0.8293	1
Cell955	Epithelial	0.776	0.9877	1
Cell956	Epithelial	0.0038	0.6734	1
Cell957	Epithelial	0.5186	0.9908	1
Cell958	Adipocyte	0.1678	0.4148	1
Cell959	Fibroblast	0.1258	0.6122	1
Cell960	Muscle	0.5127	0.7632	1
Cell961	Epithelial	0.1993	0.8205	1
Cell962	Fibroblast	0.5197	0.86	1
Cell963	Immune	0.1331	0.9038	1
Cell964	Adipocyte	0.2832	0.3194	1
Cell965	Epithelial	0.2463	0.9038	1
Cell966	Endothelial	0.185	0.8794	1
Cell967	Adipocyte	0.1312	0.2848	1
Cell968	Epithelial	0.0887	0.6568	1
Cell969	Endothelial	0.1451	0.8332	1
Cell970	Endothelial	0.0567	0.2069	1
Cell971	Epithelial	0.8495	0.9624	1
Cell972	Endothelial	0.2733	0.623	1
Cell973	Epithelial	0.4808	0.9981	1
Cell974	Adipocyte	0.5318	0.8872	1
Cell975	Adipocyte	0.2415	0.9065	1
Cell976	Epithelial	0.0118	0.2495	1
Cell977	Epithelial	0.1451	0.1417	1
Cell978	Epithelial	0.2214	0.9956	1
Cell979	Epithelial	0.0398	0.0678	1
Cell980	Epithelial	0.4095	0.5993	1
Cell981	Endothelial	0.1914	0.5857	1
Cell982	Adipocyte	0.6132	0.8373	1
Cell983	Epithelial	0.1225	0.4005	1
Cell984	Fibroblast	0.748	0.9647	1
Cell985	Adipocyte	0.1508	0.4548	1
Cell986	Epithelial	0.4152	0.6813	1
Cell987	Epithelial	0.2869	0.9364	1
Cell988	Endothelial	0.4825	0.8575	1
Cell989	Adipocyte	0.0309	0.4816	1
Cell990	Epithelial	0.6985	0.9942	1
Cell991	Adipocyte	0.1689	0.4964	1
Cell992	Epithelial	0.2483	0.6311	1
Cell993	Adipocyte	0.185	0.4134	1
Cell994	Adipocyte	0.3457	0.9248	1
Cell995	Fibroblast	0.251	0.2212	1
Cell996	Epithelial	0.1405	0.4117	1
Cell997	Epithelial	0.4751	0.682	1
Cell998	Epithelial	0.7231	0.8848	1
Cell999	Fibroblast	0.098	0.2753	1
Cell1000	Fibroblast	0.3615	0.4139	1
Cell1001	Epithelial	0.272	0.9691	1
Cell1002	Fibroblast	0.0177	0.8446	1
Cell1003	Epithelial	0.045	0.1073	1
Cell1004	Immune	0.022	0.7476	1
Cell1005	Immune	0.0691	0.5072	1
Cell1006	Epithelial	0.359	0.5006	1
Cell1007	Muscle	0.1517	0.6612	1
Cell1008	Epithelial	0.0321	0.0794	1
Cell1009	Epithelial	0.094	0.1281	1
Cell1010	Fibroblast	0.1658	0.467	1
Cell1011	Muscle	0.1071	0.4722	1
Cell1012	Endothelial	0.5091	0.6994	1
Cell1013	Adipocyte	0.3498	0.5176	1
Cell1014	Muscle	0.364	0.5737	1
Cell1015	Adipocyte	0.1877	0.515	1
Cell1016	Epithelial	0.3809	0.5861	1
Cell1017	Epithelial	0.2548	0.2881	1
Cell1018	Fibroblast	0.4557	0.9579	1
Cell1019	Muscle	0.241	0.2949	1
Cell1020	Epithelial	0.1183	0.7839	1
Cell1021	Epithelial	0.2294	0.3777	1
Cell1022	Epithelial	0.1673	0.246	1
Cell1023	Epithelial	0.3675	0.5462	1
Cell1024	Endothelial	0.4707	0.9316	1
Cell1025	Adipocyte	0.0261	0.1571	1
Cell1026	Adipocyte	0.6853	0.8602	1
Cell1027	Epithelial	0.2537	0.7449	1
Cell1028	Epithelial	0.1396	0.2606	1
Cell1029	Adipocyte	0.102	0.3246	1
Cell1030	Fibroblast	0.0309	0.0167	1
Cell1031	Epithelial	0.1427	0.9976	1
Cell1032	Adipocyte	0.2194	0.1211	1
Cell1033	Epithelial	0.2302	0.4801	1
Cell1034	Endothelial	0.5337	0.8517	1
Cell1035	Epithelial	0.197	0.546	1
Cell1036	Endothelial	0.0741	0.9448	1
Cell1037	Adipocyte	0.2471	0.7477	1
Cell1038	Adipocyte	0.4698	0.9784	1
Cell1039	Epithelial	0.2645	0.4686	1
Cell1040	Adipocyte	0.2026	0.9771	1
Cell1041	Epithelial	0.0307	0.7044	1
Cell1042	Epithelial	0.355	0.7669	1
Cell1043	Epithelial	0.724	0.8377	1
Cell1044	Adipocyte	0.4357	0.5471	1
Cell1045	Epithelial	0.0437	0.967	1
Cell1046	Epithelial	0.4742	0.9263	1
Cell1047	Adipocyte	0.1513	0.8987	1
Cell1048	Fibroblast	0.1278	0.4025	1
Cell1049	Epithelial	0.2063	0.1705	1
Cell1050	Adipocyte	0.6864	0.7956	1
Cell1051	Fibroblast	0.3262	0.9511	1
Cell1052	Epithelial	0.125	0.9975	1
Cell1053	Epithelial	0.0259	0.589	1
Cell1054	Fibroblast	0.2609	0.2679	1
Cell1055	Epithelial	0.552	0.864	1
Cell1056	Adipocyte	0.0647	0.3899	1
Cell1057	Adipocyte	0.4015	0.5278	1
Cell1058	Epithelial	0.2757	0.6563	1
Cell1059	Adipocyte	0.2215	0.7632	1
Cell1060	Adipocyte	0.0682	0.1881	1
Cell1061	Adipocyte	0.2942	0.3981	1
Cell1062	Epithelial	0.3394	0.3866	1
Cell1063	Fibroblast	0.2978	0.9436	1
Cell1064	Epithelial	0.0542	0.3501	1
Cell1065	Adipocyte	0.266	0.985	1
Cell1066	Adipocyte	0.035	0.9102	1
Cell1067	Endothelial	0.6172	0.907	1
Cell1068	Adipocyte	0.1674	0.5864	1
Cell1069	Fibroblast	0.5647	0.9985	1
Cell1070	Immune	0.2992	0.2483	1
Cell1071	Epithelial	0.598	0.6893	1
Cell1072	Adipocyte	0.2577	0.9455	1
Cell1073	Immune	0.7494	0.8354	1
Cell1074	Endothelial	0.4557	0.5544	1
Cell1075	Epithelial	0.0884	0.768	1
Cell1076	Adipocyte	0.4927	0.8507	1
Cell1077	Adipocyte	0.2041	0.6953	1
Cell1078	Epithelial	0.2242	0.4527	1
Cell1079	Adipocyte	0.4211	0.6754	1
Cell1080	Epithelial	0.3703	0.5414	1
Cell1081	Epithelial	0.6268	0.9672	1
Cell1082	Epithelial	0.1796	0.2571	1
Cell1083	Adipocyte	0.0844	0.8351	1
Cell1084	Adipocyte	0.3244	0.2041	1
Cell1085	Adipocyte	0.0058	0.4458	1
Cell1086	Epithelial	0.004	0.4647	1
Cell1087	Epithelial	0.0575	0.3455	1
Cell1088	Adipocyte	0.0305	0.1857	1
Cell1089	Epithelial	0.3061	0.6169	1
Cell1090	Fibroblast	0.6411	0.6926	1
Cell1091	Adipocyte	0.162	0.3857	1
Cell1092	Adipocyte	0.2866	0.4608	1
Cell1093	Epithelial	0.4268	0.9586	1
Cell1094	Adipocyte	0.2924	0.7718	1
Cell1095	Epithelial	0.0074	0.3689	1
Cell1096	Epithelial	0.3323	0.4066	1
Cell1097	Adipocyte	0.14	0.4371	1
Cell1098	Epithelial	0.3658	0.8753	1
Cell1099	Epithelial	0.2645	0.7215	1
Cell1100	Adipocyte	0.0786	0.5441	1
Cell1101	Epithelial	0.2563	0.3737	1
Cell1102	Endothelial	0.1305	0.8203	1
Cell1103	Epithelial	0.1033	0.6896	1
Cell1104	Epithelial	0.4946	0.8885	1
Cell1105	Epithelial	0.4667	0.6261	1
Cell1106	Endothelial	0.0511	0.8677	1
Cell1107	Epithelial	0.4668	0.676	1
Cell1108	Epithelial	0.3344	0.158	1
Cell1109	Epithelial	0.2049	0.2584	1
Cell1110	Epithelial	0.6719	0.7535	1
Cell1111	Endothelial	0.4684	0.6132	1
Cell1112	Endothelial	0.0355	0.9598	1
Cell1113	Endothelial	0.394	0.7502	1
Cell1114	Adipocyte	0.2993	0.5816	1
Cell1115	Adipocyte	0.1916	0.3853	1
Cell1116	Adipocyte	0.5469	0.7817	1
Cell1117	Epithelial	0.0202	0.5791	1
Cell1118	Immune	0.0425	0.6523	1
Cell1119	Epithelial	0.3742	0.7552	1
Cell1120	Adipocyte	0.5935	0.8851	1
Cell1121	Fibroblast	0.5943	0.9465	1
Cell1122	Fibroblast	0.3756	0.4486	1
Cell1123	Endothelial	0.5001	0.6941	1
Cell1124	Adipocyte	0.0302	0.2243	1
Cell1125	Epithelial	0.5855	0.8874	1
Cell1126	Epithelial	0.0346	0.5312	1
Cell1127	Endothelial	0.1077	0.5586	1
Cell1128	Endothelial	0.505	0.997	1
Cell1129	Adipocyte	0.0284	0.5027	1
Cell1130	Endothelial	0.2184	0.4581	1
Cell1131	Epithelial	0.3359	0.9645	1
Cell1132	Adipocyte	0.7567	0.978	1
Cell1133	Epithelial	0.1674	0.9337	1
Cell1134	Epithelial	0.3151	0.7825	1
Cell1135	Epithelial	0.4773	0.5234	1
Cell1136	Epithelial	0.1135	0.8947	1
Cell1137	Adipocyte	0.1036	0.4365	1
Cell1138	Epithelial	0.396	0.5371	1
Cell1139	Epithelial	0.151	0.2454	1
Cell1140	Epithelial	0.3543	0.4666	1
Cell1141	Muscle	0.044	0.9997	1
Cell1142	Epithelial	0.1485	0.0173	1
Cell1143	Epithelial	0.0015	0.5896	1
Cell1144	Epithelial	0.2251	0.3876	1
Cell1145	Epithelial	0.5571	0.7979	1
Cell1146	Fibroblast	0.1193	0.6544	1
Cell1147	Epithelial	0.1851	0.2119	1
Cell1148	Epithelial	0.4176	0.8707	1
Cell1149	Adipocyte	0.3187	0.2092	1
Cell1150	Muscle	0.4477	0.7158	1
Cell1151	Adipocyte	0.2544	0.7691	1
Cell1152	Adipocyte	0.2523	0.3679	1
Cell1153	Adipocyte	0.4547	0.6898	1
Cell1154	Epithelial	0.5826	0.7303	1
Cell1155	Endothelial	0.1383	0.2468	1
Cell1156	Epithelial	0.2278	0.3805	1
Cell1157	Immune	0.1221	0.8776	1
Cell1158	Epithelial	0.0945	0.0803	1
Cell1159	Adipocyte	0.3782	0.6822	1
Cell1160	Immune	0.1344	0.2096	1
Cell1161	Fibroblast	0.0387	0.7622	1
Cell1162	Adipocyte	0.1147	0.252	1
Cell1163	Fibroblast	0.3193	0.1862	1
Cell1164	Endothelial	0.1171	0.6714	1
Cell1165	Adipocyte	0.5795	0.9556	1
Cell1166	Endothelial	0.3146	0.7669	1
Cell1167	Endothelial	0.2919	0.8484	1
Cell1168	Adipocyte	0.3751	0.8495	1
Cell1169	Epithelial	0.5942	0.7272	1
Cell1170	Epithelial	0.2772	0.1609	1
Cell1171	Endothelial	0.0464	0.8497	1
Cell1172	Epithelial	0.6626	0.8476	1
Cell1173	Epithelial	0.3449	0.9028	1
Cell1174	Fibroblast	0.5056	0.7864	1
Cell1175	Adipocyte	0.036	0.613	1
Cell1176	Epithelial	0.6382	0.9484	1
Cell1177	Immune	0.665	0.7825	1
Cell1178	Endothelial	0.117	0.011	1
Cell1179	Adipocyte	0.4468	0.6958	1
Cell1180	Fibroblast	0.2915	0.2504	1
Cell1181	Endothelial	0.0674	0.9704	1
Cell1182	Epithelial	0.3622	0.5806	1
Cell1183	Fibroblast	0.0226	0.25	1
Cell1184	Endothelial	0.321	0.1739	1
Cell1185	Endothelial	0.637	0.9971	1
Cell1186	Adipocyte	0.1314	0.1595	1
Cell1187	Adipocyte	0.2435	0.579	1
Cell1188	Adipocyte	0.356	0.9888	1
Cell1189	Fibroblast	0.6471	0.843	1
Cell1190	Epithelial	0.4638	0.5375	1
Cell1191	Epithelial	0.3529	0.6154	1
Cell1192	Epithelial	0.4641	0.6082	1
Cell1193	Immune	0.2689	0.7473	1
Cell1194	Endothelial	0.114	0.3823	1
Cell1195	Adipocyte	0.2912	0.1346	1
Cell1196	Epithelial	0.7679	0.9576	1
Cell1197	Epithelial	0.2051	0.8729	1
Cell1198	Adipocyte	0.3423	0.2983	1
Cell1199	Fibroblast	0.095	0.3223	1
Cell1200	Immune	0.3559	0.7341	1
Cell1201	Endothelial	0.1447	0.5011	1
Cell1202	Epithelial	0.369	0.9123	1
Cell1203	Endothelial	0.0105	0.9439	1
Cell1204	Immune	0.0427	0.4433	1
Cell1205	Epithelial	0.6466	0.9373	1
Cell1206	Epithelial	0.0236	0.5973	1
Cell1207	Endothelial	0.2304	0.7946	1
Cell1208	Adipocyte	0.6047	0.828	1
Cell1209	Immune	0.5075	0.8694	1
Cell1210	Endothelial	0.2193	0.2821	1
Cell1211	Adipocyte	0.0699	0.7011	1
Cell1212	Epithelial	0.0834	0.963	1
Cell1213	Muscle	0.2558	0.6724	1
Cell1214	Fibroblast	0.1453	0.2683	1
Cell1215	Endothelial	0.1857	0.6182	1
Cell1216	Adipocyte	0.1414	0.8979	1
Cell1217	Adipocyte	0.2324	0.7657	1
Cell1218	Adipocyte	0.36	0.7447	1
Cell1219	Adipocyte	0.4796	0.6132	1
Cell1220	Epithelial	0.2644	0.7874	1
Cell1221	Epithelial	0.2896	0.6889	1
Cell1222	Adipocyte	0.3275	0.891	1
Cell1223	Adipocyte	0.4357	0.8802	1
Cell1224	Fibroblast	0.2928	0.2417	1
Cell1225	Immune	0.1569	0.2468	1
Cell1226	Fibroblast	0.4734	0.8023	1
Cell1227	Epithelial	0.6829	0.8302	1
Cell1228	Immune	0.7481	0.996	1
Cell1229	Adipocyte	0.3474	0.9156	1
Cell1230	Epithelial	0.2783	0.8311	1
Cell1231	Epithelial	0.3589	0.8056	1
Cell1232	Fibroblast	0.3135	0.642	1
Cell1233	Epithelial	0.1407	0.341	1
Cell1234	Fibroblast	0.2542	0.7893	1
Cell1235	Epithelial	0.026	0.9457	1
Cell1236	Adipocyte	0.0767	0.5867	1
Cell1237	Epithelial	0.215	0.3189	1
Cell1238	Endothelial	0.0481	0.4081	1
Cell1239	Fibroblast	0.4967	0.9086	1
Cell1240	Fibroblast	0.1311	0.4765	1
Cell1241	Fibroblast	0.3783	0.7205	1
Cell1242	Muscle	0.2288	0.6824	1
Cell1243	Fibroblast	0.2719	0.31	1
Cell1244	Fibroblast	0.4583	0.71	1
Cell1245	Endothelial	0.8238	0.9316	1
Cell1246	Immune	0.5808	0.6682	1
Cell1247	Epithelial	0.266	0.5551	1
Cell1248	Epithelial	0.364	0.5943	1
Cell1249	Adipocyte	0.6577	0.7916	1
Cell1250	Adipocyte	0.7137	0.9858	1
Cell1251	Adipocyte	0.5098	0.9962	1
Cell1252	Fibroblast	0.3353	0.4869	1
Cell1253	Epithelial	0.3761	0.7669	1
Cell1254	Adipocyte	0.0751	0.7153	1
Cell1255	Endothelial	0.4587	0.8754	1
Cell1256	Epithelial	0.7464	0.8823	1
Cell1257	Immune	0.2757	0.3205	1
Cell1258	Epithelial	0.4417	0.8507	1
Cell1259	Epithelial	0.0053	0.8619	1
Cell1260	Epithelial	0.053	0.6089	1
Cell1261	Adipocyte	0.3063	0.8009	1
Cell1262	Immune	0.4235	0.833	1
Cell1263	Adipocyte	0.391	0.9031	1
Cell1264	Epithelial	0.1668	0.9695	1
Cell1265	Adipocyte	0.3634	0.6539	1
Cell1266	Adipocyte	0.3207	0.5097	1
Cell1267	Muscle	0.6586	0.7536	1
Cell1268	Endothelial	0.8241	0.9368	1
Cell1269	Fibroblast	0.0417	0.0588	1
Cell1270	Epithelial	0.2142	0.5066	1
Cell1271	Endothelial	0.1923	0.9865	1
Cell1272	Endothelial	0.1685	0.6689	1
Cell1273	Adipocyte	0.1791	0.8736	1
Cell1274	Epithelial	0.0421	0.2861	1
Cell1275	Adipocyte	0.094	0.7909	1
Cell1276	Adipocyte	0.1126	0.8859	1
Cell1277	Epithelial	0.03	0.2931	1
Cell1278	Epithelial	0.2319	0.3657	1
Cell1279	Adipocyte	0.095	0.0892	1
Cell1280	Adipocyte	0.135	0.6914	1
Cell1281	Epithelial	0.773	0.9802	1
Cell1282	Fibroblast	0.0824	0.629	1
Cell1283	Epithelial	0.2679	0.1987	1
Cell1284	Muscle	0.5668	0.7099	1
Cell1285	Epithelial	0.1746	0.6002	1
Cell1286	Epithelial	0.2578	0.8927	1
Cell1287	Adipocyte	0.5341	0.607	1
Cell1288	Epithelial	0.6209	0.8597	1
Cell1289	Endothelial	0.3594	0.5783	1
Cell1290	Fibroblast	0.1815	0.2287	1
Cell1291	Immune	0.0353	0.3347	1
Cell1292	Immune	0.2162	0.9239	1
Cell1293	Epithelial	0.2148	0.1412	1
Cell1294	Epithelial	0.0247	0.7315	1
Cell1295	Epithelial	0.2158	0.3593	1
Cell1296	Epithelial	0.4672	0.7014	1
Cell1297	Endothelial	0.6127	0.8886	1
Cell1298	Epithelial	0.4039	0.9058	1
Cell1299	Immune	0.2325	0.9016	1
Cell1300	Adipocyte	0.7503	0.9658	1
Cell1301	Adipocyte	0.1456	0.2247	1
Cell1302	Fibroblast	0.057	0.4869	1
Cell1303	Immune	0.1717	0.6422	1
Cell1304	Epithelial	0.2002	0.748	1
Cell1305	Epithelial	0.3743	0.9017	1
Cell1306	Epithelial	0.384	0.4088	1
Cell1307	Epithelial	0.2082	0.9832	1
Cell1308	Endothelial	0.5292	0.8571	1
Cell1309	Adipocyte	0.1577	0.7259	1
Cell1310	Adipocyte	0.2692	0.7982	1
Cell1311	Epithelial	0.6335	0.8342	1
Cell1312	Epithelial	0.1155	0.0106	1
Cell1313	Epithelial	0.131	0.9271	1
Cell1314	Endothelial	0.603	0.8753	1
Cell1315	Fibroblast	0.1972	0.8882	1
Cell1316	Adipocyte	0.0885	0.6117	1
Cell1317	Epithelial	0.5896	0.7048	1
Cell1318	Adipocyte	0.3968	0.9549	1
Cell1319	Epithelial	0.2268	0.7949	1
Cell1320	Fibroblast	0.0794	0.46	1
Cell1321	Epithelial	0.709	0.9805	1
Cell1322	Endothelial	0.6883	0.9573	1
Cell1323	Epithelial	0.0205	0.3708	1
Cell1324	Epithelial	0.4716	0.5556	1
Cell1325	Epithelial	0.294	0.5728	1
Cell1326	Adipocyte	0.1619	0.3605	1
Cell1327	Epithelial	0.3622	0.587	1
Cell1328	Adipocyte	0.0378	0.6176	1
Cell1329	Fibroblast	0.0435	0.2983	1
Cell1330	Fibroblast	0.0481	0.2434	1
Cell1331	Epithelial	0.0081	0.8814	1
Cell1332	Immune	0.2251	0.1678	1
Cell1333	Epithelial	0.507	0.8592	1
Cell1334	Epithelial	0.2871	0.7626	1
Cell1335	Epithelial	0.1449	0.8221	1
Cell1336	Epithelial	0.4963	0.6764	1
Cell1337	Adipocyte	0.8175	0.9637	1
Cell1338	Adipocyte	0.4845	0.5469	1
Cell1339	Epithelial	0.0917	0.214	1
Cell1340	Adipocyte	0.3246	0.7219	1
Cell1341	Epithelial	0.3142	0.1625	1
Cell1342	Immune	0.0199	0.3718	1
Cell1343	Adipocyte	0.2604	0.3647	1
Cell1344	Epithelial	0.3589	0.9757	1
Cell1345	Adipocyte	0.2998	0.8479	1
Cell1346	Fibroblast	0.3419	0.453	1
Cell1347	Epithelial	0.2316	0.133	1
Cell1348	Fibroblast	0.4664	0.6559	1
Cell1349	Epithelial	0.4794	0.9626	1
Cell1350	Adipocyte	0.4241	0.6106	1
Cell1351	Epithelial	0.2895	0.1708	1
Cell1352	Epithelial	0.5655	0.8001	1
Cell1353	Fibroblast	0.2936	0.7343	1
Cell1354	Epithelial	0.3074	0.5531	1
Cell1355	Adipocyte	0.2267	0.1348	1
Cell1356	Endothelial	0.084	0.4237	1
Cell1357	Epithelial	0.3734	0.5561	1
Cell1358	Epithelial	0.5919	0.9452	1
Cell1359	Muscle	0.0248	0.8817	1
Cell1360	Immune	0.3983	0.8355	1
Cell1361	Fibroblast	0.286	0.1261	1
Cell1362	Endothelial	0.3175	0.5886	1
Cell1363	Epithelial	0.1489	0.7227	1
Cell1364	Epithelial	0.133	0.1337	1
Cell1365	Epithelial	0.0186	0.3758	1
Cell1366	Immune	0.4367	0.7473	1
Cell1367	Epithelial	0.0675	0.4602	1
Cell1368	Epithelial	0.1062	0.7602	1
Cell1369	Adipocyte	0.3876	0.3949	1
Cell1370	Endothelial	0.2741	0.6998	1
Cell1371	Endothelial	0.2642	0.4001	1
Cell1372	Adipocyte	0.068	0.4308	1
Cell1373	Epithelial	0.2245	0.3018	1
Cell1374	Epithelial	0.5383	0.7332	1
Cell1375	Adipocyte	0.0882	0.8462	1
Cell1376	Adipocyte	0.2326	0.8356	1
Cell1377	Epithelial	0.4615	0.7523	1
Cell1378	Immune	0.6611	0.9079	1
Cell1379	Adipocyte	0.4518	0.9889	1
Cell1380	Fibroblast	0.1238	0.4669	1
Cell1381	Epithelial	0.2399	0.9667	1
Cell1382	Adipocyte	0.4585	0.9476	1
Cell1383	Epithelial	0.0145	0.4515	1
Cell1384	Adipocyte	0.0338	0.3961	1
Cell1385	Epithelial	0.1281	0.6446	1
Cell1386	Immune	0.147	0.0359	1
Cell1387	Fibroblast	0.6991	0.7729	1
Cell1388	Epithelial	0.127	0.4268	1
Cell1389	Epithelial	0.4439	0.541	1
Cell1390	Epithelial	0.3865	0.7001	1
Cell1391	Adipocyte	0.1456	0.2975	1
Cell1392	Adipocyte	0.1735	0.746	1
Cell1393	Fibroblast	0.1569	0.3603	1
Cell1394	Epithelial	0.093	0.8648	1
Cell1395	Epithelial	0.4982	0.7708	1
Cell1396	Epithelial	0.1952	0.6324	1
Cell1397	Adipocyte	0.8321	0.9396	1
Cell1398	Endothelial	0.0208	0.3656	1
Cell1399	Fibroblast	0.3176	0.8086	1
Cell1400	Fibroblast	0.2979	0.345	1
Cell1401	Immune	0.1612	0.2146	1
Cell1402	Adipocyte	0.278	0.2407	1
Cell1403	Epithelial	0.0666	0.6307	1
Cell1404	Epithelial	0.135	0.6639	1
Cell1405	Epithelial	0.4007	0.9331	1
Cell1406	Fibroblast	0.3301	0.7885	1
Cell1407	Epithelial	0.8228	0.9109	1
Cell1408	Fibroblast	0.6623	0.8622	1
Cell1409	Adipocyte	0.3539	0.8691	1
Cell1410	Adipocyte	0.04	0.797	1
Cell1411	Epithelial	0.2209	0.6798	1
Cell1412	Fibroblast	0.2681	0.1551	1
Cell1413	Epithelial	0.1298	0.2243	1
Cell1414	Fibroblast	0.3201	0.8067	1
Cell1415	Epithelial	0.127	0.1526	1
Cell1416	Fibroblast	0.3214	0.9283	1
Cell1417	Fibroblast	0.0317	0.1987	1
Cell1418	Immune	0.3495	0.4398	1
Cell1419	Endothelial	0.5482	0.8039	1
Cell1420	Fibroblast	0.1082	0.5595	1
Cell1421	Adipocyte	0.479	0.7555	1
Cell1422	Epithelial	0.1913	0.4776	1
Cell1423	Epithelial	0.3314	0.5102	1
Cell1424	Fibroblast	0.0785	0.303	1
Cell1425	Epithelial	0.3618	0.9829	1
Cell1426	Epithelial	0.0415	0.4887	1
Cell1427	Fibroblast	0.0747	0.8059	1
Cell1428	Epithelial	0.4137	0.5532	1
Cell1429	Adipocyte	0.1524	0.366	1
Cell1430	Adipocyte	0.2196	0.1262	1
Cell1431	Epithelial	0.03	0.0656	1
Cell1432	Immune	0.2039	0.1891	1
Cell1433	Fibroblast	0.3922	0.8852	1
Cell1434	Adipocyte	0.1616	0.5554	1
Cell1435	Endothelial	0.3299	0.8165	1
Cell1436	Adipocyte	0.2069	0.2141	1
Cell1437	Endothelial	0.349	0.491	1
Cell1438	Fibroblast	0.092	0.3765	1
Cell1439	Adipocyte	0.0336	0.1181	1
Cell1440	Adipocyte	0.0166	0.2505	1
Cell1441	Immune	0.1841	0.6289	1
Cell1442	Epithelial	0.0628	0.4118	1
Cell1443	Adipocyte	0.0134	0.3822	1
Cell1444	Epithelial	0.3973	0.7734	1
Cell1445	Endothelial	0.1836	0.7784	1
Cell1446	Fibroblast	0.1969	0.4713	1
Cell1447	Epithelial	0.2692	0.8171	1
Cell1448	Immune	0.64	0.9689	1
Cell1449	Adipocyte	0.4944	0.6225	1
Cell1450	Muscle	0.0267	0.992	1
Cell1451	Epithelial	0.1575	0.2193	1
Cell1452	Epithelial	0.5189	0.7858	1
Cell1453	Epithelial	0.2295	0.456	1
Cell1454	Adipocyte	0.1109	0.103	1
Cell1455	Epithelial	0.381	0.6147	1
Cell1456	Adipocyte	0.0253	0.2954	1
Cell1457	Epithelial	0.2317	0.2018	1
Cell1458	Endothelial	0.1431	0.0922	1
Cell1459	Adipocyte	0.2212	0.6656	1
Cell1460	Adipocyte	0.1405	0.926	1
Cell1461	Immune	0.5456	0.854	1
Cell1462	Adipocyte	0.019	0.655	1
Cell1463	Fibroblast	0.1291	0.4513	1
Cell1464	Epithelial	0.539	0.9226	1
Cell1465	Fibroblast	0.126	0.2801	1
Cell1466	Adipocyte	0.4621	0.7056	1
Cell1467	Endothelial	0.0092	0.8027	1
Cell1468	Fibroblast	0.0618	0.9991	1
Cell1469	Fibroblast	0.016	0.8153	1
Cell1470	Adipocyte	0.0679	0.7784	1
Cell1471	Endothelial	0.7528	0.9169	1
Cell1472	Adipocyte	0.1633	0.391	1
Cell1473	Epithelial	0.0732	0.6481	1
Cell1474	Adipocyte	0.2585	0.1459	1
Cell1475	Endothelial	0.0489	0.9924	1
Cell1476	Epithelial	0.0423	0.8217	1
Cell1477	Epithelial	0.703	0.9542	1
Cell1478	Epithelial	0.2328	0.1405	1
Cell1479	Epithelial	0.058	0.7332	1
Cell1480	Endothelial	4e-4	0.523	1
Cell1481	Adipocyte	0.5286	0.8734	1
Cell1482	Epithelial	0.1251	0.103	1
Cell1483	Muscle	0.2825	0.9999	1
Cell1484	Epithelial	0.2158	0.4343	1
Cell1485	Epithelial	0.0623	0.8694	1
Cell1486	Epithelial	0.2115	0.8138	1
Cell1487	Adipocyte	0.2256	0.7277	1
Cell1488	Endothelial	0.2422	0.325	1
Cell1489	Adipocyte	0.3295	0.5121	1
Cell1490	Fibroblast	0.5639	0.9761	1
Cell1491	Endothelial	0.6432	0.9868	1
Cell1492	Adipocyte	0.1312	0.7322	1
Cell1493	Adipocyte	9e-4	0.2899	1
Cell1494	Adipocyte	0.6336	0.9203	1
Cell1495	Endothelial	0.1207	0.4324	1
Cell1496	Epithelial	0.0832	0.0106	1
Cell1497	Epithelial	0.3817	0.8365	1
Cell1498	Epithelial	0.1195	0.6729	1
Cell1499	Endothelial	0.1823	0.1594	1
Cell1500	Epithelial	0.4983	0.8981	1
Cell1501	Endothelial	0.4872	0.948	1
Cell1502	Epithelial	0.5349	0.6829	1
Cell1503	Adipocyte	0.0196	0.2606	1
Cell1504	Adipocyte	0.6224	0.7297	1
Cell1505	Immune	0.7462	0.9733	1
Cell1506	Epithelial	0.4812	0.5501	1
Cell1507	Endothelial	0.2855	0.5951	1
Cell1508	Epithelial	0.308	0.49370000000000003	1
Cell1509	Epithelial	0.149	0.2292	1
Cell1510	Fibroblast	0.2107	0.6641	1
Cell1511	Epithelial	0.6805	0.9864	1
Cell1512	Epithelial	0.0271	0.509	1
Cell1513	Adipocyte	0.0974	0.701	1
Cell1514	Adipocyte	0.132	0.5265	1
Cell1515	Epithelial	0.0262	0.1986	1
Cell1516	Epithelial	0.4381	0.7649	1
Cell1517	Adipocyte	0.6688	0.9319	1
Cell1518	Epithelial	0.3067	0.5449	1
Cell1519	Adipocyte	0.0145	0.2809	1
Cell1520	Adipocyte	0.6426	0.9097	1
Cell1521	Endothelial	0.1427	0.039	1
Cell1522	Adipocyte	0.2803	0.9376	1
Cell1523	Adipocyte	0.0853	0.8215	1
Cell1524	Adipocyte	0.1675	0.4391	1
Cell1525	Muscle	0.0297	0.0123	1
Cell1526	Muscle	0.016	0.9177	1
Cell1527	Immune	0.1505	0.3956	1
Cell1528	Epithelial	0.7143	0.9123	1
Cell1529	Adipocyte	0.0938	0.4537	1
Cell1530	Adipocyte	0.0568	0.3982	1
Cell1531	Epithelial	0.3886	0.6321	1
Cell1532	Fibroblast	0.1115	0.6449	1
Cell1533	Adipocyte	0.6793	0.9222	1
Cell1534	Adipocyte	0.5432	0.7625	1
Cell1535	Epithelial	0.5405	0.8017	1
Cell1536	Endothelial	0.2618	0.7737	1
Cell1537	Adipocyte	0.1022	0.6117	1
Cell1538	Endothelial	0.4112	0.5711	1
Cell1539	Epithelial	0.7077	0.8497	1
Cell1540	Muscle	0.196	0.3286	1
Cell1541	Adipocyte	0.0238	0.6684	1
Cell1542	Adipocyte	0.6666	0.825	1
Cell1543	Epithelial	0.3283	0.2368	1
Cell1544	Endothelial	0.4767	0.6931	1
Cell1545	Adipocyte	0.6324	0.9354	1
Cell1546	Adipocyte	0.4952	0.9655	1
Cell1547	Muscle	0.3076	0.4625	1
Cell1548	Endothelial	0.3533	0.7988	1
Cell1549	Epithelial	0.2138	0.348	1
Cell1550	Adipocyte	0.5573	0.6617	1
Cell1551	Adipocyte	0.6047	0.9888	1
Cell1552	Epithelial	0.8479	0.9431	1
Cell1553	Fibroblast	0.211	0.7496	1
Cell1554	Epithelial	0.4676	0.9073	1
Cell1555	Adipocyte	0.2956	0.3883	1
Cell1556	Epithelial	0.0424	0.2932	1
Cell1557	Endothelial	0.3909	0.464	1
Cell1558	Epithelial	0.0947	0.581	1
Cell1559	Epithelial	0.0923	0.2868	1
Cell1560	Endothelial	0.4228	0.9667	1
Cell1561	Immune	0.0979	0.0433	1
Cell1562	Epithelial	0.4059	0.9637	1
Cell1563	Epithelial	0.7444	0.9749	1
Cell1564	Immune	0.0026	0.2673	1
Cell1565	Endothelial	0.464	0.8613	1
Cell1566	Fibroblast	0.3854	0.5178	1
Cell1567	Adipocyte	0.5388	0.7314	1
Cell1568	Epithelial	0.5668	0.7713	1
Cell1569	Epithelial	0.5087	0.9534	1
Cell1570	Adipocyte	0.3829	0.8371	1
Cell1571	Epithelial	0.208	0.6854	1
Cell1572	Adipocyte	0.3065	0.1965	1
Cell1573	Endothelial	0.3262	0.9272	1
Cell1574	Fibroblast	0.442	0.7439	1
Cell1575	Immune	0.4386	0.694	1
Cell1576	Adipocyte	0.1369	0.1801	1
Cell1577	Epithelial	0.1779	0.5921	1
Cell1578	Adipocyte	0.1506	0.1887	1
Cell1579	Epithelial	0.0831	0.3697	1
Cell1580	Adipocyte	0.1199	0.2308	1
Cell1581	Epithelial	0.2222	0.5429	1
Cell1582	Adipocyte	0.2024	0.298	1
Cell1583	Epithelial	0.4024	0.9757	1
Cell1584	Endothelial	0.3522	0.4961	1
Cell1585	Fibroblast	0.7505	0.9299	1
Cell1586	Adipocyte	0.1723	0.8087	1
Cell1587	Fibroblast	0.2903	0.4644	1
Cell1588	Epithelial	0.1482	0.6377	1
Cell1589	Adipocyte	0.4206	0.9929	1
Cell1590	Epithelial	0.2811	0.5813	1
Cell1591	Adipocyte	0.5389	0.7056	1
Cell1592	Adipocyte	0.4505	0.5776	1
Cell1593	Fibroblast	0.0289	0.5249	1
Cell1594	Epithelial	0.0232	0.411	1
Cell1595	Adipocyte	0.1307	0.456	1
Cell1596	Adipocyte	0.0101	0.8612	1
Cell1597	Endothelial	0.0972	0.728	1
Cell1598	Fibroblast	0.077	0.5088	1
Cell1599	Epithelial	0.6237	0.8685	1
Cell1600	Fibroblast	0.1345	0.6408	1
Cell1601	Muscle	0.3845	0.966	1
Cell1602	Muscle	0.1359	0.3219	1
Cell1603	Fibroblast	0.7115	0.8283	1
Cell1604	Endothelial	0.2997	0.425	1
Cell1605	Adipocyte	0.6035	0.7981	1
Cell1606	Endothelial	0.2063	0.2762	1
Cell1607	Endothelial	0.1084	0.9771	1
Cell1608	Endothelial	0.3762	0.9298	1
Cell1609	Adipocyte	0.142	0.3497	1
Cell1610	Adipocyte	0.3456	0.3184	1
Cell1611	Adipocyte	0.2308	0.5538	1
Cell1612	Fibroblast	0.4105	0.956	1
Cell1613	Fibroblast	0.5658	0.7944	1
Cell1614	Fibroblast	0.3022	0.8144	1
Cell1615	Adipocyte	0.2336	0.6599	1
Cell1616	Fibroblast	0.4296	0.691	1
Cell1617	Fibroblast	0.0658	0.6091	1
Cell1618	Adipocyte	0.1167	0.3643	1
Cell1619	Endothelial	0.7193	0.9095	1
Cell1620	Epithelial	0.1127	0.4675	1
Cell1621	Epithelial	0.0833	0.063	1
Cell1622	Fibroblast	0.1146	0.2112	1
Cell1623	Fibroblast	0.5799	0.7284	1
Cell1624	Adipocyte	0.2951	0.5391	1
Cell1625	Epithelial	0.3315	0.9574	1
Cell1626	Epithelial	0.5318	0.971	1
Cell1627	Endothelial	0.0099	0.5821	1
Cell1628	Epithelial	0.2867	0.6907	1
Cell1629	Adipocyte	0.0766	0.0701	1
Cell1630	Epithelial	0.1898	0.59	1
Cell1631	Epithelial	0.3579	0.8151	1
Cell1632	Fibroblast	0.1926	0.544	1
Cell1633	Epithelial	0.243	0.4286	1
Cell1634	Adipocyte	0.3716	0.3927	1
Cell1635	Adipocyte	0.3898	0.6949	1
Cell1636	Adipocyte	0.8253	0.9411	1
Cell1637	Endothelial	0.0416	0.0717	1
Cell1638	Adipocyte	0.1293	0.7755	1
Cell1639	Epithelial	0.1254	0.1402	1
Cell1640	Epithelial	0.4037	0.9496	1
Cell1641	Endothelial	0.0429	0.9181	1
Cell1642	Adipocyte	0.0347	0.8928	1
Cell1643	Endothelial	0.124	0.6495	1
Cell1644	Fibroblast	0.1294	0.155	1
Cell1645	Adipocyte	0.378	0.4242	1
Cell1646	Adipocyte	0.245	0.9137	1
Cell1647	Epithelial	0.792	0.9438	1
Cell1648	Endothelial	0.0612	0.9992	1
Cell1649	Adipocyte	0.1378	0.6551	1
Cell1650	Epithelial	0.0056	0.4395	1
Cell1651	Epithelial	0.1302	0.7964	1
Cell1652	Epithelial	0.5807	0.7799	1
Cell1653	Adipocyte	0.2227	0.581	1
Cell1654	Adipocyte	0.7184	0.9397	1
Cell1655	Fibroblast	0.2868	0.4673	1
Cell1656	Epithelial	0.0693	0.0766	1
Cell1657	Epithelial	0.1405	1e-4	1
Cell1658	Adipocyte	0.0147	0.2036	1
Cell1659	Endothelial	0.1452	0.5151	1
Cell1660	Endothelial	0.3001	0.2009	1
Cell1661	Immune	0.6377	0.7682	1
Cell1662	Adipocyte	0.4386	0.7457	1
Cell1663	Adipocyte	0.2736	0.7202	1
Cell1664	Epithelial	0.3259	0.9981	1
Cell1665	Epithelial	0.0722	0.3826	1
Cell1666	Epithelial	0.1013	0.8915	1
Cell1667	Muscle	0.0571	0.7375	1
Cell1668	Fibroblast	0.1172	0.4481	1
Cell1669	Adipocyte	0.2787	0.1881	1
Cell1670	Epithelial	0.3355	0.2986	1
Cell1671	Epithelial	0.7263	0.8983	1
Cell1672	Epithelial	0.4978	0.5782	1
Cell1673	Epithelial	0.4828	0.7952	1
Cell1674	Immune	0.1797	0.6374	1
Cell1675	Epithelial	0.6219	0.6765	1
Cell1676	Adipocyte	0.2592	0.5731	1
Cell1677	Epithelial	0.7978	0.9754	1
Cell1678	Endothelial	0.6287	0.8679	1
Cell1679	Endothelial	0.2257	0.999	1
Cell1680	Epithelial	0.417	0.6156	1
Cell1681	Epithelial	0.3263	0.6472	1
Cell1682	Epithelial	0.0873	0.363	1
Cell1683	Epithelial	0.3844	0.7517	1
Cell1684	Fibroblast	0.3553	0.5585	1
Cell1685	Epithelial	0.7067	0.8586	1
Cell1686	Epithelial	0.1169	0.2567	1
Cell1687	Epithelial	0.8095	0.9168	1
Cell1688	Immune	0.3807	0.8641	1
Cell1689	Fibroblast	0.3789	0.5894	1
Cell1690	Epithelial	0.593	0.9946	1
Cell1691	Adipocyte	0.4952	0.7366	1
Cell1692	Immune	0.5576	0.6831	1
Cell1693	Epithelial	0.3089	0.8317	1
Cell1694	Epithelial	0.6127	0.6923	1
Cell1695	Epithelial	0.1507	0.3605	1
Cell1696	Epithelial	0.0865	0.9779	1
Cell1697	Adipocyte	0.3978	0.7645	1
Cell1698	Adipocyte	0.2489	0.2609	1
Cell1699	Endothelial	0.387	0.5893	1
Cell1700	Epithelial	0.4396	0.4862	1
Cell1701	Adipocyte	0.3875	0.77	1
Cell1702	Adipocyte	0.3788	0.3997	1
Cell1703	Endothelial	0.7202	0.8917	1
Cell1704	Epithelial	0.0916	0.3815	1
Cell1705	Adipocyte	0.1237	0.6401	1
Cell1706	Endothelial	0.384	0.8941	1
Cell1707	Fibroblast	0.0136	0.6303	1
Cell1708	Epithelial	0.5054	0.685	1
Cell1709	Epithelial	0.0493	0.0922	1
Cell1710	Adipocyte	0.3275	0.9958	1
Cell1711	Adipocyte	0.1179	0.9442	1
Cell1712	Endothelial	0.0341	0.6985	1
Cell1713	Adipocyte	0.5294	0.8513	1
Cell1714	Epithelial	0.2171	0.1854	1
Cell1715	Epithelial	0.1914	0.3117	1
Cell1716	Epithelial	0.2005	0.3788	1
Cell1717	Adipocyte	0.6351	0.8593	1
Cell1718	Immune	0.0135	0.8835	1
Cell1719	Endothelial	0.0069	0.6792	1
Cell1720	Epithelial	0.3145	0.2732	1
Cell1721	Epithelial	0.6613	0.7564	1
Cell1722	Adipocyte	0.1965	0.7108	1
Cell1723	Epithelial	0.0197	0.805	1
Cell1724	Epithelial	0.6762	0.9907	1
Cell1725	Fibroblast	0.2228	0.819	1
Cell1726	Fibroblast	0.3223	0.2702	1
Cell1727	Epithelial	0.816	0.9834	1
Cell1728	Adipocyte	0.1754	0.1947	1
Cell1729	Fibroblast	0.0821	0.6405	1
Cell1730	Immune	0.3704	0.8551	1
Cell1731	Epithelial	0.115	0.9678	1
Cell1732	Epithelial	0.2039	0.2406	1
Cell1733	Adipocyte	0.2935	0.8538	1
Cell1734	Endothelial	0.5406	0.7497	1
Cell1735	Adipocyte	0.5617	0.9322	1
Cell1736	Epithelial	0.5128	0.8664	1
Cell1737	Adipocyte	0.3373	0.3104	1
Cell1738	Epithelial	0.0042	0.4212	1
Cell1739	Fibroblast	0.3402	0.6341	1
Cell1740	Epithelial	0.3574	0.7703	1
Cell1741	Endothelial	0.4101	0.6956	1
Cell1742	Immune	0.2219	0.3967	1
Cell1743	Adipocyte	0.2092	0.6905	1
Cell1744	Muscle	0.3998	0.4286	1
Cell1745	Immune	0.3933	0.6651	1
Cell1746	Epithelial	0.2336	0.3757	1
Cell1747	Endothelial	0.0536	0.0741	1
Cell1748	Endothelial	0.2761	0.33	1
Cell1749	Endothelial	0.5736	0.7629	1
Cell1750	Epithelial	0.5922	0.7244	1
Cell1751	Epithelial	0.3187	0.4694	1
Cell1752	Epithelial	0.1206	0.655	1
Cell1753	Immune	0.3385	0.2246	1
Cell1754	Muscle	0.0982	0.5581	1
Cell1755	Adipocyte	0.0301	0.5513	1
Cell1756	Muscle	0.2753	0.7769	1
Cell1757	Adipocyte	0.1156	0.6903	1
Cell1758	Muscle	0.0859	0.5761	1
Cell1759	Fibroblast	0.0082	0.053	1
Cell1760	Epithelial	0.5241	0.8147	1
Cell1761	Epithelial	0.4197	0.8667	1
Cell1762	Adipocyte	0.1916	0.6283	1
Cell1763	Epithelial	0.1756	0.2169	1
Cell1764	Epithelial	0.045	0.0084	1
Cell1765	Fibroblast	0.466	0.8755	1
Cell1766	Immune	0.3388	0.4548	1
Cell1767	Adipocyte	0.2861	0.1705	1
Cell1768	Adipocyte	0.1998	0.4454	1
Cell1769	Endothelial	0.337	0.7182	1
Cell1770	Immune	0.6552	0.7586	1
Cell1771	Epithelial	0.6119	0.7871	1
Cell1772	Endothelial	0.144	0.5709	1
Cell1773	Adipocyte	0.0711	0.5053	1
Cell1774	Fibroblast	0.0992	0.7036	1
Cell1775	Fibroblast	0.1606	0.1738	1
Cell1776	Endothelial	0.4644	0.8901	1
Cell1777	Epithelial	0.5837	0.6899	1
Cell1778	Adipocyte	0.2771	0.2531	1
Cell1779	Epithelial	0.3012	0.152	1
Cell1780	Endothelial	0.0279	0.5962	1
Cell1781	Adipocyte	0.2969	0.7529	1
Cell1782	Adipocyte	0.4131	0.6436	1
Cell1783	Adipocyte	0.6383	0.6675	1
Cell1784	Epithelial	0.2748	0.3178	1
Cell1785	Epithelial	0.5297	0.935	1
Cell1786	Fibroblast	0.2458	0.7333	1
Cell1787	Fibroblast	0.7363	0.8991	1
Cell1788	Adipocyte	0.274	0.9555	1
Cell1789	Adipocyte	0.6194	0.9966	1
Cell1790	Epithelial	0.0755	0.789	1
Cell1791	Fibroblast	0.0351	0.1066	1
Cell1792	Adipocyte	0.2232	0.1357	1
Cell1793	Epithelial	0.3219	0.1965	1
Cell1794	Epithelial	0.253	0.4734	1
Cell1795	Epithelial	0.3573	0.7133	1
Cell1796	Fibroblast	0.3504	0.7771	1
Cell1797	Adipocyte	0.2164	0.6408	1
Cell1798	Adipocyte	0.6247	0.6542	1
Cell1799	Epithelial	0.0895	0.3855	1
Cell1800	Epithelial	0.3621	0.664	1
Cell1801	Endothelial	0.0469	0.826	1
Cell1802	Epithelial	0.0364	0.1479	1
Cell1803	Epithelial	0.0632	0.9079	1
Cell1804	Fibroblast	0.2973	0.5614	1
Cell1805	Epithelial	0.0559	0.6618	1
Cell1806	Adipocyte	0.3698	0.5697	1
Cell1807	Epithelial	0.5306	0.7625	1
Cell1808	Epithelial	0.742	0.8821	1
Cell1809	Epithelial	0.0919	0.5657	1
Cell1810	Epithelial	0.1664	0.154	1
Cell1811	Fibroblast	0.226	0.4219	1
Cell1812	Epithelial	0.2419	0.4055	1
Cell1813	Adipocyte	0.3188	0.8984	1
Cell1814	Endothelial	0.3308	0.6105	1
Cell1815	Fibroblast	0.1246	0.4611	1
Cell1816	Endothelial	0.293	0.8173	1
Cell1817	Fibroblast	0.3416	0.466	1
Cell1818	Adipocyte	0.1117	0.4156	1
Cell1819	Adipocyte	0.1256	0.2005	1
Cell1820	Adipocyte	0.2095	0.1868	1
Cell1821	Fibroblast	0.1357	0.4855	1
Cell1822	Epithelial	0.3824	0.4436	1
Cell1823	Epithelial	0.6144	0.7575	1
Cell1824	Adipocyte	0.1972	0.767	1
Cell1825	Epithelial	0.2897	0.9706	1
Cell1826	Immune	0.2736	0.7424	1
Cell1827	Adipocyte	0.6002	0.7822	1
Cell1828	Epithelial	0.017	0.9642	1
Cell1829	Adipocyte	0.4373	0.7672	1
Cell1830	Epithelial	0.2132	0.8841	1
Cell1831	Adipocyte	0.1852	0.5064	1
Cell1832	Endothelial	0.027	0.9943	1
Cell1833	Adipocyte	0.2773	0.3794	1
Cell1834	Adipocyte	0.6035	0.9776	1
Cell1835	Epithelial	0.1323	0.4175	1
Cell1836	Adipocyte	0.2535	0.5324	1
Cell1837	Adipocyte	0.7608	0.9919	1
Cell1838	Adipocyte	0.2038	0.9161	1
Cell1839	Epithelial	0.3282	0.6133	1
Cell1840	Adipocyte	0.19	0.6121	1
Cell1841	Fibroblast	0.0912	0.4846	1
Cell1842	Adipocyte	0.2389	0.2124	1
Cell1843	Adipocyte	0.0281	0.3317	1
Cell1844	Fibroblast	0.6991	0.9229	1
Cell1845	Endothelial	0.061	0.8122	1
Cell1846	Epithelial	0.4477	0.7922	1
Cell1847	Adipocyte	0.2837	0.8321	1
Cell1848	Endothelial	0.2797	0.1152	1
Cell1849	Epithelial	0.1973	0.4227	1
Cell1850	Adipocyte	0.1016	0.6666	1
Cell1851	Adipocyte	0.4902	0.5591	1
Cell1852	Adipocyte	0.2914	0.7383	1
Cell1853	Epithelial	0.6164	0.9216	1
Cell1854	Adipocyte	0.2833	0.7716	1
Cell1855	Immune	0.2906	0.4023	1
Cell1856	Adipocyte	0.2587	0.7236	1
Cell1857	Epithelial	0.3884	0.8284	1
Cell1858	Epithelial	0.0172	0.7717	1
Cell1859	Adipocyte	0.1358	0.0932	1
Cell1860	Fibroblast	0.4669	0.7502	1
Cell1861	Epithelial	0.1052	0.1126	1
Cell1862	Epithelial	0.1207	0.8191	1
Cell1863	Adipocyte	0.7227	0.8717	1
Cell1864	Endothelial	0.3192	0.6164	1
Cell1865	Adipocyte	0.0522	0.8442	1
Cell1866	Adipocyte	0.7357	0.9517	1
Cell1867	Muscle	0.164	0.1627	1
Cell1868	Epithelial	0.2339	0.8936	1
Cell1869	Epithelial	0.4608	0.5178	1
Cell1870	Epithelial	0.7012	0.8018	1
Cell1871	Fibroblast	0.5086	0.6691	1
Cell1872	Fibroblast	0.0711	0.917	1
Cell1873	Endothelial	0.2357	0.2536	1
Cell1874	Immune	0.2353	0.9063	1
Cell1875	Fibroblast	0.8416	0.9173	1
Cell1876	Epithelial	0.1095	0.6761	1
Cell1877	Immune	0.1273	0.2732	1
Cell1878	Epithelial	0.2123	0.1053	1
Cell1879	Adipocyte	0.589	0.8631	1
Cell1880	Endothelial	0.1877	0.7964	1
Cell1881	Epithelial	0.0049	0.2808	1
Cell1882	Muscle	0.0976	0.9977	1
Cell1883	Immune	0.118	0.9652	1
Cell1884	Epithelial	0.4443	0.6229	1
Cell1885	Epithelial	0.8345	0.9005	1
Cell1886	Fibroblast	0.2006	0.1876	1
Cell1887	Fibroblast	0.0074	0.4002	1
Cell1888	Endothelial	0.1408	0.0508	1
Cell1889	Epithelial	0.5341	0.7048	1
Cell1890	Adipocyte	0.6343	0.8807	1
Cell1891	Adipocyte	0.3271	0.7612	1
Cell1892	Epithelial	0.4197	0.4514	1
Cell1893	Adipocyte	0.0269	0	1
Cell1894	Epithelial	0.2165	0.6612	1
Cell1895	Epithelial	0.144	0.091	1
Cell1896	Epithelial	0.6527	0.8965	1
Cell1897	Adipocyte	0.058	0.3347	1
Cell1898	Epithelial	0.065	0.4612	1
Cell1899	Endothelial	0.4562	0.7817	1
Cell1900	Epithelial	0.3162	0.1661	1
Cell1901	Epithelial	0.5829	0.8264	1
Cell1902	Adipocyte	0.4275	0.5537	1
Cell1903	Fibroblast	0.1025	0.1335	1
Cell1904	Adipocyte	0.4818	0.7983	1
Cell1905	Epithelial	0.7497	0.8845	1
Cell1906	Fibroblast	0.0307	0.5055	1
Cell1907	Epithelial	0.5948	0.6704	1
Cell1908	Epithelial	0.2289	0.3995	1
Cell1909	Epithelial	0.4277	0.4714	1
Cell1910	Endothelial	0.3332	0.708	1
Cell1911	Epithelial	0.0326	0.7193	1
Cell1912	Epithelial	0.5425	0.6791	1
Cell1913	Adipocyte	0.1415	0.1429	1
Cell1914	Epithelial	0.2435	0.9154	1
Cell1915	Adipocyte	0.1479	0.3812	1
Cell1916	Epithelial	0.2422	0.8048	1
Cell1917	Adipocyte	0.4066	0.9272	1
Cell1918	Epithelial	0.2713	0.6825	1
Cell1919	Adipocyte	0.6289	0.7641	1
Cell1920	Adipocyte	0.0661	0.9387	1
Cell1921	Epithelial	0.0896	0.0989	1
Cell1922	Adipocyte	0.546	0.9221	1
Cell1923	Epithelial	0.5874	0.6584	1
Cell1924	Epithelial	0.6641	0.9343	1
Cell1925	Fibroblast	0.3906	0.8604	1
Cell1926	Epithelial	0.7253	0.8489	1
Cell1927	Fibroblast	0.3543	0.6273	1
Cell1928	Epithelial	0.2787	0.191	1
Cell1929	Adipocyte	0.3029	0.9616	1
Cell1930	Epithelial	0.1344	0.735	1
Cell1931	Fibroblast	0.3176	0.6799	1
Cell1932	Adipocyte	0.6249	0.9877	1
Cell1933	Epithelial	0.6021	0.8264	1
Cell1934	Adipocyte	0.5334	0.8551	1
Cell1935	Fibroblast	0.1944	0.3519	1
Cell1936	Adipocyte	0.6476	0.8043	1
Cell1937	Adipocyte	0.3624	0.7626	1
Cell1938	Adipocyte	0.0943	0.4019	1
Cell1939	Epithelial	0.2445	0.7145	1
Cell1940	Epithelial	0.485	0.8689	1
Cell1941	Epithelial	0.2223	0.254	1
Cell1942	Fibroblast	0.2454	0.8961	1
Cell1943	Epithelial	0.3483	0.5928	1
Cell1944	Fibroblast	0.1215	0.881	1
Cell1945	Endothelial	0.1791	0.701	1
Cell1946	Adipocyte	0.4091	0.8988	1
Cell1947	Fibroblast	0.6591	0.8237	1
Cell1948	Adipocyte	0.2625	0.2325	1
Cell1949	Epithelial	0.6968	0.9238	1
Cell1950	Fibroblast	0.043	0.9604	1
Cell1951	Epithelial	0.0082	0.2215	1
Cell1952	Adipocyte	0.1842	0.6468	1
Cell1953	Fibroblast	0.6226	0.8147	1
Cell1954	Epithelial	0.0775	0.2329	1
Cell1955	Epithelial	0.5727	0.9979	1
Cell1956	Epithelial	0.2399	0.8764	1
Cell1957	Epithelial	0.1648	0.5162	1
Cell1958	Adipocyte	0.7288	0.8152	1
Cell1959	Endothelial	0.256	0.8305	1
Cell1960	Adipocyte	0.2121	0.6404	1
Cell1961	Endothelial	0.162	0.2272	1
Cell1962	Epithelial	0.4662	0.7293	1
Cell1963	Epithelial	0.1919	0.3275	1
Cell1964	Endothelial	0.5747	0.82	1
Cell1965	Epithelial	0.7162	0.8125	1
Cell1966	Epithelial	0.4863	0.7199	1
Cell1967	Adipocyte	0.0795	0.2612	1
Cell1968	Immune	0.3106	0.2633	1
Cell1969	Adipocyte	0.2233	0.3513	1
Cell1970	Endothelial	0.391	0.4178	1
Cell1971	Epithelial	0.0024	0.3273	1
Cell1972	Epithelial	0.5855	0.9253	1
Cell1973	Fibroblast	0.5338	0.7046	1
Cell1974	Epithelial	0.339	0.3516	1
Cell1975	Endothelial	0.2082	0.6703	1
Cell1976	Fibroblast	0.1626	0.1632	1
Cell1977	Epithelial	0.5252	0.9107	1
Cell1978	Epithelial	0.1294	0.4425	1
Cell1979	Epithelial	0.1514	0.517	1
Cell1980	Epithelial	0.2949	0.7802	1
Cell1981	Adipocyte	0.2029	0.208	1
Cell1982	Epithelial	0.4884	0.8865	1
Cell1983	Adipocyte	0.0184	0.71	1
Cell1984	Immune	0.1034	0.4365	1
Cell1985	Epithelial	0.6887	0.9789	1
Cell1986	Epithelial	0.3228	0.3177	1
Cell1987	Fibroblast	0.0527	0.3492	1
Cell1988	Immune	0.2488	0.8106	1
Cell1989	Adipocyte	0.273	0.1389	1
Cell1990	Adipocyte	0.3577	0.647	1
Cell1991	Endothelial	0.5471	0.7089	1
Cell1992	Epithelial	0.0197	0.995	1
Cell1993	Endothelial	0.2386	0.7444	1
Cell1994	Adipocyte	0.4978	0.735	1
Cell1995	Adipocyte	0.252	0.5298	1
Cell1996	Endothelial	0.1536	0.8076	1
Cell1997	Epithelial	0.5293	0.7489	1
Cell1998	Endothelial	0.5999	0.7543	1
Cell1999	Epithelial	0.1747	0.1929	1
Cell2000	Epithelial	0.1542	0.2709	1
Cell2001	Epithelial	0.2099	0.2232	1
Cell2002	Epithelial	0.0779	0.8038	1
Cell2003	Adipocyte	0.5395	0.7284	1
Cell2004	Epithelial	0.1082	0.1273	1
Cell2005	Endothelial	0.3225	0.5127	1
Cell2006	Endothelial	0.0778	0.6962	1
Cell2007	Adipocyte	0.3273	0.1796	1
Cell2008	Adipocyte	0.8314	0.4698	2
Cell2009	Epithelial	0.9399	0.72	2
Cell2010	Epithelial	0.5738	0.1411	2
Cell2011	Epithelial	0.854	0.3493	2
Cell2012	Epithelial	0.6221	0.0924	2
Cell2013	Adipocyte	0.4284	0.1612	2
Cell2014	Adipocyte	0.8854	0.0705	2
Cell2015	Epithelial	0.6281	0.5667	2
Cell2016	Epithelial	0.7872	0.54990000000000006	2
Cell2017	Epithelial	0.8568	0.5747	2
Cell2018	Adipocyte	0.8271	0.0601	2
Cell2019	Adipocyte	0.5772	0.4381	2
Cell2020	Endothelial	0.8766	0.3255	2
Cell2021	Adipocyte	0.9731	0.5697	2
Cell2022	Muscle	0.2698	0.0708	2
Cell2023	Muscle	0.8712	0.8254	2
Cell2024	Fibroblast	0.4692	0.1882	2
Cell2025	Epithelial	0.9468	0.0122	2
Cell2026	Adipocyte	0.8723	0.0544	2
Cell2027	Epithelial	0.5213	0.5732	2
Cell2028	Adipocyte	0.2242	0.0965	2
Cell2029	Fibroblast	0.4432	0.3519	2
Cell2030	Endothelial	0.7012	0.3071	2
Cell2031	Fibroblast	0.7543	0.5536	2
Cell2032	Epithelial	0.9012	0.4196	2
Cell2033	Epithelial	0.8994	0.9115	2
Cell2034	Adipocyte	0.9538	0.4185	2
Cell2035	Epithelial	0.9225	0.7211	2
Cell2036	Fibroblast	0.4826	0.4682	2
Cell2037	Fibroblast	0.799	0.1793	2
Cell2038	Endothelial	0.6458	0.5438	2
Cell2039	Adipocyte	0.977	0.9009	2
Cell2040	Epithelial	0.8314	0.2575	2
Cell2041	Epithelial	0.4742	0.4073	2
Cell2042	Epithelial	0.8149	0.2819	2
Cell2043	Adipocyte	0.8199	0.678	2
Cell2044	Adipocyte	0.4598	0.3875	2
Cell2045	Epithelial	0.6038	0.5107	2
Cell2046	Epithelial	0.8631	0.826	2
Cell2047	Epithelial	0.9614	0.2997	2
Cell2048	Muscle	0.9933	0.3792	2
Cell2049	Epithelial	0.843	0.4295	2
Cell2050	Epithelial	0.7825	0.0438	2
Cell2051	Epithelial	0.7914	0.7772	2
Cell2052	Epithelial	0.8946	0.521	2
Cell2053	Muscle	0.5173	0.5779	2
Cell2054	Immune	0.4826	0.4766	2
Cell2055	Epithelial	0.9709	0.3974	2
Cell2056	Epithelial	0.2123	0.0121	2
Cell2057	Adipocyte	0.855	0.8757	2
Cell2058	Adipocyte	0.8188	0.8083	2
Cell2059	Epithelial	0.6427	0.433	2
Cell2060	Epithelial	0.9518	0.094	2
Cell2061	Epithelial	0.4938	0.1095	2
Cell2062	Adipocyte	0.4238	0.0476	2
Cell2063	Endothelial	0.9885	0.225	2
Cell2064	Adipocyte	0.4999	0.4465	2
Cell2065	Epithelial	0.6571	0.1807	2
Cell2066	Adipocyte	0.7295	0.5792	2
Cell2067	Adipocyte	0.7892	0.5649	2
Cell2068	Fibroblast	0.5388	0.5304	2
Cell2069	Endothelial	0.5003	0.4067	2
Cell2070	Adipocyte	0.4237	0.4383	2
Cell2071	Adipocyte	0.9717	0.5755	2
Cell2072	Epithelial	0.8164	0.4749	2
Cell2073	Adipocyte	0.4902	0.3455	2
Cell2074	Epithelial	0.9915	0.9385	2
Cell2075	Fibroblast	0.8591	0.5246	2
Cell2076	Epithelial	0.7417	0.249	2
Cell2077	Immune	0.8984	0.2833	2
Cell2078	Adipocyte	0.8467	0.4522	2
Cell2079	Endothelial	0.5103	0.5792	2
Cell2080	Epithelial	0.9753	0.6771	2
Cell2081	Fibroblast	0.432	0.2666	2
Cell2082	Epithelial	0.6651	0.1865	2
Cell2083	Adipocyte	0.5649	0.1918	2
Cell2084	Immune	0.8906	0.6536	2
Cell2085	Adipocyte	0.5136	0.5539	2
Cell2086	Epithelial	0.9192	0.7539	2
Cell2087	Epithelial	0.3889	0.1057	2
Cell2088	Epithelial	0.7613	0.7005	2
Cell2089	Epithelial	0.885	0.112	2
Cell2090	Fibroblast	0.701	0.3955	2
Cell2091	Epithelial	0.4112	0.1168	2
Cell2092	Adipocyte	0.4745	0.1666	2
Cell2093	Adipocyte	0.734	0.0579	2
Cell2094	Adipocyte	0.6521	0.6739	2
Cell2095	Epithelial	0.6735	0.6128	2
Cell2096	Fibroblast	0.8245	0.7243	2
Cell2097	Endothelial	0.8562	0.0767	2
Cell2098	Fibroblast	0.6189	0.0944	2
Cell2099	Epithelial	0.7198	0.645	2
Cell2100	Adipocyte	0.8179	0.1897	2
Cell2101	Epithelial	0.4237	0.1071	2
Cell2102	Adipocyte	0.695	0.5581	2
Cell2103	Epithelial	0.3686	0.1869	2
Cell2104	Adipocyte	0.5688	0.5208	2
Cell2105	Adipocyte	0.4644	0.484	2
Cell2106	Fibroblast	0.6239	0.5137	2
Cell2107	Epithelial	0.7009	0.3289	2
Cell2108	Epithelial	0.6668	0.0361	2
Cell2109	Endothelial	0.3984	0.1459	2
Cell2110	Fibroblast	0.4546	0.1242	2
Cell2111	Fibroblast	0.5401	0.0425	2
Cell2112	Epithelial	0.841	0.1815	2
Cell2113	Epithelial	0.9134	0.4973	2
Cell2114	Fibroblast	0.3895	0.2648	2
Cell2115	Endothelial	0.6417	0.4052	2
Cell2116	Adipocyte	0.4749	0.4557	2
Cell2117	Fibroblast	0.2999	0.0204	2
Cell2118	Adipocyte	0.4641	0.1109	2
Cell2119	Epithelial	0.1628	0.0479	2
Cell2120	Immune	0.9405	0.9024	2
Cell2121	Epithelial	0.4658	0.4427	2
Cell2122	Epithelial	0.9186	0.3619	2
Cell2123	Immune	0.7394	0.0058	2
Cell2124	Epithelial	0.8407	0.018	2
Cell2125	Endothelial	0.9304	0.736	2
Cell2126	Epithelial	0.1838	0.0439	2
Cell2127	Fibroblast	0.7751	0.0164	2
Cell2128	Epithelial	0.5276	0.3551	2
Cell2129	Epithelial	0.641	0.4113	2
Cell2130	Fibroblast	0.8023	0.2561	2
Cell2131	Muscle	0.5229	0.5283	2
Cell2132	Adipocyte	0.8859	0.1434	2
Cell2133	Endothelial	0.8879	0.2624	2
Cell2134	Epithelial	0.82	0.7126	2
Cell2135	Fibroblast	0.6002	0.2635	2
Cell2136	Epithelial	0.9053	0.2367	2
Cell2137	Adipocyte	0.8816	0.5472	2
Cell2138	Adipocyte	0.7621	0.0266	2
Cell2139	Adipocyte	0.6412	0.6369	2
Cell2140	Adipocyte	0.8423	0.8811	2
Cell2141	Adipocyte	0.7903	0.0686	2
Cell2142	Epithelial	0.2935	0.0813	2
Cell2143	Endothelial	0.9827	0.3706	2
Cell2144	Adipocyte	0.2195	0.0798	2
Cell2145	Fibroblast	0.7845	0.4338	2
Cell2146	Epithelial	0.7049	0.7236	2
Cell2147	Muscle	0.3261	0.1486	2
Cell2148	Epithelial	0.6174	0.3226	2
Cell2149	Epithelial	0.2381	0.089	2
Cell2150	Fibroblast	0.3401	0.129	2
Cell2151	Adipocyte	0.5392	0.4777	2
Cell2152	Adipocyte	0.4817	0.3926	2
Cell2153	Adipocyte	0.4709	0.0526	2
Cell2154	Adipocyte	0.8504	0.9639	2
Cell2155	Fibroblast	0.6597	0.0439	2
Cell2156	Adipocyte	0.8808	0.8855	2
Cell2157	Adipocyte	0.6202	0.3212	2
Cell2158	Endothelial	0.7531	0.7864	2
Cell2159	Adipocyte	0.5709	0.3226	2
Cell2160	Immune	0.5471	0.0842	2
Cell2161	Endothelial	0.9223	0.3611	2
Cell2162	Epithelial	0.4703	0.1856	2
Cell2163	Adipocyte	0.2536	0.0804	2
Cell2164	Epithelial	0.9882	0.9168	2
Cell2165	Epithelial	0.6787	0.2983	2
Cell2166	Epithelial	0.5987	0.1263	2
Cell2167	Epithelial	0.3905	0.0453	2
Cell2168	Endothelial	0.4161	0.0728	2
Cell2169	Adipocyte	0.8047	0.3605	2
Cell2170	Epithelial	0.6871	0.1708	2
Cell2171	Epithelial	0.7695	0.2806	2
Cell2172	Epithelial	0.8416	0.6729	2
Cell2173	Muscle	0.6983	0.1133	2
Cell2174	Epithelial	0.5437	0.2986	2
Cell2175	Adipocyte	0.6444	0.5744	2
Cell2176	Adipocyte	0.542	0.5364	2
Cell2177	Fibroblast	0.8422	0.84	2
Cell2178	Epithelial	0.9141	0.2665	2
Cell2179	Adipocyte	0.4307	0.2041	2
Cell2180	Fibroblast	0.4861	0.2169	2
Cell2181	Immune	0.6638	0.6672	2
Cell2182	Epithelial	0.5207	0.0515	2
Cell2183	Epithelial	0.2236	0.0833	2
Cell2184	Endothelial	0.5331	0.2937	2
Cell2185	Epithelial	0.341	0.1409	2
Cell2186	Adipocyte	0.8085	0.5934	2
Cell2187	Epithelial	0.2964	0.0808	2
Cell2188	Adipocyte	0.908	0.8979	2
Cell2189	Adipocyte	0.9626	0.1366	2
Cell2190	Fibroblast	0.4173	0.4133	2
Cell2191	Immune	0.6828	0.1551	2
Cell2192	Fibroblast	0.3171	0.0453	2
Cell2193	Fibroblast	0.951	0.2405	2
Cell2194	Fibroblast	0.7555	0.3963	2
Cell2195	Adipocyte	0.7958	0.7885	2
Cell2196	Epithelial	0.3539	0.1896	2
Cell2197	Immune	0.9866	0.2875	2
Cell2198	Endothelial	0.5282	0.4927	2
Cell2199	Adipocyte	0.5181	0.0806	2
Cell2200	Adipocyte	0.889	0.1202	2
Cell2201	Epithelial	0.1931	0.0918	2
Cell2202	Fibroblast	0.4993	0.1558	2
Cell2203	Fibroblast	0.6889	0.2948	2
Cell2204	Adipocyte	0.9575	0.8871	2
Cell2205	Epithelial	0.2155	0.0741	2
Cell2206	Epithelial	0.4695	0.4652	2
Cell2207	Epithelial	0.9357	0.4765	2
Cell2208	Epithelial	0.5254	0.5571	2
Cell2209	Fibroblast	0.5198	0.2017	2
Cell2210	Fibroblast	0.5367	0.5991	2
Cell2211	Endothelial	0.9073	0.9121	2
Cell2212	Epithelial	0.589	0.3232	2
Cell2213	Fibroblast	0.4703	0.4144	2
Cell2214	Epithelial	0.6689	0.1978	2
Cell2215	Epithelial	0.7996	0.3562	2
Cell2216	Epithelial	0.5948	0.4218	2
Cell2217	Epithelial	0.7732	0.6871	2
Cell2218	Epithelial	0.6639	0.2923	2
Cell2219	Epithelial	0.9171	0.2452	2
Cell2220	Epithelial	0.9917	0.4203	2
Cell2221	Epithelial	0.9102	0.1435	2
Cell2222	Epithelial	0.8685	0.2394	2
Cell2223	Adipocyte	0.8438	0.3298	2
Cell2224	Adipocyte	0.1943	0.0257	2
Cell2225	Epithelial	0.6709	0.668	2
Cell2226	Adipocyte	0.4863	0.0803	2
Cell2227	Epithelial	0.4156	0.1423	2
Cell2228	Epithelial	0.9946	0.0155	2
Cell2229	Adipocyte	0.4177	0.1542	2
Cell2230	Epithelial	0.8132	0.2225	2
Cell2231	Adipocyte	0.7298	0.3926	2
Cell2232	Immune	0.5844	0.5383	2
Cell2233	Epithelial	0.9246	0.6008	2
Cell2234	Endothelial	0.4634	0.3658	2
Cell2235	Endothelial	0.902	0.0392	2
Cell2236	Adipocyte	0.944	0.1522	2
Cell2237	Adipocyte	0.6708	0.5574	2
Cell2238	Adipocyte	0.9778	0.3195	2
Cell2239	Adipocyte	0.8334	0.1942	2
Cell2240	Fibroblast	0.6	0.2668	2
Cell2241	Fibroblast	0.5023	0.087	2
Cell2242	Fibroblast	0.9441	0.7187	2
Cell2243	Epithelial	0.8703	0.8752	2
Cell2244	Endothelial	0.3774	0.0417	2
Cell2245	Epithelial	0.9927	0.9146	2
Cell2246	Fibroblast	0.6128	0.5014	2
Cell2247	Adipocyte	0.6543	0.5058	2
Cell2248	Fibroblast	0.7534	0.223	2
Cell2249	Endothelial	0.8915	0.9898	2
Cell2250	Epithelial	0.8822	0.206	2
Cell2251	Adipocyte	0.7819	0.1236	2
Cell2252	Endothelial	0.6758	0.4547	2
Cell2253	Immune	0.7933	0.7384	2
Cell2254	Adipocyte	0.7502	0.2716	2
Cell2255	Epithelial	0.7876	0.8065	2
Cell2256	Adipocyte	0.7234	0.2258	2
Cell2257	Fibroblast	0.9766	0.6337	2
Cell2258	Epithelial	0.6294	0.4878	2
Cell2259	Adipocyte	0.986	0.0419	2
Cell2260	Adipocyte	0.8772	0.9366	2
Cell2261	Fibroblast	0.4269	0.2711	2
Cell2262	Adipocyte	0.7875	0.3845	2
Cell2263	Endothelial	0.4793	0.4329	2
Cell2264	Endothelial	0.3133	0.101	2
Cell2265	Fibroblast	0.8517	0.5377	2
Cell2266	Adipocyte	0.3803	0.0496	2
Cell2267	Immune	0.6655	0.1859	2
Cell2268	Adipocyte	0.8043	0.863	2
Cell2269	Adipocyte	0.2638	0.0223	2
Cell2270	Immune	0.8436	0.8184	2
Cell2271	Endothelial	0.8381	0.1494	2
Cell2272	Epithelial	0.9547	0.2476	2
Cell2273	Adipocyte	0.9524	0.4462	2
Cell2274	Epithelial	0.9434	0.8809	2
Cell2275	Endothelial	0.554	0.6348	2
Cell2276	Fibroblast	0.7705	0.0326	2
Cell2277	Muscle	0.5809	0.4902	2
Cell2278	Fibroblast	0.3185	0.1055	2
Cell2279	Fibroblast	0.7547	0.7696	2
Cell2280	Immune	0.5433	0.1116	2
Cell2281	Epithelial	0.4382	0.2321	2
Cell2282	Adipocyte	0.5788	0.4498	2
Cell2283	Fibroblast	0.6871	0.3945	2
Cell2284	Epithelial	0.6951	0.7105	2
Cell2285	Fibroblast	0.8028	0.357	2
Cell2286	Adipocyte	0.5278	0.4491	2
Cell2287	Endothelial	0.9978	0.7249	2
Cell2288	Epithelial	0.8323	0.5506	2
Cell2289	Epithelial	0.8279	0.0621	2
Cell2290	Fibroblast	0.5997	0.14	2
Cell2291	Epithelial	0.7166	0.0457	2
Cell2292	Epithelial	0.9746	0.4914	2
Cell2293	Epithelial	0.8841	0.031	2
Cell2294	Fibroblast	0.7696	0.5498	2
Cell2295	Epithelial	0.2164	0.0792	2
Cell2296	Endothelial	0.9985	0.9737	2
Cell2297	Endothelial	0.5594	0.1625	2
Cell2298	Adipocyte	0.4737	0.2037	2
Cell2299	Adipocyte	0.9557	0.2811	2
Cell2300	Epithelial	0.67490000000000006	0.3462	2
Cell2301	Epithelial	0.3051	0.0339	2
Cell2302	Fibroblast	0.7231	0.7574	2
Cell2303	Adipocyte	0.9826	0.3654	2
Cell2304	Epithelial	0.4351	0.193	2
Cell2305	Epithelial	0.7475	0.7475	2
Cell2306	Fibroblast	0.9699	0.9048	2
Cell2307	Adipocyte	0.3502	0.1279	2
Cell2308	Epithelial	0.4636	0.4499	2
Cell2309	Epithelial	0.8722	0.4564	2
Cell2310	Epithelial	0.7541	0.3975	2
Cell2311	Epithelial	0.9778	0.9466	2
Cell2312	Epithelial	0.5145	0.0545	2
Cell2313	Adipocyte	0.3973	0.304	2
Cell2314	Epithelial	0.926	0.4251	2
Cell2315	Endothelial	0.9711	0.8378	2
Cell2316	Endothelial	0.8906	0.5686	2
Cell2317	Endothelial	0.6407	0.348	2
Cell2318	Endothelial	0.4877	0.0437	2
Cell2319	Epithelial	0.9751	0.044	2
Cell2320	Epithelial	0.7696	0.0092	2
Cell2321	Adipocyte	0.3386	0.1409	2
Cell2322	Endothelial	0.9617	0.296	2
Cell2323	Epithelial	0.9038	0.9124	2
Cell2324	Adipocyte	0.968	0.2661	2
Cell2325	Epithelial	0.5736	0.3029	2
Cell2326	Adipocyte	0.9982	0.3711	2
Cell2327	Immune	0.5287	0.0919	2
Cell2328	Epithelial	0.9555	0.7817	2
Cell2329	Adipocyte	0.9959	0.7483	2
Cell2330	Epithelial	0.4785	0.1742	2
Cell2331	Fibroblast	0.6555	0.7068	2
Cell2332	Endothelial	0.5256	0.0658	2
Cell2333	Fibroblast	0.6655	0.2616	2
Cell2334	Adipocyte	0.7837	0.3339	2
Cell2335	Fibroblast	0.4088	0.383	2
Cell2336	Endothelial	0.5166	0.5427	2
Cell2337	Fibroblast	0.7149	0.3251	2
Cell2338	Fibroblast	0.944	0.8735	2
Cell2339	Adipocyte	0.7597	0.4507	2
Cell2340	Adipocyte	0.8781	0.9028	2
Cell2341	Immune	0.9081	0.7078	2
Cell2342	Epithelial	0.9697	0.7528	2
Cell2343	Adipocyte	0.8984	0.7216	2
Cell2344	Epithelial	0.4981	0.2427	2
Cell2345	Epithelial	0.9343	0.4045	2
Cell2346	Fibroblast	0.87	0.6907	2
Cell2347	Epithelial	0.5148	0.5512	2
Cell2348	Epithelial	0.992	0.3663	2
Cell2349	Adipocyte	0.457	0.0684	2
Cell2350	Adipocyte	0.6649	0.3655	2
Cell2351	Adipocyte	0.9539	0.4946	2
Cell2352	Adipocyte	0.3793	0.3383	2
Cell2353	Epithelial	0.7347	0.5701	2
Cell2354	Fibroblast	0.7237	0.2018	2
Cell2355	Endothelial	0.7123	0.1513	2
Cell2356	Epithelial	0.5896	0.0205	2
Cell2357	Adipocyte	0.225	0.0312	2
Cell2358	Adipocyte	0.1538	0.0248	2
Cell2359	Epithelial	0.5273	0.2823	2
Cell2360	Adipocyte	0.9865	0.2528	2
Cell2361	Immune	0.6866	0.1991	2
Cell2362	Endothelial	0.5648	0.1959	2
Cell2363	Epithelial	0.952	0.667	2
Cell2364	Epithelial	0.5309	0.3332	2
Cell2365	Adipocyte	0.5485	0.3362	2
Cell2366	Adipocyte	0.8958	0.8819	2
Cell2367	Muscle	0.78	0.0027	2
Cell2368	Adipocyte	0.4728	0.4567	2
Cell2369	Epithelial	0.6595	0.4791	2
Cell2370	Endothelial	0.7268	0.3816	2
Cell2371	Endothelial	0.872	0.6603	2
Cell2372	Epithelial	0.4397	0.3101	2
Cell2373	Muscle	0.8918	0.505	2
Cell2374	Epithelial	0.7785	0.8	2
Cell2375	Muscle	0.3087	0.1374	2
Cell2376	Epithelial	0.8738	0.4964	2
Cell2377	Endothelial	0.8593	0.3014	2
Cell2378	Epithelial	0.9352	0.0579	2
Cell2379	Epithelial	0.8386	0.2115	2
Cell2380	Fibroblast	0.9676	0.797	2
Cell2381	Epithelial	0.4387	0.2501	2
Cell2382	Immune	0.5648	0.3026	2
Cell2383	Epithelial	0.8248	0.4644	2
Cell2384	Adipocyte	0.6531	0.4923	2
Cell2385	Epithelial	0.8616	0.0656	2
Cell2386	Epithelial	0.6832	0.3191	2
Cell2387	Adipocyte	0.8249	0.6619	2
Cell2388	Adipocyte	0.8685	0.5898	2
Cell2389	Epithelial	0.7545	0.3802	2
Cell2390	Fibroblast	0.4691	0.0767	2
Cell2391	Adipocyte	0.9711	0.5591	2
Cell2392	Immune	0.763	0.5729	2
Cell2393	Immune	0.5134	0.3088	2
Cell2394	Immune	0.8777	0.8832	2
Cell2395	Epithelial	0.6508	0.542	2
Cell2396	Fibroblast	0.8141	0.0972	2
Cell2397	Fibroblast	0.534	0.0514	2
Cell2398	Adipocyte	0.8316	0.8926	2
Cell2399	Epithelial	0.5823	0.184	2
Cell2400	Adipocyte	0.9616	0.2606	2
Cell2401	Epithelial	0.4741	0.2011	2
Cell2402	Adipocyte	0.4813	0.2085	2
Cell2403	Adipocyte	0.7892	0.6727	2
Cell2404	Fibroblast	0.5946	0.3816	2
Cell2405	Epithelial	0.8898	0.4239	2
Cell2406	Epithelial	0.6905	0.2522	2
Cell2407	Endothelial	0.5689	0.4464	2
Cell2408	Epithelial	0.9281	0.2249	2
Cell2409	Adipocyte	0.8895	0.0371	2
Cell2410	Endothelial	0.8721	0.0433	2
Cell2411	Epithelial	0.3789	0.1987	2
Cell2412	Epithelial	0.69	0.565	2
Cell2413	Fibroblast	0.4429	0.1542	2
Cell2414	Adipocyte	0.566	0.1656	2
Cell2415	Epithelial	0.8866	0.6599	2
Cell2416	Adipocyte	0.9289	0.5698	2
Cell2417	Adipocyte	0.373	0.1634	2
Cell2418	Epithelial	0.9302	0.5429	2
Cell2419	Adipocyte	0.7875	0.0568	2
Cell2420	Adipocyte	0.8366	0.2008	2
Cell2421	Epithelial	0.7966	0.0971	2
Cell2422	Fibroblast	0.8674	0.0266	2
Cell2423	Adipocyte	0.3196	0.0312	2
Cell2424	Adipocyte	0.8665	0.1064	2
Cell2425	Fibroblast	0.5631	0.3418	2
Cell2426	Fibroblast	0.5407	0.2214	2
Cell2427	Adipocyte	0.4119	0.3334	2
Cell2428	Epithelial	0.9319	0.2838	2
Cell2429	Adipocyte	0.6985	0.173	2
Cell2430	Endothelial	0.9863	0.2721	2
Cell2431	Epithelial	0.9265	0.7582	2
Cell2432	Epithelial	0.436	0.1291	2
Cell2433	Fibroblast	0.811	0.4615	2
Cell2434	Epithelial	0.9198	0.2035	2
Cell2435	Epithelial	0.6978	0.0821	2
Cell2436	Fibroblast	0.649	0.069	2
Cell2437	Endothelial	0.3848	0.2293	2
Cell2438	Endothelial	0.6022	0.4601	2
Cell2439	Epithelial	0.9952	0.9318	2
Cell2440	Fibroblast	0.8025	0.4707	2
Cell2441	Endothelial	0.7245	0.2499	2
Cell2442	Adipocyte	0.8827	0.1492	2
Cell2443	Epithelial	0.664	0.6892	2
Cell2444	Adipocyte	0.8363	0.1341	2
Cell2445	Endothelial	0.8046	0.8577	2
Cell2446	Epithelial	0.3052	0.0446	2
Cell2447	Endothelial	0.8522	0.5674	2
Cell2448	Adipocyte	0.8756	0.0461	2
Cell2449	Epithelial	0.9649	0.8784	2
Cell2450	Epithelial	0.9669	0.9876	2
Cell2451	Adipocyte	0.9	0.1703	2
Cell2452	Fibroblast	0.5373	0.0849	2
Cell2453	Epithelial	0.7796	0.5449	2
Cell2454	Endothelial	0.4653	0.2701	2
Cell2455	Adipocyte	0.9035	0.4136	2
Cell2456	Epithelial	0.5215	0.5966	2
Cell2457	Adipocyte	0.6702	0.3974	2
Cell2458	Endothelial	0.9143	0.1532	2
Cell2459	Endothelial	0.5697	0.3001	2
Cell2460	Adipocyte	0.5806	0.3828	2
Cell2461	Fibroblast	0.896	0.9207	2
Cell2462	Adipocyte	0.9117	0.3739	2
Cell2463	Epithelial	0.9569	0.0844	2
Cell2464	Endothelial	0.756	0.0394	2
Cell2465	Endothelial	0.6797	0.7416	2
Cell2466	Immune	0.5273	0.5156	2
Cell2467	Epithelial	0.3907	0.0763	2
Cell2468	Fibroblast	0.5767	0.5752	2
Cell2469	Epithelial	0.8092	0.8121	2
Cell2470	Muscle	0.5295	0.459	2
Cell2471	Epithelial	0.8191	0.0589	2
Cell2472	Fibroblast	0.6508	0.6373	2
Cell2473	Epithelial	0.5847	0.3996	2
Cell2474	Epithelial	0.759	0.8374	2
Cell2475	Epithelial	0.658	0.5436	2
Cell2476	Epithelial	0.7488	0.5453	2
Cell2477	Adipocyte	0.9758	0.1641	2
Cell2478	Adipocyte	0.9058	0.2159	2
Cell2479	Epithelial	0.7597	0.3021	2
Cell2480	Epithelial	0.681	0.669	2
Cell2481	Epithelial	0.6298	0.4165	2
Cell2482	Adipocyte	0.5408	0.3248	2
Cell2483	Epithelial	0.7759	0.8127	2
Cell2484	Adipocyte	0.9397	0.9436	2
Cell2485	Adipocyte	0.9715	0.6287	2
Cell2486	Epithelial	0.5602	0.3173	2
Cell2487	Adipocyte	0.7986	0.4865	2
Cell2488	Endothelial	0.4895	0.3772	2
Cell2489	Adipocyte	0.8898	0.1357	2
Cell2490	Epithelial	0.6872	0.1916	2
Cell2491	Epithelial	0.6911	0.0985	2
Cell2492	Adipocyte	0.7382	0.2445	2
Cell2493	Adipocyte	0.8349	0.5206	2
Cell2494	Adipocyte	0.5445	0.3301	2
Cell2495	Adipocyte	0.6739	0.7127	2
Cell2496	Endothelial	0.3118	0.0404	2
Cell2497	Epithelial	0.59	0.3537	2
Cell2498	Epithelial	0.6905	0.4743	2
Cell2499	Fibroblast	0.9264	0.8408	2
Cell2500	Adipocyte	0.839	0.1707	2
Cell2501	Epithelial	0.5441	0.5704	2
Cell2502	Epithelial	0.9434	0.5471	2
Cell2503	Endothelial	0.4159	0.1529	2
Cell2504	Epithelial	0.837	0.0961	2
Cell2505	Adipocyte	0.7073	0.6748	2
Cell2506	Epithelial	0.6046	0.382	2
Cell2507	Adipocyte	0.964	0.5433	2
Cell2508	Adipocyte	0.8354	0.7359	2
Cell2509	Epithelial	0.7652	0.1367	2
Cell2510	Epithelial	0.5308	0.0919	2
Cell2511	Epithelial	0.9907	0.0797	2
Cell2512	Fibroblast	0.4074	0.4231	2
Cell2513	Epithelial	0.6931	0.4575	2
Cell2514	Epithelial	0.6977	0.627	2
Cell2515	Epithelial	0.5033	0.213	2
Cell2516	Adipocyte	0.8416	0.8155	2
Cell2517	Fibroblast	0.6443	0.0982	2
Cell2518	Immune	0.8568	0.1591	2
Cell2519	Endothelial	0.6218	0.146	2
Cell2520	Endothelial	0.8834	0.8594	2
Cell2521	Epithelial	0.8432	0.6726	2
Cell2522	Fibroblast	0.584	0.2297	2
Cell2523	Fibroblast	0.3545	0.1799	2
Cell2524	Adipocyte	0.418	0.2512	2
Cell2525	Epithelial	0.4726	0.1454	2
Cell2526	Epithelial	0.7587	0.3729	2
Cell2527	Epithelial	0.8838	0.3136	2
Cell2528	Endothelial	0.7764	0.1148	2
Cell2529	Adipocyte	0.5565	0.1024	2
Cell2530	Fibroblast	0.4684	0.1051	2
Cell2531	Fibroblast	0.7258	0.731	2
Cell2532	Epithelial	0.5883	0.1633	2
Cell2533	Epithelial	0.7246	0.0895	2
Cell2534	Adipocyte	0.8618	0.7454	2
Cell2535	Adipocyte	0.8536	0.9464	2
Cell2536	Endothelial	0.8755	0.2339	2
Cell2537	Fibroblast	0.4741	0.3073	2
Cell2538	Epithelial	0.6491	0.4161	2
Cell2539	Epithelial	0.5628	0.6213	2
Cell2540	Fibroblast	0.5754	0.3358	2
Cell2541	Epithelial	0.1862	0.0671	2
Cell2542	Fibroblast	0.8673	0.6858	2
Cell2543	Fibroblast	0.7947	0.0935	2
Cell2544	Adipocyte	0.6632	0.4757	2
Cell2545	Adipocyte	0.7556	0.1076	2
Cell2546	Adipocyte	0.8578	0.4551	2
Cell2547	Endothelial	0.61240000000000006	0.5318	2
Cell2548	Epithelial	0.8056	0.255	2
Cell2549	Epithelial	0.8609	0.1139	2
Cell2550	Adipocyte	0.8584	0.1436	2
Cell2551	Fibroblast	0.8343	0.3562	2
Cell2552	Epithelial	0.6525	0.4301	2
Cell2553	Epithelial	0.9815	0.44	2
Cell2554	Epithelial	0.5114	0.1542	2
Cell2555	Immune	0.9988	0.1436	2
Cell2556	Fibroblast	0.8547	0.4694	2
Cell2557	Adipocyte	0.4767	0.3443	2
Cell2558	Epithelial	0.9329	0.8123	2
Cell2559	Adipocyte	0.7285	0.4273	2
Cell2560	Adipocyte	0.938	0.1118	2
Cell2561	Epithelial	0.9752	0.0705	2
Cell2562	Epithelial	0.7226	0.3107	2
Cell2563	Epithelial	0.3818	0.1355	2
Cell2564	Epithelial	0.4238	0.2649	2
Cell2565	Epithelial	0.6969	0.2295	2
Cell2566	Adipocyte	0.9216	0.5263	2
Cell2567	Epithelial	0.7778	0.8605	2
Cell2568	Endothelial	0.8295	0.2468	2
Cell2569	Epithelial	0.7916	0.6916	2
Cell2570	Adipocyte	0.7015	0.7135	2
Cell2571	Fibroblast	0.4852	0.0168	2
Cell2572	Adipocyte	0.9294	0.3632	2
Cell2573	Epithelial	0.7679	0.2361	2
Cell2574	Epithelial	0.6142	0.0194	2
Cell2575	Endothelial	0.3497	0.0063	2
Cell2576	Endothelial	0.6923	0.7093	2
Cell2577	Epithelial	0.9032	0.1989	2
Cell2578	Fibroblast	0.3552	0.197	2
Cell2579	Epithelial	0.7209	0.2729	2
Cell2580	Epithelial	0.7631	0.6069	2
Cell2581	Adipocyte	0.5526	0.3701	2
Cell2582	Fibroblast	0.9706	0.153	2
Cell2583	Epithelial	0.9265	0.401	2
Cell2584	Epithelial	0.959	0.3622	2
Cell2585	Adipocyte	0.5161	0.0962	2
Cell2586	Epithelial	0.6629	0.4831	2
Cell2587	Fibroblast	0.7884	0.6748	2
Cell2588	Epithelial	0.9049	0.5484	2
Cell2589	Muscle	0.4451	0.3463	2
Cell2590	Adipocyte	0.7121	0.7775	2
Cell2591	Muscle	0.6535	0.2322	2
Cell2592	Endothelial	0.6815	0.7164	2
Cell2593	Fibroblast	0.8207	0.5443	2
Cell2594	Immune	0.6709	0.0381	2
Cell2595	Adipocyte	0.5857	0.3659	2
Cell2596	Epithelial	0.9147	0.4635	2
Cell2597	Endothelial	0.6914	0.3083	2
Cell2598	Fibroblast	0.9776	0.9027	2
Cell2599	Immune	0.9343	0.4686	2
Cell2600	Epithelial	0.573	0.5666	2
Cell2601	Epithelial	0.6811	0.2197	2
Cell2602	Epithelial	0.3867	0.0436	2
Cell2603	Epithelial	0.4851	0.1727	2
Cell2604	Adipocyte	0.8948	0.4824	2
Cell2605	Endothelial	0.9927	0.5567	2
Cell2606	Fibroblast	0.6673	0.539	2
Cell2607	Fibroblast	0.7971	0.8151	2
Cell2608	Epithelial	0.5692	0.1211	2
Cell2609	Endothelial	0.5983	0.5126	2
Cell2610	Epithelial	0.4669	0.2471	2
Cell2611	Adipocyte	0.5438	0.2481	2
Cell2612	Adipocyte	0.4986	0.4903	2
Cell2613	Epithelial	0.79990000000000006	0.859	2
Cell2614	Epithelial	0.3541	0.1052	2
Cell2615	Fibroblast	0.7105	0.0056	2
Cell2616	Endothelial	0.8441	0.1479	2
Cell2617	Endothelial	0.6298	0.3291	2
Cell2618	Epithelial	0.9419	0.179	2
Cell2619	Epithelial	0.8729	0.2395	2
Cell2620	Epithelial	0.7271	0.7147	2
Cell2621	Adipocyte	0.8996	0.9265	2
Cell2622	Epithelial	0.6987	0.6618	2
Cell2623	Epithelial	0.6328	0.5314	2
Cell2624	Epithelial	0.9118	0.7152	2
Cell2625	Endothelial	0.7169	0.1717	2
Cell2626	Endothelial	0.6045	0.2969	2
Cell2627	Immune	0.9483	0.3624	2
Cell2628	Muscle	0.7299	0.5755	2
Cell2629	Epithelial	0.599	0.4533	2
Cell2630	Adipocyte	0.7588	0.1262	2
Cell2631	Epithelial	0.5826	0.4725	2
Cell2632	Adipocyte	0.6736	0.0012	2
Cell2633	Adipocyte	0.7416	0.7472	2
Cell2634	Adipocyte	0.6479	0.5571	2
Cell2635	Immune	0.6008	0.5474	2
Cell2636	Endothelial	0.5717	0.3433	2
Cell2637	Epithelial	0.7633	0.0264	2
Cell2638	Fibroblast	0.8799	0.7514	2
Cell2639	Epithelial	0.4159	0.3601	2
Cell2640	Endothelial	0.9749	0.5497	2
Cell2641	Adipocyte	0.8544	0.7782	2
Cell2642	Epithelial	0.8903	0.5186	2
Cell2643	Muscle	0.6595	0.0745	2
Cell2644	Endothelial	0.4616	0.2331	2
Cell2645	Adipocyte	0.4043	0.3364	2
Cell2646	Fibroblast	0.2718	0.0046	2
Cell2647	Epithelial	0.7055	0.4613	2
Cell2648	Immune	0.7796	0.3627	2
Cell2649	Adipocyte	0.8713	0.4387	2
Cell2650	Adipocyte	0.1589	0.0666	2
Cell2651	Endothelial	0.788	0.3873	2
Cell2652	Epithelial	0.3755	0.1159	2
Cell2653	Endothelial	0.5763	0.1344	2
Cell2654	Epithelial	0.546	0.53	2
Cell2655	Endothelial	0.2256	0.068	2
Cell2656	Endothelial	0.8679	0.664	2
Cell2657	Adipocyte	0.8795	0.5358	2
Cell2658	Adipocyte	0.8746	0.2515	2
Cell2659	Endothelial	0.2125	0.0152	2
Cell2660	Epithelial	0.5214	0.322	2
Cell2661	Adipocyte	0.4889	0.21	2
Cell2662	Adipocyte	0.7043	0.7928	2
Cell2663	Endothelial	0.6258	0.0074	2
Cell2664	Epithelial	0.899	0.0417	2
Cell2665	Adipocyte	0.5329	0.3905	2
Cell2666	Adipocyte	0.7757	0.7317	2
Cell2667	Immune	0.6502	0.6725	2
Cell2668	Adipocyte	0.8951	0.0389	2
Cell2669	Epithelial	0.8086	0.6273	2
Cell2670	Epithelial	0.4688	0.1564	2
Cell2671	Adipocyte	0.6539	0.594	2
Cell2672	Adipocyte	0.7737	0.8733	2
Cell2673	Fibroblast	0.6507	0.1744	2
Cell2674	Epithelial	0.4501	0.4294	2
Cell2675	Epithelial	0.922	0.5211	2
Cell2676	Epithelial	0.71	0.7145	2
Cell2677	Epithelial	0.6075	0.4107	2
Cell2678	Epithelial	0.8719	0.5811	2
Cell2679	Endothelial	0.9241	0.7572	2
Cell2680	Fibroblast	0.9083	0.6094	2
Cell2681	Epithelial	0.4547	0.3358	2
Cell2682	Epithelial	0.7902	0.8891	2
Cell2683	Adipocyte	0.4458	0.3077	2
Cell2684	Epithelial	0.5756	0.1055	2
Cell2685	Adipocyte	0.6528	0.1414	2
Cell2686	Epithelial	0.676	0.2191	2
Cell2687	Endothelial	0.6911	0.2388	2
Cell2688	Fibroblast	0.7863	0.3353	2
Cell2689	Adipocyte	0.5984	0.5924	2
Cell2690	Endothelial	0.8184	0.0596	2
Cell2691	Adipocyte	0.4846	0.4538	2
Cell2692	Immune	0.8919	0.2194	2
Cell2693	Endothelial	0.8341	0.2709	2
Cell2694	Epithelial	0.8056	0.6901	2
Cell2695	Adipocyte	0.3541	0.0867	2
Cell2696	Epithelial	0.2977	0.0155	2
Cell2697	Adipocyte	0.967	0.112	2
Cell2698	Epithelial	0.8777	0.6826	2
Cell2699	Immune	0.4972	0.1404	2
Cell2700	Immune	0.9177	0.0396	2
Cell2701	Adipocyte	0.8065	0.8902	2
Cell2702	Adipocyte	0.982	0.6643	2
Cell2703	Endothelial	0.5486	0.43120000000000003	2
Cell2704	Fibroblast	0.2422	0.02	2
Cell2705	Epithelial	0.9004	0.9016	2
Cell2706	Adipocyte	0.5779	0.1259	2
Cell2707	Endothelial	0.7802	0.2515	2
Cell2708	Adipocyte	0.4835	0.1539	2
Cell2709	Adipocyte	0.5686	0.5983	2
Cell2710	Endothelial	0.4533	0.2276	2
Cell2711	Muscle	0.8536	0.1595	2
Cell2712	Adipocyte	0.5498	0.0828	2
Cell2713	Epithelial	0.5015	0.5802	2
Cell2714	Adipocyte	0.9411	0.7468	2
Cell2715	Adipocyte	0.6925	0.3105	2
Cell2716	Adipocyte	0.7529	0.4714	2
Cell2717	Epithelial	0.731	0.5162	2
Cell2718	Epithelial	0.394	0.0943	2
Cell2719	Immune	0.5775	0.3282	2
Cell2720	Fibroblast	0.5229	0.53	2
Cell2721	Adipocyte	0.6489	0.4173	2
Cell2722	Fibroblast	0.7974	0.5778	2
Cell2723	Epithelial	0.5481	0.5097	2
Cell2724	Epithelial	0.6938	0.6211	2
Cell2725	Endothelial	0.6643	0.5357	2
Cell2726	Adipocyte	0.7625	0.3987	2
Cell2727	Endothelial	0.2294	0.0245	2
Cell2728	Epithelial	0.3675	0.0704	2
Cell2729	Epithelial	0.5923	0.0861	2
Cell2730	Epithelial	0.5366	0.4668	2
Cell2731	Adipocyte	0.5917	0.1672	2
Cell2732	Fibroblast	0.3918	0.0513	2
Cell2733	Endothelial	0.3722	0.0827	2
Cell2734	Fibroblast	0.5179	0.5963	2
Cell2735	Epithelial	0.5835	0.0747	2
Cell2736	Fibroblast	0.6466	0.6163	2
Cell2737	Adipocyte	0.6545	0.4981	2
Cell2738	Epithelial	0.6816	0.719	2
Cell2739	Adipocyte	0.4965	0.4988	2
Cell2740	Epithelial	0.7035	0.1609	2
Cell2741	Immune	0.9674	0.9375	2
Cell2742	Epithelial	0.7271	0.3029	2
Cell2743	Epithelial	0.9947	0.9187	2
Cell2744	Adipocyte	0.5683	0.4984	2
Cell2745	Fibroblast	0.2713	0.0113	2
Cell2746	Adipocyte	0.2437	0.0905	2
Cell2747	Endothelial	0.8249	0.7452	2
Cell2748	Adipocyte	0.9684	0.7924	2
Cell2749	Fibroblast	0.9285	0.3447	2
Cell2750	Endothelial	0.7434	0.3097	2
Cell2751	Endothelial	0.4181	0.2583	2
Cell2752	Adipocyte	0.5185	0.4281	2
Cell2753	Adipocyte	0.5985	0.4266	2
Cell2754	Adipocyte	0.7054	0.2721	2
Cell2755	Adipocyte	0.7675	0.8967	2
Cell2756	Fibroblast	0.7395	0.7283	2
Cell2757	Epithelial	0.4479	0.2403	2
Cell2758	Adipocyte	0.6404	0.5354	2
Cell2759	Adipocyte	0.7067	0.5725	2
Cell2760	Epithelial	0.947	0.763	2
Cell2761	Adipocyte	0.8338	0.2493	2
Cell2762	Epithelial	0.34	0.1136	2
Cell2763	Endothelial	0.8643	0.1428	2
Cell2764	Epithelial	0.6248	0.0022	2
Cell2765	Epithelial	0.434	0.3587	2
Cell2766	Fibroblast	0.7792	0.3367	2
Cell2767	Epithelial	0.6034	0.319	2
Cell2768	Epithelial	0.8381	0.1887	2
Cell2769	Epithelial	0.7577	0.4988	2
Cell2770	Adipocyte	0.57	0.4888	2
Cell2771	Epithelial	0.4763	0.4184	2
Cell2772	Adipocyte	0.8689	0.9488	2
Cell2773	Adipocyte	0.4632	0.1665	2
Cell2774	Adipocyte	0.648	0.5315	2
Cell2775	Epithelial	0.6574	0.5044	2
Cell2776	Fibroblast	0.9519	0.2355	2
Cell2777	Endothelial	0.371	0.2267	2
Cell2778	Adipocyte	0.3691	0.1119	2
Cell2779	Adipocyte	0.9072	0.0988	2
Cell2780	Adipocyte	0.91	0.3435	2
Cell2781	Endothelial	0.8101	0.3454	2
Cell2782	Adipocyte	0.5963	0.2421	2
Cell2783	Epithelial	0.6851	0.4987	2
Cell2784	Epithelial	0.9569	0.7038	2
Cell2785	Adipocyte	0.7032	0.6792	2
Cell2786	Epithelial	0.2064	0.097	2
Cell2787	Adipocyte	0.4192	0.0597	2
Cell2788	Epithelial	0.5431	0.349	2
Cell2789	Adipocyte	0.3007	0.1354	2
Cell2790	Fibroblast	0.6334	0.6317	2
Cell2791	Epithelial	0.8398	0.2073	2
Cell2792	Immune	0.8469	0.1488	2
Cell2793	Epithelial	0.5102	0.1102	2
Cell2794	Epithelial	0.9067	0.1211	2
Cell2795	Endothelial	0.7706	0.5754	2
Cell2796	Epithelial	0.9511	0.0883	2
Cell2797	Muscle	0.567	0.2811	2
Cell2798	Fibroblast	0.6354	0.483	2
Cell2799	Adipocyte	0.8271	0.2585	2
Cell2800	Fibroblast	0.8547	0.2091	2
Cell2801	Epithelial	0.9256	0.4497	2
Cell2802	Endothelial	0.6684	0.3259	2
Cell2803	Epithelial	0.6644	0.7026	2
Cell2804	Adipocyte	0.9105	0.5238	2
Cell2805	Fibroblast	0.8942	0.0337	2
Cell2806	Muscle	0.7977	0.6478	2
Cell2807	Adipocyte	0.4432	0.3936	2
Cell2808	Epithelial	0.3432	0.0906	2
Cell2809	Fibroblast	0.9394	0.9855	2
Cell2810	Fibroblast	0.4422	0.0756	2
Cell2811	Epithelial	0.9972	0.4457	2
Cell2812	Adipocyte	0.7594	0.1155	2
Cell2813	Adipocyte	0.5647	0.4503	2
Cell2814	Epithelial	0.6973	0.3609	2
Cell2815	Epithelial	0.7866	0.3912	2
Cell2816	Epithelial	0.9607	0.5807	2
Cell2817	Fibroblast	0.7496	0.5929	2
Cell2818	Endothelial	0.8846	0.219	2
Cell2819	Endothelial	0.7512	0.5622	2
Cell2820	Epithelial	0.5744	0.1987	2
Cell2821	Epithelial	0.4414	0.1561	2
Cell2822	Epithelial	0.6672	0.317	2
Cell2823	Adipocyte	0.684	0.5774	2
Cell2824	Adipocyte	0.4915	0.0755	2
Cell2825	Fibroblast	0.8734	0.0418	2
Cell2826	Adipocyte	0.9973	0.961	2
Cell2827	Endothelial	0.3855	0.1612	2
Cell2828	Endothelial	0.5898	0.3402	2
Cell2829	Adipocyte	0.9098	0.573	2
Cell2830	Epithelial	0.5229	0.1876	2
Cell2831	Endothelial	0.5827	0.6293	2
Cell2832	Fibroblast	0.5218	0.2167	2
Cell2833	Adipocyte	0.7489	0.2957	2
Cell2834	Fibroblast	0.4484	0.3381	2
Cell2835	Epithelial	0.5972	0.4249	2
Cell2836	Epithelial	0.5381	0.1397	2
Cell2837	Epithelial	0.7653	0.1106	2
Cell2838	Epithelial	0.997	0.9583	2
Cell2839	Adipocyte	0.6574	0.5798	2
Cell2840	Fibroblast	0.386	0.1843	2
Cell2841	Epithelial	0.5023	0.4055	2
Cell2842	Epithelial	0.7874	0.0938	2
Cell2843	Adipocyte	0.8684	0.5573	2
Cell2844	Adipocyte	0.7245	0.6861	2
Cell2845	Fibroblast	0.8659	0.4144	2
Cell2846	Epithelial	0.5561	0.5271	2
Cell2847	Endothelial	0.2697	0.0363	2
Cell2848	Fibroblast	0.2327	0.0392	2
Cell2849	Immune	0.952	0.1105	2
Cell2850	Epithelial	0.7467	0.3324	2
Cell2851	Fibroblast	0.3211	0.0658	2
Cell2852	Adipocyte	0.8296	0.2521	2
Cell2853	Adipocyte	0.7919	0.5655	2
Cell2854	Adipocyte	0.4755	0.3681	2
Cell2855	Fibroblast	0.5065	0.3262	2
Cell2856	Epithelial	0.635	0.0069	2
Cell2857	Epithelial	0.6051	0.6332	2
Cell2858	Fibroblast	0.6623	0.7235	2
Cell2859	Endothelial	0.706	0.052	2
Cell2860	Epithelial	0.4343	0.2024	2
Cell2861	Adipocyte	0.5748	0.2154	2
Cell2862	Epithelial	0.9492	0.9097	2
Cell2863	Adipocyte	0.8252	0.2621	2
Cell2864	Epithelial	0.7343	0.3597	2
Cell2865	Epithelial	0.9161	0.8073	2
Cell2866	Epithelial	0.941	0.8011	2
Cell2867	Epithelial	0.9187	0.5317	2
Cell2868	Epithelial	0.3979	0.1613	2
Cell2869	Epithelial	0.8621	0.7045	2
Cell2870	Epithelial	0.6917	0.58	2
Cell2871	Epithelial	0.1931	0.0883	2
Cell2872	Fibroblast	0.8904	0.3606	2
Cell2873	Epithelial	0.7523	0.2848	2
Cell2874	Adipocyte	0.4933	0.427	2
Cell2875	Endothelial	0.9251	0.2914	2
Cell2876	Adipocyte	0.7074	0.3468	2
Cell2877	Epithelial	0.6795	0.3736	2
Cell2878	Epithelial	0.6058	0.2324	2
Cell2879	Fibroblast	0.7605	0.2676	2
Cell2880	Fibroblast	0.6989	0.6956	2
Cell2881	Fibroblast	0.9688	0.6116	2
Cell2882	Adipocyte	0.8187	0.3171	2
Cell2883	Epithelial	0.5697	0.4997	2
Cell2884	Immune	0.1855	0.0822	2
Cell2885	Adipocyte	0.8611	0.1738	2
Cell2886	Adipocyte	0.925	0.1545	2
Cell2887	Adipocyte	0.8415	0.3713	2
Cell2888	Adipocyte	0.9999	0.1119	2
Cell2889	Adipocyte	0.9637	0.6536	2
Cell2890	Adipocyte	0.3799	0.3239	2
Cell2891	Fibroblast	0.9417	0.919	2
Cell2892	Adipocyte	0.6214	0.3098	2
Cell2893	Epithelial	0.5442	0.232	2
Cell2894	Adipocyte	0.4305	0.0222	2
Cell2895	Adipocyte	0.717	0.0884	2
Cell2896	Adipocyte	0.7481	0.1236	2
Cell2897	Epithelial	0.7632	0.3147	2
Cell2898	Endothelial	0.9403	0.176	2
Cell2899	Epithelial	0.3539	0.0763	2
Cell2900	Fibroblast	0.9699	0.546	2
Cell2901	Adipocyte	0.8352	0.4708	2
Cell2902	Epithelial	0.8335	0.2172	2
Cell2903	Adipocyte	0.7531	0.0067	2
Cell2904	Fibroblast	0.6834	0.2732	2
Cell2905	Epithelial	0.4912	0.4955	2
Cell2906	Epithelial	0.819	0.5353	2
Cell2907	Epithelial	0.5303	0.5204	2
Cell2908	Epithelial	0.4087	0.204	2
Cell2909	Adipocyte	0.2463	0.073	2
Cell2910	Immune	0.7132	0.2233	2
Cell2911	Fibroblast	0.6716	0.1006	2
Cell2912	Epithelial	0.658	0.627	2
Cell2913	Epithelial	0.863	0.395	2
Cell2914	Epithelial	0.5583	0.1482	2
Cell2915	Epithelial	0.8461	0.2911	2
Cell2916	Endothelial	0.8958	0.4351	2
Cell2917	Epithelial	0.3968	0.0063	2
Cell2918	Epithelial	0.7451	0.4881	2
Cell2919	Epithelial	0.655	0.3214	2
Cell2920	Adipocyte	0.9782	0.4556	2
Cell2921	Epithelial	0.9588	0.8184	2
Cell2922	Fibroblast	0.9996	0.3363	2
Cell2923	Epithelial	0.5649	0.1262	2
Cell2924	Epithelial	0.9441	0.4229	2
Cell2925	Muscle	0.6937	0.3599	2
Cell2926	Adipocyte	0.7723	0.1524	2
Cell2927	Fibroblast	0.7803	0.396	2
Cell2928	Epithelial	0.8288	0.3507	2
Cell2929	Epithelial	0.9795	0.3852	2
Cell2930	Immune	0.4781	0.1462	2
Cell2931	Epithelial	0.9927	0.045	2
Cell2932	Adipocyte	0.1781	0.0073	2
Cell2933	Adipocyte	0.8104	0.3614	2
Cell2934	Epithelial	0.8205	0.5337	2
Cell2935	Epithelial	0.7392	0.6049	2
Cell2936	Epithelial	0.6919	0.5827	2
Cell2937	Adipocyte	0.7988	0.5246	2
Cell2938	Epithelial	0.6428	0.5607	2
Cell2939	Adipocyte	0.605	0.5086	2
Cell2940	Epithelial	0.5873	0.0586	2
Cell2941	Adipocyte	0.9271	0.687	2
Cell2942	Muscle	0.9412	0.1743	2
Cell2943	Fibroblast	0.8785	0.3949	2
Cell2944	Endothelial	0.7876	0.8159	2
Cell2945	Adipocyte	0.7995	0.6855	2
Cell2946	Epithelial	0.9375	0.4067	2
Cell2947	Epithelial	0.7072	0.458	2
Cell2948	Adipocyte	0.7415	0.0243	2
Cell2949	Epithelial	0.7122	0.7368	2
Cell2950	Endothelial	0.7894	0.5539	2
Cell2951	Fibroblast	0.6967	0.3771	2
Cell2952	Adipocyte	0.5921	0.6022	2
Cell2953	Adipocyte	0.5962	0.1924	2
Cell2954	Adipocyte	0.576	0.6386	2
Cell2955	Adipocyte	0.2573	0.097	2
Cell2956	Adipocyte	0.9519	0.486	2
Cell2957	Epithelial	0.4521	0.3191	2
Cell2958	Fibroblast	0.6846	0.1342	2
Cell2959	Fibroblast	0.5757	0.501	2
Cell2960	Fibroblast	0.7133	0.4656	2
Cell2961	Immune	0.9855	0.8678	2
Cell2962	Endothelial	0.9791	0.0477	2
Cell2963	Adipocyte	0.8386	0.8896	2
Cell2964	Adipocyte	0.6388	0.1455	2
Cell2965	Epithelial	0.9505	0.0459	2
Cell2966	Adipocyte	0.9208	0.6056	2
Cell2967	Adipocyte	0.7328	0.3133	2
Cell2968	Epithelial	0.8198	0.102	2
Cell2969	Epithelial	0.8935	0.9019	2
Cell2970	Immune	0.853	0.0756	2
Cell2971	Adipocyte	0.7382	0.0861	2
Cell2972	Immune	0.8468	0.7093	2
Cell2973	Endothelial	0.5774	0.5712	2
Cell2974	Epithelial	0.6106	0.5133	2
Cell2975	Endothelial	0.6969	0.1176	2
Cell2976	Adipocyte	0.6967	0.3902	2
Cell2977	Endothelial	0.9988	0.3295	2
Cell2978	Adipocyte	0.219	0.0145	2
Cell2979	Adipocyte	0.9515	0.4942	2
Cell2980	Adipocyte	0.8475	0.7673	2
Cell2981	Adipocyte	0.9068	0.5031	2
Cell2982	Adipocyte	0.6845	0.0476	2
Cell2983	Adipocyte	0.7376	0.087	2
Cell2984	Immune	0.2284	0.0725	2
Cell2985	Endothelial	0.6534	0.5768	2
Cell2986	Endothelial	0.1901	0.0188	2
Cell2987	Epithelial	0.6283	0.0229	2
Cell2988	Adipocyte	0.8182	0.0642	2
Cell2989	Endothelial	0.6415	0.339	2
Cell2990	Epithelial	0.4938	0.3008	2
Cell2991	Adipocyte	0.6863	0.2593	2
Cell2992	Adipocyte	0.9293	0.4059	2
Cell2993	Adipocyte	0.9061	0.211	2
Cell2994	Endothelial	0.5788	0.1521	2
Cell2995	Endothelial	0.6787	0.5559	2
Cell2996	Endothelial	0.5794	0.2683	2
Cell2997	Endothelial	0.584	0.1317	2
Cell2998	Epithelial	0.7993	0.0148	2
Cell2999	Endothelial	0.9896	0.0813	2
Cell3000	Epithelial	0.402	0.3911	2
Cell3001	Adipocyte	0.9489	0.1201	2
Cell3002	Epithelial	0.3543	0.0876	2
Cell3003	Adipocyte	0.7743	0.6165	2
Cell3004	Epithelial	0.838	0.1607	2
Cell3005	Fibroblast	0.9495	0.8233	2
Cell3006	Adipocyte	0.8829	0.0985	2
Cell3007	Epithelial	0.7324	0.2574	2
Cell3008	Adipocyte	0.7782	0.1917	2
Cell3009	Epithelial	0.7001	0.445	2
Cell3010	Epithelial	0.9991	0.6203	2
Cell3011	Epithelial	0.4412	0.3048	2
Cell3012	Epithelial	0.2498	0.0507	2
Cell3013	Adipocyte	0.5381	0.5414	2
Cell3014	Epithelial	0.9943	0.5552	2
Cell3015	Fibroblast	0.2216	0.0481	2
Cell3016	Adipocyte	0.7031	0.6605	2
Cell3017	Adipocyte	0.7444	0.3829	2
Cell3018	Adipocyte	0.9663	0.2208	2
Cell3019	Immune	0.5457	0.10780000000000001	2
Cell3020	Fibroblast	0.6891	0.3171	2
Cell3021	Immune	0.8799	0.8024	2
Cell3022	Epithelial	0.9522	0.7547	2
Cell3023	Fibroblast	0.4805	0.4995	2
Cell3024	Epithelial	0.3565	0.0726	2
Cell3025	Endothelial	0.1789	0.076	2
Cell3026	Adipocyte	0.2934	0.0279	2
Cell3027	Immune	0.9206	0.4006	2
Cell3028	Immune	0.381	0.3182	2
Cell3029	Epithelial	0.3779	0.2923	2
Cell3030	Epithelial	0.6437	0.647	2
Cell3031	Adipocyte	0.5074	0.0822	2
Cell3032	Adipocyte	0.8129	0.3783	2
Cell3033	Epithelial	0.9115	0.5552	2
Cell3034	Adipocyte	0.8928	0.4617	2
Cell3035	Epithelial	0.6504	0.6301	2
Cell3036	Adipocyte	0.5044	0.2604	2
Cell3037	Endothelial	0.7399	0.6344	2
Cell3038	Epithelial	0.5627	0.076	2
Cell3039	Fibroblast	0.4009	0.0808	2
Cell3040	Epithelial	0.4534	0.2431	2
Cell3041	Adipocyte	0.6705	0.6844	2
Cell3042	Epithelial	0.9812	0.7742	2
Cell3043	Endothelial	0.703	0.0151	2
Cell3044	Fibroblast	0.9346	0.9021	2
Cell3045	Fibroblast	0.3804	0.2608	2
Cell3046	Adipocyte	0.6962	0.126	2
Cell3047	Fibroblast	0.8947	0.3117	2
Cell3048	Adipocyte	0.7367	0.5846	2
Cell3049	Adipocyte	0.6633	0.0488	2
Cell3050	Adipocyte	0.6898	0.6389	2
Cell3051	Epithelial	0.9756	0.3705	2
Cell3052	Epithelial	0.5308	0.2241	2
Cell3053	Epithelial	0.6745	0.6919	2
Cell3054	Epithelial	0.7756	0.4358	2
Cell3055	Epithelial	0.4475	0.2662	2
Cell3056	Adipocyte	0.7433	0.3806	2
Cell3057	Epithelial	0.7453	0.4076	2
Cell3058	Adipocyte	0.7288	0.0451	2
Cell3059	Adipocyte	0.9017	0.9529	2
Cell3060	Adipocyte	0.8204	0.0252	2
Cell3061	Epithelial	0.6259	0.3781	2
Cell3062	Epithelial	0.3552	0.0732	2
Cell3063	Epithelial	0.8258	0.2057	2
Cell3064	Adipocyte	0.5012	0.0662	2
Cell3065	Adipocyte	0.7081	0.2557	2
Cell3066	Epithelial	0.7695	0.1286	2
Cell3067	Adipocyte	0.9155	0.7848	2
Cell3068	Epithelial	0.4927	0.2261	2
Cell3069	Endothelial	0.3364	0.0916	2
Cell3070	Adipocyte	0.8619	0.2049	2
Cell3071	Immune	0.8445	0.224	2
Cell3072	Fibroblast	0.6671	0.1223	2
Cell3073	Endothelial	0.9166	0.7878	2
Cell3074	Adipocyte	0.9465	0.5792	2
Cell3075	Adipocyte	0.8675	0.4029	2
Cell3076	Epithelial	0.378	0.0128	2
Cell3077	Adipocyte	0.9878	0.7743	2
Cell3078	Adipocyte	0.7357	0.7961	2
Cell3079	Endothelial	0.8166	0.899	2
Cell3080	Endothelial	0.6846	0.4866	2
Cell3081	Epithelial	0.5659	0.5568	2
Cell3082	Adipocyte	0.6884	0.0661	2
Cell3083	Epithelial	0.9237	0.8272	2
Cell3084	Adipocyte	0.7254	0.594	2
Cell3085	Adipocyte	0.9154	0.8602	2
Cell3086	Epithelial	0.5822	0.6373	2
Cell3087	Adipocyte	0.9119	0.1652	2
Cell3088	Endothelial	0.8251	0.0637	2
Cell3089	Endothelial	0.7517	0.7913	2
Cell3090	Immune	0.5896	0.4303	2
Cell3091	Epithelial	0.6167	0.4206	2
Cell3092	Epithelial	0.5881	0.3627	2
Cell3093	Fibroblast	0.7925	0.1266	2
Cell3094	Epithelial	0.8274	0.143	2
Cell3095	Fibroblast	0.8646	0.1451	2
Cell3096	Epithelial	0.8388	0.2977	2
Cell3097	Epithelial	0.3876	0.219	2
Cell3098	Adipocyte	0.9802	0.4637	2
Cell3099	Epithelial	0.3901	0.0892	2
Cell3100	Epithelial	0.8086	0.0058	2
Cell3101	Endothelial	0.8913	0.6652	2
Cell3102	Epithelial	0.8315	0.0972	2
Cell3103	Epithelial	0.8272	0.3757	2
Cell3104	Endothelial	0.8568	0.686	2
Cell3105	Epithelial	0.6312	0.0927	2
Cell3106	Endothelial	0.8601	0.4207	2
Cell3107	Fibroblast	0.378	0.1214	2
Cell3108	Adipocyte	0.5454	0.4173	2
Cell3109	Epithelial	0.3747	0.2477	2
Cell3110	Epithelial	0.5086	0.0206	2
Cell3111	Fibroblast	0.6543	0.6879	2
Cell3112	Epithelial	0.5471	0.2605	2
Cell3113	Epithelial	0.6809	0.3542	2
Cell3114	Epithelial	0.6002	0.1136	2
Cell3115	Epithelial	0.8587	0.1303	2
Cell3116	Adipocyte	0.7803	0.7349	2
Cell3117	Epithelial	0.2507	0.0459	2
Cell3118	Fibroblast	0.924	0.4163	2
Cell3119	Epithelial	0.6612	0.2726	2
Cell3120	Adipocyte	0.9221	0.4773	2
Cell3121	Adipocyte	0.9583	0.4612	2
Cell3122	Endothelial	0.9722	0.6102	2
Cell3123	Epithelial	0.594	0.4319	2
Cell3124	Epithelial	0.4276	0.178	2
Cell3125	Epithelial	0.6617	0.2252	2
Cell3126	Epithelial	0.5695	0.5001	2
Cell3127	Epithelial	0.6884	0.5184	2
Cell3128	Epithelial	0.9214	0.34	2
Cell3129	Immune	0.7932	0.6913	2
Cell3130	Adipocyte	0.9606	0.98740000000000006	2
Cell3131	Adipocyte	0.7315	0.1938	2
Cell3132	Epithelial	0.9426	0.3732	2
Cell3133	Adipocyte	0.936	0.4519	2
Cell3134	Epithelial	0.8286	0.8179	2
Cell3135	Endothelial	0.6518	0.0734	2
Cell3136	Muscle	0.9049	0.4572	2
Cell3137	Fibroblast	0.7805	0.759	2
Cell3138	Epithelial	0.9474	0.0173	2
Cell3139	Epithelial	0.906	0.5105	2
Cell3140	Epithelial	0.7511	0.1098	2
Cell3141	Adipocyte	0.4587	0.1324	2
Cell3142	Epithelial	0.9762	0.0169	2
Cell3143	Endothelial	0.569	0.1112	2
Cell3144	Muscle	0.3931	0.343	2
Cell3145	Epithelial	0.9055	0.3913	2
Cell3146	Endothelial	0.7959	0.1679	2
Cell3147	Muscle	0.8017	0.2759	2
Cell3148	Fibroblast	0.402	0.0192	2
Cell3149	Epithelial	0.8146	0.6946	2
Cell3150	Epithelial	0.3951	0.2994	2
Cell3151	Adipocyte	0.683	0.4395	2
Cell3152	Epithelial	0.9697	0.7046	2
Cell3153	Adipocyte	0.9817	0.5171	2
Cell3154	Endothelial	0.4521	0.2112	2
Cell3155	Fibroblast	0.6167	0.148	2
Cell3156	Epithelial	0.9273	0.0407	2
Cell3157	Epithelial	0.4305	0.4189	2
Cell3158	Immune	0.4123	0.1558	2
Cell3159	Epithelial	0.8891	0.3516	2
Cell3160	Endothelial	0.7081	0.3561	2
Cell3161	Muscle	0.7183	0.4958	2
Cell3162	Muscle	0.7467	0.095	2
Cell3163	Adipocyte	0.8651	0.6795	2
Cell3164	Adipocyte	0.6043	0.4956	2
Cell3165	Adipocyte	0.6916	0.5221	2
Cell3166	Endothelial	0.9698	0.7829	2
Cell3167	Immune	0.6938	0.5073	2
Cell3168	Fibroblast	0.8525	0.8117	2
Cell3169	Epithelial	0.6762	0.6337	2
Cell3170	Adipocyte	0.6301	0.0247	2
Cell3171	Adipocyte	0.4541	0.2949	2
Cell3172	Endothelial	0.9566	0.3207	2
Cell3173	Epithelial	0.5373	0.194	2
Cell3174	Epithelial	0.6177	0.0935	2
Cell3175	Epithelial	0.9945	0.253	2
Cell3176	Epithelial	0.9573	0.2081	2
Cell3177	Endothelial	0.7085	0.2724	2
Cell3178	Adipocyte	0.873	0.0359	2
Cell3179	Fibroblast	0.5314	0.4293	2
Cell3180	Epithelial	0.8933	0.3013	2
Cell3181	Epithelial	0.9089	0.1808	2
Cell3182	Epithelial	0.7617	0.6337	2
Cell3183	Fibroblast	0.907	0.4425	2
Cell3184	Epithelial	0.4657	0.0086	2
Cell3185	Endothelial	0.9577	0.524	2
Cell3186	Endothelial	0.801	0.1237	2
Cell3187	Fibroblast	0.8444	0.5319	2
Cell3188	Epithelial	0.8314	0.242	2
Cell3189	Fibroblast	0.8498	0.627	2
Cell3190	Adipocyte	0.8563	0.6619	2
Cell3191	Endothelial	0.5988	0.284	2
Cell3192	Epithelial	0.9404	0.6493	2
Cell3193	Epithelial	0.9295	0.6097	2
Cell3194	Epithelial	0.4961	0.0612	2
Cell3195	Fibroblast	0.2661	0.0832	2
Cell3196	Adipocyte	0.4548	0.4125	2
Cell3197	Epithelial	0.5798	0.0966	2
Cell3198	Fibroblast	0.2181	0.0066	2
Cell3199	Adipocyte	0.6859	0.3482	2
Cell3200	Adipocyte	0.9661	0.2233	2
Cell3201	Immune	0.5121	0.5087	2
Cell3202	Immune	0.8973	0.2445	2
Cell3203	Fibroblast	0.7898	0.6226	2
Cell3204	Muscle	0.5834	0.2618	2
Cell3205	Adipocyte	0.5351	0.2444	2
Cell3206	Fibroblast	0.7579	0.5632	2
Cell3207	Epithelial	0.7918	0.493	2
Cell3208	Adipocyte	0.7101	0.648	2
Cell3209	Muscle	0.3356	0.1468	2
Cell3210	Endothelial	0.455	0.4065	2
Cell3211	Epithelial	0.3138	0.098	2
Cell3212	Fibroblast	0.5443	0.286	2
Cell3213	Epithelial	0.864	0.6286	2
Cell3214	Immune	0.8179	0.7687	2
Cell3215	Adipocyte	0.9733	0.8541	2
Cell3216	Immune	0.7118	0.6419	2
Cell3217	Epithelial	0.7539	0.0747	2
Cell3218	Epithelial	0.6301	0.3545	2
Cell3219	Epithelial	0.5262	0.4565	2
Cell3220	Epithelial	0.8213	0.5733	2
Cell3221	Endothelial	0.6216	0.0123	2
Cell3222	Endothelial	0.7014	0.2649	2
Cell3223	Epithelial	0.429	0.0207	2
Cell3224	Immune	0.5166	0.3849	2
Cell3225	Adipocyte	0.379	0.0898	2
Cell3226	Endothelial	0.5941	0.3902	2
Cell3227	Epithelial	0.7128	0.2308	2
Cell3228	Epithelial	0.9056	0.5586	2
Cell3229	Fibroblast	0.9223	0.674	2
Cell3230	Epithelial	0.8663	0.5588	2
Cell3231	Epithelial	0.8662	0.5237	2
Cell3232	Endothelial	0.7565	0.7139	2
Cell3233	Epithelial	0.4349	0.1009	2
Cell3234	Epithelial	0.7075	0.1159	2
Cell3235	Immune	0.7313	0.3792	2
Cell3236	Epithelial	0.9935	0.3662	2
Cell3237	Adipocyte	0.7704	0.49370000000000003	2
Cell3238	Adipocyte	0.8877	0.2614	2
Cell3239	Adipocyte	0.8219	0.7922	2
Cell3240	Epithelial	0.4553	0.279	2
Cell3241	Adipocyte	0.8972	0.786	2
Cell3242	Epithelial	0.9877	0.4497	2
Cell3243	Epithelial	0.8039	0.6265	2
Cell3244	Endothelial	0.6894	0.1668	2
Cell3245	Epithelial	0.7341	0.5314	2
Cell3246	Adipocyte	0.4359	0.19	2
Cell3247	Adipocyte	0.8659	0.5199	2
Cell3248	Epithelial	0.8178	0.5444	2
Cell3249	Epithelial	0.9356	0.0478	2
Cell3250	Fibroblast	0.6797	0.5891	2
Cell3251	Epithelial	0.5408	0.2834	2
Cell3252	Epithelial	0.908	0.9733	2
Cell3253	Adipocyte	0.6634	0.3512	2
Cell3254	Endothelial	0.7469	0.6368	2
Cell3255	Epithelial	0.6623	0.7419	2
Cell3256	Adipocyte	0.3978	0.1948	2
Cell3257	Adipocyte	0.6887	0.5179	2
Cell3258	Adipocyte	0.4479	0.0596	2
Cell3259	Adipocyte	0.9745	0.0196	2
Cell3260	Adipocyte	0.841	0.7198	2
Cell3261	Endothelial	0.9512	0.5313	2
Cell3262	Endothelial	0.346	0.1027	2
Cell3263	Adipocyte	0.6986	0.4051	2
Cell3264	Epithelial	0.4519	0.3476	2
Cell3265	Endothelial	0.5591	0.0963	2
Cell3266	Epithelial	0.8921	0.0143	2
Cell3267	Fibroblast	0.7563	0.8613	2
Cell3268	Adipocyte	0.449	0.4428	2
Cell3269	Adipocyte	0.7842	0.2154	2
Cell3270	Epithelial	0.8818	0.1298	2
Cell3271	Epithelial	0.7365	0.7186	2
Cell3272	Adipocyte	0.9891	0.2673	2
Cell3273	Epithelial	0.4107	0.2287	2
Cell3274	Epithelial	0.5635	0.0314	2
Cell3275	Epithelial	0.9738	0.6867	2
Cell3276	Fibroblast	0.7437	0.3633	2
Cell3277	Epithelial	0.7341	0.444	2
Cell3278	Epithelial	0.9964	0.0231	2
Cell3279	Adipocyte	0.9308	0.7712	2
Cell3280	Adipocyte	0.9042	0.7332	2
Cell3281	Epithelial	0.955	0.906	2
Cell3282	Adipocyte	0.3666	0.1201	2
Cell3283	Endothelial	0.8321	0.3195	2
Cell3284	Endothelial	0.4131	0.0948	2
Cell3285	Fibroblast	0.5299	0.4818	2
Cell3286	Epithelial	0.9586	0.8662	2
Cell3287	Epithelial	0.9801	0.2332	2
Cell3288	Endothelial	0.5857	0.0601	2
Cell3289	Epithelial	0.3937	0.2636	2
Cell3290	Epithelial	0.7647	0.6719	2
Cell3291	Fibroblast	0.4705	0.0379	2
Cell3292	Endothelial	0.9174	0.5272	2
Cell3293	Epithelial	0.7698	0.1662	2
Cell3294	Endothelial	0.5818	0.6328	2
Cell3295	Adipocyte	0.8265	0.0765	2
Cell3296	Fibroblast	0.4744	0.1287	2
Cell3297	Adipocyte	0.8461	0.5045	2
Cell3298	Endothelial	0.8939	0.2726	2
Cell3299	Epithelial	0.7727	0.1117	2
Cell3300	Epithelial	0.8143	0.5733	2
Cell3301	Fibroblast	0.9417	0.3666	2
Cell3302	Fibroblast	0.4269	0.332	2
Cell3303	Adipocyte	0.5066	0.295	2
Cell3304	Endothelial	0.5585	0.21	2
Cell3305	Epithelial	0.2922	0.01	2
Cell3306	Adipocyte	0.9243	0.7234	2
Cell3307	Adipocyte	0.7918	0.7338	2
Cell3308	Epithelial	0.5483	0.5133	2
Cell3309	Endothelial	0.777	0.1433	2
Cell3310	Epithelial	0.8335	0.2609	2
Cell3311	Epithelial	0.9385	0.7408	2
Cell3312	Immune	0.7699	0.0077	2
Cell3313	Fibroblast	0.8223	0.2442	2
Cell3314	Epithelial	0.4612	0.1607	2
Cell3315	Epithelial	0.9931	0.5092	2
Cell3316	Epithelial	0.9705	0.574	2
Cell3317	Adipocyte	0.3941	0.2736	2
Cell3318	Epithelial	0.8411	0.5433	2
Cell3319	Adipocyte	0.4406	0.0582	2
Cell3320	Adipocyte	0.8996	0.3977	2
Cell3321	Adipocyte	0.6049	0.1489	2
Cell3322	Adipocyte	0.7217	0.6054	2
Cell3323	Adipocyte	0.693	0.5074	2
Cell3324	Endothelial	0.7065	0.3119	2
Cell3325	Immune	0.8948	0.9457	2
Cell3326	Fibroblast	0.73	0.4243	2
Cell3327	Epithelial	0.9795	0.5981	2
Cell3328	Adipocyte	0.7525	0.6424	2
Cell3329	Epithelial	0.9727	0.9807	2
Cell3330	Adipocyte	0.982	0.4957	2
Cell3331	Endothelial	0.9806	0.9357	2
Cell3332	Epithelial	0.7262	0.6834	2
Cell3333	Adipocyte	0.7781	0.0112	2
Cell3334	Fibroblast	0.686	2e-4	2
Cell3335	Epithelial	0.7703	0.2185	2
Cell3336	Adipocyte	0.7202	0.2152	2
Cell3337	Epithelial	0.5199	0.456	2
Cell3338	Endothelial	0.4305	0.2972	2
Cell3339	Immune	0.1649	0.0935	2
Cell3340	Endothelial	0.6425	0.5387	2
Cell3341	Endothelial	0.7642	0.239	2
Cell3342	Adipocyte	0.6216	0.3158	2
Cell3343	Endothelial	0.7474	0.214	2
Cell3344	Endothelial	0.5354	0.3615	2
Cell3345	Endothelial	0.6577	0.5684	2
Cell3346	Endothelial	0.9446	0.3612	2
Cell3347	Epithelial	0.7944	0.872	2
Cell3348	Adipocyte	0.9104	0.0142	2
Cell3349	Epithelial	0.7546	0.0551	2
Cell3350	Epithelial	0.8384	0.7921	2
Cell3351	Endothelial	0.5347	0.2901	2
Cell3352	Fibroblast	0.7787	0.2342	2
Cell3353	Adipocyte	0.4774	0.0456	2
Cell3354	Endothelial	0.6672	0.6553	2
Cell3355	Epithelial	0.369	0.2604	2
Cell3356	Endothelial	0.7683	0.49	2
Cell3357	Fibroblast	0.536	0.5705	2
Cell3358	Epithelial	0.651	0.4207	2
Cell3359	Endothelial	0.4282	0.1131	2
Cell3360	Fibroblast	0.82	0.851	2
Cell3361	Adipocyte	0.6641	0.2892	2
Cell3362	Epithelial	0.4428	0.2553	2
Cell3363	Epithelial	0.8683	0.2869	2
Cell3364	Epithelial	0.5589	0.5456	2
Cell3365	Adipocyte	0.6014	0.301	2
Cell3366	Epithelial	0.8771	0.4605	2
Cell3367	Epithelial	0.7442	0.7947	2
Cell3368	Adipocyte	0.4493	0.3993	2
Cell3369	Endothelial	0.5523	0.4632	2
Cell3370	Adipocyte	0.225	0.0803	2
Cell3371	Endothelial	0.8627	0.7063	2
Cell3372	Epithelial	0.6702	0.3845	2
Cell3373	Epithelial	0.9362	0.183	2
Cell3374	Epithelial	0.816	0.4806	2
Cell3375	Epithelial	0.9507	0.9092	2
Cell3376	Epithelial	0.8806	0.6698	2
Cell3377	Fibroblast	0.4611	0.4547	2
Cell3378	Immune	0.7353	0.3378	2
Cell3379	Adipocyte	0.9314	0.2087	2
Cell3380	Endothelial	0.4388	0.2885	2
Cell3381	Endothelial	0.4644	0.4851	2
Cell3382	Adipocyte	0.4717	0.3391	2
Cell3383	Epithelial	0.8305	0.8205	2
Cell3384	Muscle	0.5847	0.3119	2
Cell3385	Adipocyte	0.9945	0.9416	2
Cell3386	Adipocyte	0.515	0.4824	2
Cell3387	Adipocyte	0.9786	0.3854	2
Cell3388	Adipocyte	0.9691	0.8537	2
Cell3389	Epithelial	0.5021	0.1501	2
Cell3390	Fibroblast	0.6312	0.3123	2
Cell3391	Adipocyte	0.8964	0.8604	2
Cell3392	Epithelial	0.5544	0.6457	2
Cell3393	Fibroblast	0.7319	0.6357	2
Cell3394	Adipocyte	0.8895	0.1489	2
Cell3395	Epithelial	0.8097	0.0079	2
Cell3396	Epithelial	0.5932	0.1864	2
Cell3397	Epithelial	0.6633	0.0771	2
Cell3398	Epithelial	0.5301	0.2103	2
Cell3399	Adipocyte	0.7851	0.2533	2
Cell3400	Adipocyte	0.8013	0.1243	2
Cell3401	Epithelial	0.4315	0.0999	2
Cell3402	Fibroblast	0.9125	0.3119	2
Cell3403	Fibroblast	0.786	0.8612	2
Cell3404	Adipocyte	0.8541	0.493	2
Cell3405	Epithelial	0.5713	0.563	2
Cell3406	Epithelial	0.6008	0.5638	2
Cell3407	Epithelial	0.6885	0.114	2
Cell3408	Fibroblast	0.9271	0.7047	2
Cell3409	Adipocyte	0.4063	0.3837	2
Cell3410	Adipocyte	0.7166	0.7841	2
Cell3411	Adipocyte	0.7788	0.6463	2
Cell3412	Adipocyte	0.7888	0.2178	2
Cell3413	Endothelial	0.1935	0.0733	2
Cell3414	Adipocyte	0.8525	0.7189	2
Cell3415	Immune	0.9744	0.6335	2
Cell3416	Epithelial	0.182	0.0258	2
Cell3417	Epithelial	0.732	0.2941	2
Cell3418	Adipocyte	0.8991	0.3727	2
Cell3419	Epithelial	0.4956	0.4168	2
Cell3420	Endothelial	0.8976	0.8858	2
Cell3421	Adipocyte	0.7091	0.2429	2
Cell3422	Epithelial	0.9002	0.8834	2
Cell3423	Epithelial	0.9279	0.3264	2
Cell3424	Fibroblast	0.9703	0.9094	2
Cell3425	Epithelial	0.8956	0.6411	2
Cell3426	Fibroblast	0.8568	0.8132	2
Cell3427	Epithelial	0.9241	0.5141	2
Cell3428	Fibroblast	0.881	0.2291	2
Cell3429	Adipocyte	0.2254	0.0692	2
Cell3430	Fibroblast	0.8754	0.804	2
Cell3431	Adipocyte	0.8602	0.0245	2
Cell3432	Fibroblast	0.6508	0.1926	2
Cell3433	Adipocyte	0.9892	0.8185	2
Cell3434	Epithelial	0.5674	0.6278	2
Cell3435	Epithelial	0.8255	0.0078	2
Cell3436	Adipocyte	0.6653	0.6833	2
Cell3437	Adipocyte	0.6041	0.644	2
Cell3438	Adipocyte	0.8825	0.7914	2
Cell3439	Endothelial	0.8952	0.1314	2
Cell3440	Epithelial	0.7451	0.2637	2
Cell3441	Immune	0.7655	0.6766	2
Cell3442	Adipocyte	0.9551	0.6971	2
Cell3443	Fibroblast	0.7257	0.6686	2
Cell3444	Epithelial	0.7066	0.1817	2
Cell3445	Epithelial	0.7714	0.04	2
Cell3446	Epithelial	0.7906	0.0931	2
Cell3447	Muscle	0.8698	0.0251	2
Cell3448	Epithelial	0.6022	0.0444	2
Cell3449	Adipocyte	0.6158	0.0935	2
Cell3450	Adipocyte	0.6496	2e-4	2
Cell3451	Fibroblast	0.4431	0.1933	2
Cell3452	Endothelial	0.6016	0.5519	2
Cell3453	Epithelial	0.58	0.3373	2
Cell3454	Fibroblast	0.992	0.2123	2
Cell3455	Epithelial	0.6575	0.1649	2
Cell3456	Epithelial	0.4989	0.4049	2
Cell3457	Adipocyte	0.5199	0.362	2
Cell3458	Adipocyte	0.9167	0.9927	2
Cell3459	Adipocyte	0.9042	0.953	2
Cell3460	Adipocyte	0.9787	0.0158	2
Cell3461	Epithelial	0.9936	0.3161	2
Cell3462	Adipocyte	0.5972	0.3797	2
Cell3463	Epithelial	0.7528	0.6678	2
Cell3464	Endothelial	0.9947	0.9953	2
Cell3465	Epithelial	0.3435	0.052	2
Cell3466	Epithelial	0.7922	0.6371	2
Cell3467	Epithelial	0.1648	0.0955	2
Cell3468	Epithelial	0.9903	0.6919	2
Cell3469	Epithelial	0.622	0.3499	2
Cell3470	Endothelial	0.5938	0.5091	2
Cell3471	Epithelial	0.5647	0.3433	2
Cell3472	Epithelial	0.6537	0.6478	2
Cell3473	Fibroblast	0.7654	0.0828	2
Cell3474	Endothelial	0.4275	0.3239	2
Cell3475	Endothelial	0.4685	0.1395	2
Cell3476	Endothelial	0.7216	0.4046	2
Cell3477	Adipocyte	0.7362	0.322	2
Cell3478	Adipocyte	0.9574	0.2817	2
Cell3479	Adipocyte	0.2759	0.0653	2
Cell3480	Epithelial	0.8952	0.2679	2
Cell3481	Adipocyte	0.9449	0.7719	2
Cell3482	Endothelial	0.9446	0.7397	2
Cell3483	Immune	0.7542	0.0575	2
Cell3484	Adipocyte	0.7447	0.6303	2
Cell3485	Adipocyte	0.9586	0.1071	2
Cell3486	Adipocyte	0.5113	0.5754	2
Cell3487	Epithelial	0.7801	0.26	2
Cell3488	Endothelial	0.7677	0.7657	2
Cell3489	Epithelial	0.9333	0.3598	2
Cell3490	Fibroblast	0.682	0.2578	2
Cell3491	Adipocyte	0.7963	0.4518	2
Cell3492	Epithelial	0.7044	0.0738	2
Cell3493	Endothelial	0.9932	0.3135	2
Cell3494	Fibroblast	0.8971	0.0358	2
Cell3495	Adipocyte	0.7995	0.6553	2
Cell3496	Epithelial	0.8135	0.5405	2
Cell3497	Fibroblast	0.4117	0.2963	2
Cell3498	Epithelial	0.4895	0.1358	2
Cell3499	Adipocyte	0.83	0.36870000000000003	2
Cell3500	Fibroblast	0.5605	0.0721	2
Cell3501	Adipocyte	0.7392	0.7176	2
Cell3502	Fibroblast	0.4282	0.2124	2
Cell3503	Epithelial	0.6547	0.6286	2
Cell3504	Adipocyte	0.8469	0.1733	2
Cell3505	Endothelial	0.4686	0.0054	2
Cell3506	Adipocyte	0.6744	0.0044	2
Cell3507	Epithelial	0.5761	0.2491	2
Cell3508	Adipocyte	0.4362	0.3087	2
Cell3509	Adipocyte	0.8891	0.2967	2
Cell3510	Adipocyte	0.9553	0.4412	2
Cell3511	Endothelial	0.411	0.1404	2
Cell3512	Epithelial	0.575	0.1362	2
Cell3513	Endothelial	0.862	0.5617	2
Cell3514	Adipocyte	0.8694	0.9862	2
Cell3515	Epithelial	0.6626	0.6617	2
Cell3516	Immune	0.7888	0.1013	2
Cell3517	Endothelial	0.6307	0.4247	2
Cell3518	Adipocyte	0.6585	0.3496	2
Cell3519	Endothelial	0.186	0.0527	2
Cell3520	Adipocyte	0.6409	0.0778	2
Cell3521	Immune	0.5495	0.3861	2
Cell3522	Fibroblast	0.9141	0.3532	2
Cell3523	Endothelial	0.6574	0.1772	2
Cell3524	Epithelial	0.2308	0.0798	2
Cell3525	Epithelial	0.4612	0.3772	2
Cell3526	Adipocyte	0.6158	0.5389	2
Cell3527	Immune	0.8038	0.863	2
Cell3528	Epithelial	0.4554	0.2986	2
Cell3529	Epithelial	0.9972	0.9762	2
Cell3530	Epithelial	0.4723	0.1398	2
Cell3531	Adipocyte	0.4346	0.4	2
Cell3532	Adipocyte	0.5731	0.2601	2
Cell3533	Immune	0.4229	0.4243	2
Cell3534	Epithelial	0.7329	0.2161	2
Cell3535	Fibroblast	0.5786	0.1311	2
Cell3536	Fibroblast	0.6609	0.4188	2
Cell3537	Epithelial	0.6577	0.3505	2
Cell3538	Epithelial	0.5936	0.2831	2
Cell3539	Epithelial	0.9168	0.4594	2
Cell3540	Fibroblast	0.8478	0.6901	2
Cell3541	Adipocyte	0.6759	0.5488	2
Cell3542	Epithelial	0.4663	0.3894	2
Cell3543	Epithelial	0.7431	0.3438	2
Cell3544	Epithelial	0.551	0.3571	2
Cell3545	Epithelial	0.5894	0.393	2
Cell3546	Epithelial	0.6639	0.3872	2
Cell3547	Fibroblast	0.9652	0.5951	2
Cell3548	Epithelial	0.5269	0.3868	2
Cell3549	Endothelial	0.3519	0.1884	2
Cell3550	Adipocyte	0.9088	0.3058	2
Cell3551	Epithelial	0.8987	0.0143	2
Cell3552	Endothelial	0.7083	0.7379	2
Cell3553	Adipocyte	0.9036	0.7286	2
Cell3554	Endothelial	0.4334	0.0038	2
Cell3555	Epithelial	0.4286	0.121	2
Cell3556	Endothelial	0.8326	0.1625	2
Cell3557	Muscle	0.8006	0.4061	2
Cell3558	Epithelial	0.8774	0.3479	2
Cell3559	Epithelial	0.5646	0.3126	2
Cell3560	Epithelial	0.7338	0.7832	2
Cell3561	Adipocyte	0.9462	0.47	2
Cell3562	Adipocyte	0.55	0.6182	2
Cell3563	Endothelial	0.9637	0.6142	2
Cell3564	Adipocyte	0.9829	0.7743	2
Cell3565	Fibroblast	0.9666	0.7409	2
Cell3566	Adipocyte	0.4692	0.3588	2
Cell3567	Adipocyte	0.9969	0.1139	2
Cell3568	Adipocyte	0.7144	0.4403	2
Cell3569	Epithelial	0.4419	0.308	2
Cell3570	Adipocyte	0.4759	0.1581	2
Cell3571	Epithelial	0.7144	0.7502	2
Cell3572	Immune	0.4981	0.4849	2
Cell3573	Immune	0.7773	0.5717	2
Cell3574	Fibroblast	0.5587	0.1441	2
Cell3575	Epithelial	0.6476	0.3396	2
Cell3576	Fibroblast	0.6168	0.5423	2
Cell3577	Adipocyte	0.9549	0.548	2
Cell3578	Adipocyte	0.6609	0.0779	2
Cell3579	Epithelial	0.5193	0.1377	2
Cell3580	Epithelial	0.9461	0.1863	2
Cell3581	Adipocyte	0.7645	0.8563	2
Cell3582	Fibroblast	0.8579	0.6932	2
Cell3583	Endothelial	0.2816	0.0356	2
Cell3584	Epithelial	0.3859	0.0546	2
Cell3585	Immune	0.4277	0.3536	2
Cell3586	Epithelial	0.9911	0.5091	2
Cell3587	Epithelial	0.3423	0.0805	2
Cell3588	Muscle	0.8106	0.5089	2
Cell3589	Adipocyte	0.7043	0.0947	2
Cell3590	Epithelial	0.9254	0.1515	2
Cell3591	Fibroblast	0.9586	0.8744	2
Cell3592	Endothelial	0.8708	0.9459	2
Cell3593	Epithelial	0.3097	0.1061	2
Cell3594	Endothelial	0.5138	0.4607	2
Cell3595	Adipocyte	0.8597	0.2916	2
Cell3596	Adipocyte	0.9578	0.5414	2
Cell3597	Epithelial	0.8287	0.2742	2
Cell3598	Epithelial	0.5574	0.1933	2
Cell3599	Adipocyte	0.2005	0.0458	2
Cell3600	Muscle	0.9991	0.1386	2
Cell3601	Adipocyte	0.8727	0.3802	2
Cell3602	Adipocyte	0.9951	0.6207	2
Cell3603	Epithelial	0.6344	0.4066	2
Cell3604	Fibroblast	0.3901	0.277	2
Cell3605	Fibroblast	0.5022	0.1493	2
Cell3606	Adipocyte	0.9331	0.1795	2
Cell3607	Muscle	0.5324	0.3399	2
Cell3608	Adipocyte	0.6128	0.1988	2
Cell3609	Epithelial	0.6553	0.6172	2
Cell3610	Adipocyte	0.9237	0.4862	2
Cell3611	Fibroblast	0.7686	0.2455	2
Cell3612	Fibroblast	0.8477	0.1919	2
Cell3613	Adipocyte	0.8832	0.5324	2
Cell3614	Muscle	0.757	0.4917	2
Cell3615	Fibroblast	0.9877	0.4025	2
Cell3616	Adipocyte	0.7177	0.272	2
Cell3617	Adipocyte	0.4291	0.3257	2
Cell3618	Epithelial	0.9505	0.8643	2
Cell3619	Epithelial	0.3152	0.0653	2
Cell3620	Endothelial	0.6028	0.6408	2
Cell3621	Adipocyte	0.998	0.133	2
Cell3622	Adipocyte	0.3586	0.3206	2
Cell3623	Fibroblast	0.5108	0.0859	2
Cell3624	Fibroblast	0.8141	0.2218	2
Cell3625	Adipocyte	0.5301	0.249	2
Cell3626	Epithelial	0.3477	0.09	2
Cell3627	Adipocyte	0.9255	0.7666	2
Cell3628	Fibroblast	0.9146	0.0589	2
Cell3629	Adipocyte	0.8075	0.6773	2
Cell3630	Adipocyte	0.5294	0.1089	2
Cell3631	Adipocyte	0.8914	0.5778	2
Cell3632	Immune	0.9846	0.7205	2
Cell3633	Adipocyte	0.5812	0.3629	2
Cell3634	Muscle	0.5026	0.0148	2
Cell3635	Immune	0.6085	0.4541	2
Cell3636	Fibroblast	0.4429	0.2212	2
Cell3637	Epithelial	0.8595	0.1186	2
Cell3638	Epithelial	0.9903	0.7029	2
Cell3639	Adipocyte	0.2254	0.0017	2
Cell3640	Adipocyte	0.9214	0.4483	2
Cell3641	Adipocyte	0.8115	0.5697	2
Cell3642	Adipocyte	0.6145	0.4858	2
Cell3643	Fibroblast	0.9309	0.8994	2
Cell3644	Epithelial	0.996	0.6101	2
Cell3645	Epithelial	0.9554	0.8712	2
Cell3646	Fibroblast	0.5442	0.5109	2
Cell3647	Epithelial	0.9965	0.8482	2
Cell3648	Adipocyte	0.7127	0.0407	2
Cell3649	Adipocyte	0.4995	0.2753	2
Cell3650	Epithelial	0.9818	0.0354	2
Cell3651	Epithelial	0.6088	0.5424	2
Cell3652	Endothelial	0.612	0.5623	2
Cell3653	Adipocyte	0.8608	0.4063	2
Cell3654	Epithelial	0.6201	0.337	2
Cell3655	Epithelial	0.8151	0.6988	2
Cell3656	Fibroblast	0.5006	0.0898	2
Cell3657	Adipocyte	0.5037	0.347	2
Cell3658	Adipocyte	0.4353	0.0393	2
Cell3659	Fibroblast	0.8131	0.7141	2
Cell3660	Epithelial	0.5748	0.38	2
Cell3661	Endothelial	0.6755	0.3165	2
Cell3662	Endothelial	0.3624	0.1781	2
Cell3663	Epithelial	0.8482	0.6949	2
Cell3664	Adipocyte	0.5651	0.5458	2
Cell3665	Adipocyte	0.3876	0.0409	2
Cell3666	Fibroblast	0.5443	0.5415	2
Cell3667	Endothelial	0.7608	0.2185	2
Cell3668	Fibroblast	0.6276	0.6088	2
Cell3669	Adipocyte	0.7634	0.8578	2
Cell3670	Epithelial	0.5272	0.4065	2
Cell3671	Immune	0.623	0.2124	2
Cell3672	Epithelial	0.9663	0.6824	2
Cell3673	Epithelial	0.9746	0.538	2
Cell3674	Endothelial	0.8387	0.5741	2
Cell3675	Epithelial	0.7528	0.0017	2
Cell3676	Fibroblast	0.3734	0.3136	2
Cell3677	Fibroblast	0.9243	0.9734	2
Cell3678	Epithelial	0.5998	0.0409	2
Cell3679	Adipocyte	0.8281	0.7717	2
Cell3680	Fibroblast	0.9581	0.6553	2
Cell3681	Epithelial	0.8589	0.2063	2
Cell3682	Adipocyte	0.1671	0.0522	2
Cell3683	Adipocyte	0.8387	0.4699	2
Cell3684	Adipocyte	0.9141	0.3234	2
Cell3685	Epithelial	0.448	0.3221	2
Cell3686	Epithelial	0.8534	0.7318	2
Cell3687	Epithelial	0.5571	0.2162	2
Cell3688	Fibroblast	0.4187	0.3935	2
Cell3689	Epithelial	0.6736	0.255	2
Cell3690	Epithelial	0.7807	0.5519	2
Cell3691	Fibroblast	0.7996	0.5914	2
Cell3692	Adipocyte	0.5652	0.5236	2
Cell3693	Adipocyte	0.9196	0.0966	2
Cell3694	Epithelial	0.4206	0.2831	2
Cell3695	Epithelial	0.8602	0.1669	2
Cell3696	Muscle	0.4874	0.0967	2
Cell3697	Epithelial	0.6696	0.7125	2
Cell3698	Fibroblast	0.9092	0.2569	2
Cell3699	Epithelial	0.4453	0.0649	2
Cell3700	Adipocyte	0.6486	0.4717	2
Cell3701	Endothelial	0.6521	0.1514	2
Cell3702	Adipocyte	0.559	0.4297	2
Cell3703	Endothelial	0.7251	0.4569	2
Cell3704	Adipocyte	0.5822	0.1103	2
Cell3705	Fibroblast	0.4873	0.46	2
Cell3706	Epithelial	0.443	0.3073	2
Cell3707	Adipocyte	0.4989	0.3618	2
Cell3708	Adipocyte	0.2425	0.0331	2
Cell3709	Adipocyte	0.6546	0.2487	2
Cell3710	Epithelial	0.5578	0.5823	2
Cell3711	Epithelial	0.987	0.7311	2
Cell3712	Epithelial	0.8548	0.2795	2
Cell3713	Epithelial	0.8977	0.2771	2
Cell3714	Fibroblast	0.6849	0.1751	2
Cell3715	Epithelial	0.8385	0.3249	2
Cell3716	Epithelial	0.9163	0.573	2
Cell3717	Fibroblast	0.7389	0.2036	2
Cell3718	Adipocyte	0.9062	0.1832	2
Cell3719	Epithelial	0.8749	0.6978	2
Cell3720	Endothelial	0.5034	0.5623	2
Cell3721	Endothelial	0.6886	0.4874	2
Cell3722	Adipocyte	0.8116	0.4634	2
Cell3723	Adipocyte	0.7284	0.6729	2
Cell3724	Epithelial	0.9708	0.422	2
Cell3725	Adipocyte	0.826	0.0712	2
Cell3726	Epithelial	0.8	0.179	2
Cell3727	Adipocyte	0.877	0.1169	2
Cell3728	Fibroblast	0.9992	0.4401	2
Cell3729	Immune	0.9178	0.3375	2
Cell3730	Adipocyte	0.7424	0.422	2
Cell3731	Epithelial	0.4026	0.3453	2
Cell3732	Epithelial	0.632	0.4294	2
Cell3733	Epithelial	0.7068	0.1404	2
Cell3734	Epithelial	0.7397	0.6317	2
Cell3735	Fibroblast	0.4424	0.2174	2
Cell3736	Adipocyte	0.8355	0.4903	2
Cell3737	Fibroblast	0.4453	0.1852	2
Cell3738	Endothelial	0.6187	0.2389	2
Cell3739	Epithelial	0.5858	0.0215	2
Cell3740	Epithelial	0.6839	0.0457	2
Cell3741	Immune	0.4546	0.3522	2
Cell3742	Immune	0.7277	0.4871	2
Cell3743	Adipocyte	0.8182	0.405	2
Cell3744	Adipocyte	0.8922	0.8994	2
Cell3745	Epithelial	0.555	0.3978	2
Cell3746	Adipocyte	0.6609	0.1592	2
Cell3747	Epithelial	0.8038	0.5386	2
Cell3748	Epithelial	0.7027	0.6154	2
Cell3749	Fibroblast	0.6054	0.6425	2
Cell3750	Epithelial	0.7086	0.0354	2
Cell3751	Endothelial	0.9858	0.1861	2
Cell3752	Muscle	0.8305	0.6934	2
Cell3753	Fibroblast	0.6291	0.6251	2
Cell3754	Fibroblast	0.7795	0.7773	2
Cell3755	Epithelial	0.9744	0.7538	2
Cell3756	Endothelial	0.7397	0.1064	2
Cell3757	Adipocyte	0.9142	0.797	2
Cell3758	Endothelial	0.7887	0.0918	2
Cell3759	Fibroblast	0.9915	0.8919	2
Cell3760	Epithelial	0.593	0.339	2
Cell3761	Epithelial	0.792	0.529	2
Cell3762	Immune	0.6011	0.5901	2
Cell3763	Epithelial	0.4463	0.0401	2
Cell3764	Adipocyte	0.7699	0.6253	2
Cell3765	Epithelial	0.7858	0.7175	2
Cell3766	Fibroblast	0.7219	0.438	2
Cell3767	Endothelial	0.6582	0.3298	2
Cell3768	Adipocyte	0.8178	0.0944	2
Cell3769	Epithelial	0.7713	0.0685	2
Cell3770	Muscle	0.3295	0.0359	2
Cell3771	Epithelial	0.9022	0.8484	2
Cell3772	Adipocyte	0.6407	0.1596	2
Cell3773	Endothelial	0.9375	0.1473	2
Cell3774	Adipocyte	0.9553	0.4951	2
Cell3775	Epithelial	0.5836	0.5305	2
Cell3776	Immune	0.6399	0.4655	2
Cell3777	Immune	0.4526	0.0257	2
Cell3778	Endothelial	0.5557	0.0809	2
Cell3779	Epithelial	0.9108	0.5929	2
Cell3780	Epithelial	0.2558	0.0287	2
Cell3781	Epithelial	0.4833	0.2298	2
Cell3782	Adipocyte	0.5854	0.5359	2
Cell3783	Epithelial	0.889	0.035	2
Cell3784	Epithelial	0.531	0.117	2
Cell3785	Endothelial	0.7079	0.0619	2
Cell3786	Immune	0.8622	0.2659	2
Cell3787	Epithelial	0.7867	0.1423	2
Cell3788	Epithelial	0.548	0.4084	2
Cell3789	Adipocyte	0.9068	0.398	2
Cell3790	Epithelial	0.5802	0.3902	2
Cell3791	Epithelial	0.6881	0.0385	2
Cell3792	Epithelial	0.8861	0.7691	2
Cell3793	Epithelial	0.3427	0.0504	2
Cell3794	Fibroblast	0.8213	0.3239	2
Cell3795	Epithelial	0.5989	0.1267	2
Cell3796	Immune	0.8029	0.04	2
Cell3797	Epithelial	0.8755	0.2298	2
Cell3798	Epithelial	0.9197	0.2569	2
Cell3799	Epithelial	0.784	0.6226	2
Cell3800	Adipocyte	0.6957	0.2068	2
Cell3801	Adipocyte	0.4936	0.256	2
Cell3802	Fibroblast	0.8716	0.9101	2
Cell3803	Endothelial	0.6836	0.0316	2
Cell3804	Muscle	0.9729	0.6316	2
Cell3805	Epithelial	0.8795	0.1251	2
Cell3806	Epithelial	0.8576	0.8896	2
Cell3807	Adipocyte	0.4634	0.033	2
Cell3808	Epithelial	0.8092	0.2325	2
Cell3809	Adipocyte	0.8724	0.931	2
Cell3810	Epithelial	0.6518	0.5937	2
Cell3811	Fibroblast	0.3689	0.1319	2
Cell3812	Epithelial	0.3943	0.1992	2
Cell3813	Epithelial	0.8175	0.5834	2
Cell3814	Endothelial	0.8293	0.4784	2
Cell3815	Adipocyte	0.682	0.6945	2
Cell3816	Adipocyte	0.7386	0.5073	2
Cell3817	Endothelial	0.5437	0.563	2
Cell3818	Adipocyte	0.3537	0.10780000000000001	2
Cell3819	Adipocyte	0.7797	0.2195	2
Cell3820	Epithelial	0.584	0.6498	2
Cell3821	Adipocyte	0.9456	0.8196	2
Cell3822	Immune	0.5548	0.2363	2
Cell3823	Adipocyte	0.5938	0.1866	2
Cell3824	Immune	0.6839	0.3666	2
Cell3825	Muscle	0.2851	0.0183	2
Cell3826	Adipocyte	0.5515	0.5618	2
Cell3827	Adipocyte	0.719	0.163	2
Cell3828	Immune	0.8138	0.7819	2
Cell3829	Adipocyte	0.4395	0.2409	2
Cell3830	Immune	0.8067	0.3977	2
Cell3831	Adipocyte	0.6982	0.2935	2
Cell3832	Endothelial	0.7031	0.6493	2
Cell3833	Epithelial	0.7498	0.7422	2
Cell3834	Epithelial	0.7464	0.6876	2
Cell3835	Epithelial	0.8588	0.1104	2
Cell3836	Epithelial	0.7032	0.1461	2
Cell3837	Epithelial	0.7122	0.0376	2
Cell3838	Immune	0.4005	0.3817	2
Cell3839	Fibroblast	0.4384	0.3774	2
Cell3840	Endothelial	0.8919	0.6689	2
Cell3841	Epithelial	0.9101	0.7024	2
Cell3842	Endothelial	0.4666	0.2939	2
Cell3843	Epithelial	0.4409	0.0265	2
Cell3844	Immune	0.8681	0.505	2
Cell3845	Adipocyte	0.7244	0.4778	2
Cell3846	Epithelial	0.6151	0.017	2
Cell3847	Epithelial	0.3525	0.2571	2
Cell3848	Epithelial	0.6272	0.1093	2
Cell3849	Adipocyte	0.9541	0.9905	2
Cell3850	Adipocyte	0.9499	0.9827	2
Cell3851	Epithelial	0.7565	0.495	2
Cell3852	Endothelial	0.8825	0.8309	2
Cell3853	Endothelial	0.541	0.4516	2
Cell3854	Epithelial	0.3183	0.0751	2
Cell3855	Epithelial	0.8924	0.7547	2
Cell3856	Adipocyte	0.5577	0.2096	2
Cell3857	Adipocyte	0.7841	0.3848	2
Cell3858	Immune	0.7437	0.1942	2
Cell3859	Adipocyte	0.5183	0.2684	2
Cell3860	Fibroblast	0.7155	0.6268	2
Cell3861	Endothelial	0.8779	0.8827	2
Cell3862	Fibroblast	0.7052	0.2406	2
Cell3863	Immune	0.6064	0.3985	2
Cell3864	Immune	0.6208	0.2267	2
Cell3865	Endothelial	0.455	0.1795	2
Cell3866	Epithelial	0.7106	0.3452	2
Cell3867	Epithelial	0.8267	0.644	2
Cell3868	Endothelial	0.3765	0.0296	2
Cell3869	Epithelial	0.1792	0.0655	2
Cell3870	Muscle	0.8865	0.4143	2
Cell3871	Immune	0.8743	0.034	2
Cell3872	Epithelial	0.7245	0.4398	2
Cell3873	Epithelial	0.6245	0.238	2
Cell3874	Immune	0.8661	0.5227	2
Cell3875	Adipocyte	0.951	0.1286	2
Cell3876	Epithelial	0.6464	0.1197	2
Cell3877	Epithelial	0.5223	0.3813	2
Cell3878	Epithelial	0.9276	0.9927	2
Cell3879	Adipocyte	0.8897	0.7165	2
Cell3880	Fibroblast	0.5574	0.1833	2
Cell3881	Fibroblast	0.9075	0.3246	2
Cell3882	Endothelial	0.7033	0.1897	2
Cell3883	Epithelial	0.9083	0.9392	2
Cell3884	Fibroblast	0.8784	0.9	2
Cell3885	Adipocyte	0.5319	0.4194	2
Cell3886	Epithelial	0.765	0.4915	2
Cell3887	Adipocyte	0.808	0.2046	2
Cell3888	Fibroblast	0.8536	0.0634	2
Cell3889	Epithelial	0.9127	0.8295	2
Cell3890	Adipocyte	0.4354	0.0403	2
Cell3891	Adipocyte	0.496	0.3954	2
Cell3892	Adipocyte	0.9641	0.3344	2
Cell3893	Adipocyte	0.9702	0.2914	2
Cell3894	Epithelial	0.2772	0.0566	2
Cell3895	Adipocyte	0.4077	0.3441	2
Cell3896	Epithelial	0.3712	0.1515	2
Cell3897	Epithelial	0.6254	0.6403	2
Cell3898	Endothelial	0.5774	0.4472	2
Cell3899	Epithelial	0.912	0.5176	2
Cell3900	Epithelial	0.9363	0.5477	2
Cell3901	Immune	0.1703	0.0182	2
Cell3902	Adipocyte	0.3498	0.1151	2
Cell3903	Epithelial	0.6801	0.0492	2
Cell3904	Epithelial	0.4224	0.04	2
Cell3905	Epithelial	0.3517	0.2243	2
Cell3906	Fibroblast	0.4715	0.0551	2
Cell3907	Epithelial	0.4626	0.1708	2
Cell3908	Adipocyte	0.8147	0.8728	2
Cell3909	Adipocyte	0.6003	0.039	2
Cell3910	Endothelial	0.2942	0.0709	2
Cell3911	Epithelial	0.8749	0.5438	2
Cell3912	Adipocyte	0.9941	0.8099	2
Cell3913	Adipocyte	0.7411	0.0028	2
Cell3914	Epithelial	0.5236	0.1011	2
Cell3915	Epithelial	0.9715	0.6619	2
Cell3916	Epithelial	0.8692	0.6422	2
Cell3917	Adipocyte	0.9419	0.9926	2
Cell3918	Endothelial	0.9319	0.4586	2
Cell3919	Epithelial	0.3873	0.0429	2
Cell3920	Endothelial	0.4275	0.0909	2
Cell3921	Adipocyte	0.808	0.6541	2
Cell3922	Fibroblast	0.7992	0.6618	2
Cell3923	Epithelial	0.4204	0.4216	2
Cell3924	Fibroblast	0.8252	0.3465	2
Cell3925	Epithelial	0.7135	0.001	2
Cell3926	Fibroblast	0.9318	0.3137	2
Cell3927	Fibroblast	0.4462	0.0021	2
Cell3928	Adipocyte	0.2797	0.0912	2
Cell3929	Fibroblast	0.5841	0.357	2
Cell3930	Muscle	0.6155	0.4904	2
Cell3931	Epithelial	0.5869	0.5705	2
Cell3932	Epithelial	0.8934	0.4755	2
Cell3933	Epithelial	0.5059	0.2947	2
Cell3934	Fibroblast	0.7728	0.3646	2
Cell3935	Epithelial	0.8665	0.5581	2
Cell3936	Epithelial	0.9943	0.8957	2
Cell3937	Epithelial	0.852	0.1769	2
Cell3938	Epithelial	0.7203	0.5046	2
Cell3939	Adipocyte	0.8028	0.0838	2
Cell3940	Adipocyte	0.7701	0.4509	2
Cell3941	Adipocyte	0.9575	0.3906	2
Cell3942	Epithelial	0.4659	0.0737	2
Cell3943	Adipocyte	0.514	0.1185	2
Cell3944	Adipocyte	0.6591	0.0506	2
Cell3945	Epithelial	0.5506	0.6029	2
Cell3946	Adipocyte	0.8058	0.8686	2
Cell3947	Endothelial	0.7968	0.2815	2
Cell3948	Fibroblast	0.4057	0.2362	2
Cell3949	Epithelial	0.8584	0.2328	2
Cell3950	Adipocyte	0.8506	0.8673	2
Cell3951	Epithelial	0.9561	0.178	2
Cell3952	Adipocyte	0.7706	0.5994	2
Cell3953	Immune	0.6036	0.6198	2
Cell3954	Epithelial	0.7031	0.3099	2
Cell3955	Epithelial	0.6594	0.5038	2
Cell3956	Endothelial	0.686	0.6614	2
Cell3957	Adipocyte	0.542	0.3118	2
Cell3958	Epithelial	0.7799	0.0777	2
Cell3959	Fibroblast	0.478	0.3807	2
Cell3960	Adipocyte	0.7182	0.2379	2
Cell3961	Epithelial	0.483	0.3904	2
Cell3962	Adipocyte	0.976	0.0614	2
Cell3963	Adipocyte	0.9434	0.7384	2
Cell3964	Epithelial	0.9878	0.4684	2
Cell3965	Adipocyte	0.9983	0.0894	2
Cell3966	Muscle	0.8254	0.1997	2
Cell3967	Endothelial	0.5119	0.108	2
Cell3968	Adipocyte	0.8708	0.5453	2
Cell3969	Muscle	0.8524	0.1691	2
Cell3970	Adipocyte	0.5707	0.2715	2
Cell3971	Endothelial	0.9512	0.2811	2
Cell3972	Endothelial	0.3286	0.0852	2
Cell3973	Fibroblast	0.7996	0.3677	2
Cell3974	Epithelial	0.9238	0.4517	2
Cell3975	Muscle	0.9977	0.4655	2
Cell3976	Immune	0.7139	0.3121	2
Cell3977	Endothelial	0.6189	0.4864	2
Cell3978	Epithelial	0.6876	0.7248	2
Cell3979	Adipocyte	0.7077	0.1395	2
Cell3980	Fibroblast	0.4181	0.0828	2
Cell3981	Epithelial	0.7702	0.5863	2
Cell3982	Endothelial	0.5456	0.1152	2
Cell3983	Epithelial	0.1743	0.0591	2
Cell3984	Epithelial	0.8556	0.2267	2
Cell3985	Epithelial	0.4606	0.1051	2
Cell3986	Immune	0.8696	0.4878	2
Cell3987	Epithelial	0.5135	0.112	2
Cell3988	Epithelial	0.5115	0.5667	2
Cell3989	Adipocyte	0.8474	0.2968	2
Cell3990	Epithelial	0.9334	0.245	2
Cell3991	Epithelial	0.7084	0.5265	2
Cell3992	Adipocyte	0.5744	0.3563	2
Cell3993	Adipocyte	0.3902	0.2246	2
Cell3994	Immune	0.4264	0.1195	2
Cell3995	Fibroblast	0.5459	0.4914	2
Cell3996	Epithelial	0.7227	0.1419	2
Cell3997	Epithelial	0.2064	0.0474	2
Cell3998	Epithelial	0.8617	0.2784	2
