Cell	annotation	x.loc	y.loc
Cell1	Endothelial	8555.1645	707.0797
Cell2	Endothelial	8551.3038	705.6381
Cell3	Endothelial	8552.8122	706.0055
Cell4	Endothelial	8551.0364	705.9691
Cell5	Endothelial	8553.2919	706.1712
Cell6	Endothelial	8549.6421	704.953
Cell7	Endothelial	8554.4985	706.6228
Cell8	Endothelial	8551.4513	705.8226
Cell9	Endothelial	8554.9718	706.9481
Cell10	Endothelial	8555.8264	707.135
Cell11	Endothelial	8555.8103	707.0493
Cell12	Endothelial	8550.8636	705.6807
Cell13	Endothelial	8555.2394	707.3783
Cell14	Endothelial	8550.8914	705.5588
Cell15	Endothelial	8551.6446	705.6176
Cell16	Fibroblast	8553.8534	706.5559
Cell17	Fibroblast	9011.391	145.8896
Cell18	Fibroblast	8552.3525	706.1712
Cell19	Fibroblast	8554.1078	706.758
Cell20	Fibroblast	9160.2043	-121.9865
Cell21	Fibroblast	8948.0015	216.6603
Cell22	Fibroblast	8554.2283	706.6813
Cell23	Fibroblast	8554.4485	706.9857
Cell24	Fibroblast	8550.4523	705.5146
Cell25	Fibroblast	8552.215	705.8391
Cell26	Fibroblast	8549.8295	705.1494
Cell27	Fibroblast	8555.0049	707.0786
Cell28	Fibroblast	9169.8551	-77.8523
Cell29	Fibroblast	8555.462	707.3061
Cell30	Fibroblast	8556.0385	707.6015
Cell31	Fibroblast	9180.6645	-135.4946
Cell32	Fibroblast	9169.2236	-82.8192
Cell33	Fibroblast	8554.5236	707.0852
Cell34	Fibroblast	8553.2437	706.3251
Cell35	Fibroblast	8552.8153	706.0009
Cell36	Fibroblast	8974.1477	-64.6165
Cell37	Fibroblast	8551.2932	705.5839
Cell38	Fibroblast	8555.0951	707.1849
Cell39	Fibroblast	8550.2695	705.6177
Cell40	Fibroblast	8553.9405	706.9185
Cell41	Fibroblast	8550.5173	705.8197
Cell42	Fibroblast	8549.8716	705.5412
Cell43	Fibroblast	8551.0559	705.6179
Cell44	Fibroblast	8988.8592	170.9965
Cell45	Fibroblast	8551.9629	706.3322
Cell46	Fibroblast	9197.6152	-159.1711
Cell47	Fibroblast	8555.7919	707.5088
Cell48	Fibroblast	9208.5556	-120.5553
Cell49	Fibroblast	8552.8892	706.3235
Cell50	Fibroblast	9145.7756	-69.8608
Cell51	Fibroblast	8554.2301	706.7712
Cell52	Fibroblast	8631.2721	598.0517
Cell53	Fibroblast	8553.1675	706.7129
Cell54	Fibroblast	8550.3025	705.377
Cell55	Fibroblast	8678.0225	543.7306
Cell56	Fibroblast	8553.1856	706.1307
Cell57	Fibroblast	8556.0805	707.4709
Cell58	Fibroblast	9200.6982	-89.3766
Cell59	Macrophage	8941.3986	54.8511
Cell60	Macrophage	8977.7955	33.0484
Cell61	Macrophage	8936.0953	12.2138
Cell62	Macrophage	9084.5174	-57.7372
Cell63	Macrophage	8727.5739	477.7334
Cell64	Macrophage	9065.5775	-84.1623
Cell65	Macrophage	8914.7006	91.5432
Cell66	Macrophage	8966.0689	-34.1782
Cell67	Macrophage	8983.0252	44.4238
Cell68	Macrophage	8885.9663	39.1216
Cell69	Macrophage	9053.6549	30.0492
Cell70	Macrophage	8833.0168	31.8031
Cell71	Macrophage	8938.5137	-27.0569
Cell72	Macrophage	8899.4599	23.8149
Cell73	Macrophage	9108.7852	-67.2587
Cell74	Macrophage	9106.726	-23.0777
Cell75	Macrophage	8792.0239	399.985
Cell76	Macrophage	9080.6205	-42.44
Cell77	Macrophage	9028.1473	-16.9041
Cell78	Macrophage	8855.6703	18.0721
Cell79	Macrophage	9152.8537	-188.8213
Cell80	Macrophage	9073.2476	-167.7944
Cell81	Macrophage	8880.3246	61.3989
Cell82	Macrophage	9008.3523	59.3108
Cell83	Macrophage	8940.5371	44.1326
Cell84	Macrophage	8958.5958	21.0462
Cell85	Macrophage	8922.2452	-39.447
Cell86	Macrophage	8890.42	-41.9658
Cell87	Macrophage	8903.3767	76.0063
Cell88	Macrophage	9057.3208	-152.7476
Cell89	Macrophage	8682.0049	537.0911
Cell90	Macrophage	9258.075	-159.5209
Cell91	Macrophage	9030.6591	-28.1766
Cell92	Macrophage	9113.8073	-103.5851
Cell93	Macrophage	9030.4663	-49.7896
Cell94	Macrophage	9058.5205	-123.4567
Cell95	Macrophage	8899.1557	-19.958
Cell96	Macrophage	9282.2017	-179.8525
Cell97	Macrophage	8951.7457	21.4467
Cell98	Macrophage	8953.7054	76.8403
Cell99	Macrophage	8922.4666	-109.6933
Cell100	Macrophage	8897.691	-26.7177
Cell101	Macrophage	8826.6369	160.3526
Cell102	Macrophage	8958.6899	-51.037
Cell103	Macrophage	8989.9798	-69.3216
Cell104	Macrophage	8954.9996	4.4841
Cell105	Macrophage	8901.6171	-47.1362
Cell106	Macrophage	8986.8046	-93.6204
Cell107	Macrophage	9109.3901	-58.7469
Cell108	Macrophage	9063.1185	-40.1545
Cell109	Macrophage	8984.5456	-42.3892
Cell110	Macrophage	8992.4802	67.9795
Cell111	Macrophage	9014.5623	-15.94
Cell112	Macrophage	9143.3126	-17.1621
Cell113	Macrophage	8984.2371	-88.1963
Cell114	Macrophage	9017.7432	-38.5314
Cell115	Macrophage	8949.5416	-66.0394
Cell116	Macrophage	9036.1836	0.0178
Cell117	Macrophage	9050.2923	-52.7763
Cell118	Macrophage	8936.6112	-21.0079
Cell119	Macrophage	8889.9465	4.8899
Cell120	Macrophage	8888.3835	-19.0963
Cell121	Macrophage	8920.8867	68.5787
Cell122	Macrophage	8993.9865	-20.6515
Cell123	Macrophage	8926.9366000000009	2.2365
Cell124	Macrophage	8956.7971	-24.4438
Cell125	Macrophage	8912.9894	20.7491
Cell126	Macrophage	8913.0815	-14.2768
Cell127	Macrophage	8966.7015	-40.1423
Cell128	Macrophage	8954.7517	-65.2462
Cell129	Macrophage	8898.1564	26.2923
Cell130	Macrophage	9142.0373	-170.35
Cell131	Macrophage	8962.9958	33.8601
Cell132	Macrophage	9048.0814	-22.6367
Cell133	Macrophage	8933.2029	-18.0021
Cell134	Macrophage	8933.569	29.713
Cell135	Macrophage	8935.2302	185.764
Cell136	Macrophage	8944.0019	128.5286
Cell137	Macrophage	8933.4056	117.9046
Cell138	Macrophage	8883.6323	-10.718
Cell139	Macrophage	9005.4143	-36.7277
Cell140	Macrophage	8947.9094	-71.19
Cell141	Macrophage	8991.0213	-88.8425
Cell142	Macrophage	9208.6636	-141.3468
Cell143	Macrophage	8905.0833	27.9259
Cell144	Macrophage	8969.755	103.6061
Cell145	Macrophage	8944.192	-58.8264
Cell146	Macrophage	8953.9882	-41.3662
Cell147	Macrophage	9276.7738	-176.9794
Cell148	Macrophage	8895.5522	54.4554
Cell149	Macrophage	9015.7718	-37.0288
Cell150	Macrophage	8927.6013	27.2216
Cell151	Macrophage	9220.3409	-141.9179
Cell152	Macrophage	8937.0814	0.6167
Cell153	Macrophage	8910.5169	122.7393
Cell154	Macrophage	9246.6594	-158.1323
Cell155	Macrophage	9082.5395	-126.6212
Cell156	Macrophage	9031.7552	-107.2018
Cell157	Macrophage	9015.9496	37.3125
Cell158	Macrophage	8905.2544	-50.5969
Cell159	Macrophage	8933.3156	15.959
Cell160	Macrophage	8891.9143	108.0002
Cell161	Macrophage	9051.2214	31.5136
Cell162	Macrophage	9264.0354	-160.4938
Cell163	Macrophage	8933.388	-30.375
Cell164	Macrophage	8913.1048	140.6865
Cell165	Macrophage	9023.5905	-44.5902
Cell166	Macrophage	9043.7387	-72.6044
Cell167	Macrophage	8934.2019	-14.6494
Cell168	Macrophage	8967.0245	-116.2398
Cell169	Macrophage	8895.2613	69.9106
Cell170	Macrophage	9041.9812	-126.9772
Cell171	Macrophage	8812.6513	344.1413
Cell172	Macrophage	8952.0823	-17.2201
Cell173	Macrophage	8887.2701	37.1839
Cell174	Macrophage	9002.2997	-34.2445
Cell175	Macrophage	9033.687	-132.5064
Cell176	Macrophage	9016.3614	-50.3985
Cell177	Macrophage	8925.1708	0.8373
Cell178	Macrophage	8926.55	-14.1033
Cell179	Macrophage	8952.4774	-19.6191
Cell180	Macrophage	8865.4436	189.9328
Cell181	Macrophage	8930.6738	7.3399
Cell182	Macrophage	8940.3976	-30.2654
Cell183	Macrophage	9004.9431	6.0895
Cell184	Macrophage	8919.122	18.3222
Cell185	Macrophage	8935.895	-8.5686
Cell186	Macrophage	9091.1161	29.0959
Cell187	Macrophage	9048.6376	-35.9093
Cell188	Macrophage	8897.9406	66.9827
Cell189	Macrophage	8840.0413	351.1875
Cell190	Macrophage	9017.18	-54.7029
Cell191	Macrophage	8937.2722	-3.7537
Cell192	Macrophage	8951.0035	-81.8597
Cell193	Macrophage	9060.2625	-103.7126
Cell194	Macrophage	8882.6798	-8.6363
Cell195	Macrophage	9279.8646	-190.1152
Cell196	Macrophage	8901.8787	133.8866
Cell197	Macrophage	9012.0724	-133.3192
Cell198	Macrophage	9074.2796	-16.6632
Cell199	Macrophage	9040.3132	-85.8714
Cell200	Macrophage	8971.7977	7.5693
Cell201	Macrophage	9226.5664	-157.0108
Cell202	Macrophage	8968.4427	-23.2063
Cell203	Macrophage	8998.0218	-63.6404
Cell204	Macrophage	9244.9281	-134.1284
Cell205	Macrophage	9045.3949	-61.5302
Cell206	Macrophage	8925.9332	-35.6595
Cell207	Macrophage	8840.9629	68.1527
Cell208	Macrophage	8887.5701	-37.8564
Cell209	Macrophage	8929.3196	-36.8869
Cell210	Macrophage	8978.1054	-124.0378
Cell211	Macrophage	8899.0135	-39.4512
Cell212	Macrophage	8957.7335	-66.8117
Cell213	Macrophage	9041.4054	-77.671
Cell214	Macrophage	8973.7837	54.2358
Cell215	Macrophage	9000.7449	17.2256
Cell216	Macrophage	8994.9532	-116.8154
Cell217	Macrophage	9015.0001	-124.8968
Cell218	Macrophage	8926.4895	-52.1623
Cell219	Macrophage	8927.3543	-79.6327
Cell220	Macrophage	8664.852	540.2685
Cell221	Macrophage	8951.9646	-1.7396
Cell222	Macrophage	8935.4866	-7.644
Cell223	Macrophage	9039.6109	51.7941
Cell224	Macrophage	8899.2405	42.445
Cell225	Macrophage	8937.974	76.8347
Cell226	Macrophage	9074.2124	-123.4725
Cell227	Macrophage	9178.7479	-152.9333
Cell228	Macrophage	9187.8793	-96.5033
Cell229	Macrophage	9184.4919	-115.0946
Cell230	Macrophage	8943.9741	34.1556
Cell231	Macrophage	9281.2613	-185.9557
Cell232	Macrophage	8936.558	-11.2666
Cell233	Macrophage	8972.5087	19.6827
Cell234	Macrophage	8956.432	-26.5977
Cell235	Macrophage	9023.2886	-96.4787
Cell236	Macrophage	8961.6013	-5.0502
Cell237	Macrophage	9212.8665	-110.3608
Cell238	Macrophage	8835.8482	87.5766
Cell239	Macrophage	8974.5017	-121.6971
Cell240	Macrophage	8905.372	-7.2003
Cell241	Macrophage	8999.3517	-27.7697
Cell242	Macrophage	8564.4412	676.8064
Cell243	Macrophage	8902.8899	62.1417
Cell244	Macrophage	8964.6315	-12.9964
Cell245	Macrophage	8907.3413	34.6102
Cell246	Macrophage	8861.4086	203.5114
Cell247	Macrophage	8949.5165	9.9427
Cell248	Macrophage	9006.2376	-67.8771
Cell249	Macrophage	8930.2407	-53.6995
Cell250	Macrophage	8899.2656	4.3437
Cell251	Macrophage	9250.3345	-165.5879
Cell252	Macrophage	8899.8843	-10.8312
Cell253	Macrophage	8993.1079	-118.4096
Cell254	Macrophage	8865.851	13.8978
Cell255	Macrophage	8970.544	-67.63
Cell256	Macrophage	8940.0732	7.6382
Cell257	Macrophage	8885.4959	-21.0984
Cell258	Macrophage	8907.9305	175.262
Cell259	Macrophage	9002.066	-121.4936
Cell260	Macrophage	9137.3949	-25.5149
Cell261	Macrophage	8760.3901	444.879
Cell262	Macrophage	8933.3483	48.4692
Cell263	Macrophage	8940.4646	9.5292
Cell264	Macrophage	8982.0308	34.2103
Cell265	Macrophage	8982.8869	-84.3142
Cell266	Macrophage	8937.8937	-65.6602
Cell267	Macrophage	8942.2932	-84.3365
Cell268	Macrophage	8999.3671	-26.6131
Cell269	Macrophage	8911.2608	12.3452
Cell270	Macrophage	8916.5297	4.7097
Cell271	Macrophage	9003.6844	-69.6768
Cell272	Macrophage	8994.6021	-8.3419
Cell273	Macrophage	8882.0403	253.3153
Cell274	Macrophage	9237.8476	-140.1732
Cell275	Macrophage	8916.3851	-35.3682
Cell276	Macrophage	8904.212	123.0231
Cell277	Macrophage	9110.3305	4.9233
Cell278	Macrophage	8962.3901	-113.6891
Cell279	Macrophage	8917.5255	1.7078
Cell280	Macrophage	8912.5007	146.0208
Cell281	Macrophage	8836.9359	64.0596
Cell282	Macrophage	8762.1023	404.6269
Cell283	Macrophage	9102.3051	-2.4394
Cell284	Macrophage	8954.7631	10.5629
Cell285	Macrophage	8918.187	-9.4761
Cell286	Macrophage	8947.8679	146.026
Cell287	Macrophage	8848.196	-89.2616
Cell288	Macrophage	8925.9714	-14.4146
Cell289	Macrophage	8902.5129	-4.6624
Cell290	Macrophage	8942.1105	82.2185
Cell291	Macrophage	8897.1805	198.3588
Cell292	Macrophage	9104.9014	-100.3312
Cell293	Macrophage	8999.8401	-106.1675
Cell294	Macrophage	9031.3731	-18.1024
Cell295	Macrophage	9010.8732	-87.6637
Cell296	Macrophage	8950.7796	22.1589
Cell297	Macrophage	8982.3493	-34.7517
Cell298	Macrophage	9105.7168	-52.7475
Cell299	Macrophage	8940.3225	-34.1149
Cell300	Macrophage	8952.4103	-22.5281
Cell301	Macrophage	9142.7174	-71.8898
Cell302	Macrophage	9024.9324	-86.1394
Cell303	Macrophage	8919.0981	42.0705
Cell304	Macrophage	8952.784	-35.05
Cell305	Macrophage	9256.011	-178.0488
Cell306	Macrophage	8954.8581	28.4322
Cell307	Macrophage	8914.8554	-53.8064
Cell308	Macrophage	8773.0655	390.2072
Cell309	Macrophage	9280.1795	-184.539
Cell310	Macrophage	9192.6213	-97.516
Cell311	Macrophage	8967.3016	3.3741
Cell312	Macrophage	8810.9705	343.0473
Cell313	Macrophage	8974.2989	-64.9099
Cell314	Macrophage	8923.5336	11.7775
Cell315	Macrophage	8965.0275	-57.466
Cell316	Macrophage	9256.9709	-181.9809
Cell317	Macrophage	8956.5996	-21.6019
Cell318	Macrophage	8930.8531	45.2859
Cell319	Macrophage	8892.894	-57.8505
Cell320	Macrophage	9246.6785	-173.62
Cell321	Macrophage	8755.465	435.1571
Cell322	Macrophage	8901.8848	92.1846
Cell323	Macrophage	8854.8303	69.0708
Cell324	Macrophage	9052.3931	-64.3373
Cell325	Macrophage	9074.3185	-28.3354
Cell326	Macrophage	8991.7207	-63.6932
Cell327	Macrophage	8955.1676	60.3864
Cell328	Macrophage	8939.0288	129.6185
Cell329	Macrophage	9260.913	-169.5472
Cell330	Macrophage	9080.4348	41.8543
Cell331	Macrophage	9012.0108	-65.3922
Cell332	Macrophage	8931.1261	50.462
Cell333	Macrophage	8826.5324	19.2807
Cell334	Macrophage	8953.3902	3.0173
Cell335	Macrophage	8836.5621	84.3913
Cell336	Macrophage	8873.7445	76.6529
Cell337	Macrophage	8958.7154	2.9459
Cell338	Macrophage	8881.8857	143.4003
Cell339	Macrophage	8996.0586	-66.8111
Cell340	Macrophage	9272.4426	-166.3656
Cell341	Macrophage	8639.1826	546.6391
Cell342	Macrophage	9044.8805	73.1943
Cell343	Macrophage	9085.5841	-93.9414
Cell344	Macrophage	8954.404	-7.335
Cell345	Macrophage	8955.2505	-31.2873
Cell346	Macrophage	9274.8697	-186.2095
Cell347	Macrophage	9013.8048	-132.0862
Cell348	Macrophage	8903.5687	46.8616
Cell349	Macrophage	8965.6043	-32.8548
Cell350	Macrophage	8988.9066	-150.2299
Cell351	Macrophage	9129.3055	-67.1056
Cell352	Macrophage	8910.5082	75.0634
Cell353	Macrophage	8966.4348	-44.5411
Cell354	Macrophage	9023.451	99.4653
Cell355	Macrophage	8995.2442	-109.9878
Cell356	Macrophage	8947.998	-5.1351
Cell357	Macrophage	8832.2964	40.295
Cell358	Macrophage	8994.9092	-28.3978
Cell359	Macrophage	8946.8781	36.9072
Cell360	Macrophage	8949.2054	-53.2197
Cell361	Macrophage	9203.4598	-113.7539
Cell362	Macrophage	9053.9458	-77.7513
Cell363	Macrophage	8842.2335	-4.1478
Cell364	Macrophage	8909.9827	-0.0037
Cell365	Macrophage	8855.5226	65.4744
Cell366	Macrophage	9259.5216	-151.5724
Cell367	Macrophage	8562.2863	674.8217
Cell368	Macrophage	8991.5195	-4.1116
Cell369	Macrophage	8950.1308	96.136
Cell370	Macrophage	8983.7948	-11.1468
Cell371	Macrophage	9286.5059	-189.0361
Cell372	Macrophage	8921.7556	-43.3477
Cell373	Macrophage	8918.8514	-17.6348
Cell374	Macrophage	8979.9099	-41.7625
Cell375	Macrophage	8955.2079	-14.8995
Cell376	Macrophage	9028.0726	-108.8973
Cell377	Others	8814.8385	52.5745
Cell378	Others	8833.4298	158.3944
Cell379	Others	8942.4815	-122.3372
Cell380	Others	8932.4121	156.474
Cell381	Others	8978.2152	-138.7777
Cell382	Others	9140.2883	-85.7083
Cell383	Others	8885.7164	10.8286
Cell384	Others	8981.8539	32.9445
Cell385	Others	9063.075	-23.1002
Cell386	Others	8974.19	17.4873
Cell387	Others	9150.028	-115.3012
Cell388	Others	8937.9028	-53.9313
Cell389	Others	8839.8297	209.9376
Cell390	Others	8981.9139	13.9091
Cell391	Others	8852.8866	-12.6642
Cell392	Others	9193.3193	-125.3043
Cell393	Others	8821.7228	289.7228
Cell394	Others	9032.957	-29.2057
Cell395	Others	9135.9866	-57.7789
Cell396	Others	8862.9081	74.39
Cell397	Others	8944.5532	74.6174
Cell398	Others	8984.3105	71.3471
Cell399	Others	8877.4608	-24.4068
Cell400	Others	8940.2135	67.9883
Cell401	Others	8969.5085	187.9028
Cell402	Others	8996.913	13.8254
Cell403	Others	8861.1837	182.2051
Cell404	Others	8897.6709	9.4281
Cell405	Others	8892.6291	1.517
Cell406	Others	8911.4127	-50.9952
Cell407	Others	9081.4858	-72.155
Cell408	Others	8945.0921	-165.7267
Cell409	Others	8923.1138	27.973
Cell410	Others	9017.6812	10.6353
Cell411	Others	8872.4983	44.3297
Cell412	Others	8924.8304	86.946
Cell413	Others	8904.8236	57.5938
Cell414	Others	8853.9653	54.5892
Cell415	Others	8918.2117	89.1305
Cell416	Others	8976.9634	-18.3048
Cell417	Others	9135.4881	-33.1545
Cell418	Others	8925.1985	-65.7477
Cell419	Others	9075.566	-106.4332
Cell420	Others	8849.1514	-61.8704
Cell421	Others	8879.2414	43.0607
Cell422	Others	8918.3646	-33.4564
Cell423	Others	9032.4497	76.1753
Cell424	Others	8989.1627	40.5161
Cell425	Others	8891.7746	-33.9881
Cell426	Others	8954.2815	-75.1979
Cell427	Others	8906.3982	-27.7777
Cell428	Others	9024.9212	111.5583
Cell429	Others	9238.2456	-153.7337
Cell430	Others	8962.0603	-105.6119
Cell431	Others	9163.5907	-127.8297
Cell432	Others	8824.966	-95.6853
Cell433	Others	8929.445	12.4961
Cell434	Others	9094.7012	-52.0873
Cell435	Others	8929.3316	-60.548
Cell436	Others	8851.3489	338.4131
Cell437	Others	9046.1643	79.8287
Cell438	Others	8708.6506	495.9969
Cell439	Others	8854.897	107.1772
Cell440	Others	8876.5074	39.5704
Cell441	Others	8920.0701	-107.1642
Cell442	Others	8959.7768	-57.7539
Cell443	Others	8880.7967	33.4409
Cell444	Others	8862.5482	308.1191
Cell445	Others	9281.6193	-189.4856
Cell446	Others	9051.6769	-43.3943
Cell447	Others	8845.8447	189.4608
Cell448	Others	9165.903	-45.2057
Cell449	Others	9212.4895	-98.7464
Cell450	Others	8846.3929	246.2971
Cell451	Others	9011.3368	114.1987
Cell452	Others	9031.3799	40.7213
Cell453	Others	8930.9478	92.4649
Cell454	Others	8926.1641	245.8041
Cell455	Others	8864.9921	-17.3349
Cell456	Others	8942.7344	37.1383
Cell457	Others	8908.2715	-87.6526
Cell458	Others	9276.6368	-186.9925
Cell459	Others	9165.2086	-79.5591
Cell460	Others	8938.9454	124.0762
Cell461	Others	9059.5685	47.6715
Cell462	Others	8882.4411	-41.2443
Cell463	Others	9010.3889	-55.0584
Cell464	Others	8846.4064	18.2693
Cell465	Others	8871.1893	-31.4065
Cell466	Others	8976.4337	3.9616
Cell467	Others	8920.4201	12.1043
Cell468	Others	8845.6683	130.6921
Cell469	Others	8886.6213	98.4654
Cell470	Others	8863.9281	-0.9797
Cell471	Others	9066.4372	-23.7587
Cell472	Others	8947.4282	-16.7511
Cell473	Others	8809.0571	-96.0273
Cell474	Others	8889.8918	48.5454
Cell475	Others	9124.2552	-9.1972
Cell476	Others	8958.1371	-165.9442
Cell477	Others	9044.1508	65.6278
Cell478	Others	8845.1007	90.5601
Cell479	Others	8992.7798	-9.9992
Cell480	Others	8964.5449	-82.2379
Cell481	Others	8927.0284	-61.5374
Cell482	Others	8862.6049	172.434
Cell483	Others	8894.057	16.2546
Cell484	Others	8937.9005	-25.7863
Cell485	Others	8912.1512	98.5141
Cell486	Others	8839.1544	38.3912
Cell487	Others	9047.1682	-100.936
Cell488	Others	8995.4497	2.4385
Cell489	Others	9119.0684	-115.3039
Cell490	Others	9018.118	-8.4044
Cell491	Others	9144.2986	-79.6569
Cell492	Others	8905.7982	-43.8532
Cell493	Others	8928.4836	195.9489
Cell494	Others	8964.0969	70.788
Cell495	Others	9097.9825	-78.339
Cell496	Others	8914.5807	-128.4524
Cell497	Others	8892.0583	78.5758
Cell498	Others	9158.6695	-109.2674
Cell499	Others	8940.9778	1.0262
Cell500	Others	8913.1516	35.2682
Cell501	Others	8989.9459	27.7818
Cell502	Others	9034.4557	-77.0578
Cell503	Others	9111.3473	-22.2824
Cell504	Others	8923.1721	-51.353
Cell505	Others	9204.8955	-113.2179
Cell506	Others	8932.991	90.478
Cell507	Others	8946.7467	92.2329
Cell508	Others	8995.8363	-108.9886
Cell509	Others	8799.0503	39.8707
Cell510	Others	8935.8045	-56.6075
Cell511	Others	8965.2371	9.1404
Cell512	Others	9099.6999	-19.9264
Cell513	Others	8912.1509	-28.13
Cell514	Others	9067.4635	-4.2661
Cell515	Others	8783.6155	413.2817
Cell516	Others	8899.6344	-72.7701
Cell517	Others	9019.6583	-7.602
Cell518	Others	9113.6114	-98.2055
Cell519	Others	8798.3525	-5.1241
Cell520	Others	8976.9814	-33.7986
Cell521	Others	8889.6165	254.4933
Cell522	Others	9038.3825	-60.9053
Cell523	Others	9213.0662	-123.8403
Cell524	Others	8849.7802	238.3118
Cell525	Others	9012.1158	-59.7052
Cell526	Others	8890.9859	159.9362
Cell527	Others	8917.1786	201.1842
Cell528	Others	9087.2249	-143.1112
Cell529	Others	8824.3128	292.1243
Cell530	Others	9000.0309	145.8056
Cell531	Others	9257.9828	-149.4557
Cell532	Others	8973.3705	98.1631
Cell533	Others	8872.1499	-38.9625
Cell534	Others	8916.6771	159.8843
Cell535	Others	9068.992	25.1744
Cell536	Others	9031.0888	-94.4202
Cell537	Others	8898.0952	9.4971
Cell538	Others	8851.4589	153.2041
Cell539	Others	8847.2354	36.2158
Cell540	Others	8929.2027	124.4062
Cell541	Others	9068.5138	-2.3399
Cell542	Others	9059.1891	81.3599
Cell543	Others	9111.1699	-10.6425
Cell544	Others	9189.5013	-103.6573
Cell545	Others	8874.7968	14.5477
Cell546	Others	8895.1897	167.128
Cell547	Others	8927.9231	-39.4843
Cell548	Others	8932.8745	120.0494
Cell549	Others	9071.1882	70.7755
Cell550	Others	8975.5821	-68.4037
Cell551	Others	8824.0761	-28.9608
Cell552	Others	9290.0765	-187.1858
Cell553	Others	8983.2681	-36.2113
Cell554	Others	8910.7032	-2.0965
Cell555	Others	9058.4811	-22.5576
Cell556	Others	8970.6767	127.8212
Cell557	Others	9021.1652	-88.6236
Cell558	Others	8889.8269	40.181
Cell559	Others	8965.8227	-34.0415
Cell560	Others	9165.1564	-57.2036
Cell561	Others	8942.772	22.4522
Cell562	Others	9088.6975	53.1099
Cell563	Others	8879.9836	87.8399
Cell564	Others	9258.1316	-178.0752
Cell565	Others	8855.9704	96.4547
Cell566	Others	8911.3226	-18.5257
Cell567	Others	8932.9151	53.5453
Cell568	Others	8686.868	462.0404
Cell569	Others	8808.0746	373.4344
Cell570	Others	9017.2724	-38.2961
Cell571	Others	9037.9823	-90.6215
Cell572	Others	9121.6497	-45.5247
Cell573	Others	9017.775	27.7237
Cell574	Others	9025.27	21.9848
Cell575	Others	8885.0699	71.4519
Cell576	Others	8947.6248	-15.7968
Cell577	Others	8911.1357	182.6029
Cell578	Others	8912.2473	-69.2904
Cell579	Others	8697.2811	516.8883
Cell580	Others	8793.7943	46.6194
Cell581	Others	8969.3504	-26.5711
Cell582	Others	8874.9077	37.2865
Cell583	Others	9199.3661	-89.4012
Cell584	Others	8892.3709	180.9574
Cell585	Others	8919.1297	-57.9719
Cell586	Others	8928.4703	26.8915
Cell587	Others	9095.894	-35.6157
Cell588	Others	8877.1921	159.4331
Cell589	Others	8897.3374	95.9134
Cell590	Others	8899.8063	41.5966
Cell591	Others	8886.1255	-110.9666
Cell592	Others	8922.4897	-95.3677
Cell593	Others	8996.4203	-63.8519
Cell594	Others	8914.8005	-14.2501
Cell595	Others	8898.0765	124.0192
Cell596	Others	9084.0316	1.0697
Cell597	Others	8890.8	91.6416
Cell598	Others	8860.183	24.3187
Cell599	Others	9028.563	51.0075
Cell600	Others	9056.7502	33.0278
Cell601	Others	8862.7575	129.2089
Cell602	Others	8844.4425	9.1568
Cell603	Others	8959.6733	206.2605
Cell604	Others	8786.7563	215.7858
Cell605	Others	9001.3296	59.9469
Cell606	Others	9032.1917	-37.38
Cell607	Others	8964.9336	-40.7032
Cell608	Others	9012.2047	39.562
Cell609	Others	8849.5954	-96.4418
Cell610	Others	8991.4796	15.1246
Cell611	Others	9028.6068	117.3252
Cell612	Others	9130.9688	-73.0209
Cell613	Others	8925.5128	173.215
Cell614	Others	9094.6475	-3.7353
Cell615	Others	9182.6505	-96.0081
Cell616	Others	8847.6864	0.7993
Cell617	Others	8896.8053	214.4959
Cell618	Others	9046.166	61.7085
Cell619	Others	8953.8626	-119.2772
Cell620	Others	8902.7753	182.0392
Cell621	Others	9080.0371	-7.1305
Cell622	Others	9023.7944	119.2379
Cell623	Others	8867.9188	53.5981
Cell624	Others	8932.1405	43.6627
Cell625	Others	8966.6385	-5.6316
Cell626	Others	8972.0324	53.4238
Cell627	Others	8893.6066	-111.1475
Cell628	Others	9060.7721	38.6844
Cell629	Others	9262.0755	-157.5309
Cell630	Others	8975.4698	29.8552
Cell631	Others	8881.8478	-36.0901
Cell632	Others	9083.1912	40.4381
Cell633	Others	8875.4911	71.0185
Cell634	Others	9069.1475	-86.2535
Cell635	Others	9007.6061	109.0421
Cell636	Others	8919.3307	74.8828
Cell637	Others	9023.7737	-61.1615
Cell638	Others	8869.1761	-25.5646
Cell639	Others	8989.8725	54.5506
Cell640	Others	8875.8257	-12.2493
Cell641	Others	9210.288	-112.3843
Cell642	Others	8910.2875	167.6013
Cell643	Others	8908.6251	135.9739
Cell644	Others	8924.0165	-103.8535
Cell645	Others	8862.328	107.9396
Cell646	Others	8926.5701	69.2346
Cell647	Others	8922.5117	-18.4716
Cell648	Others	8879.3879	-155.1544
Cell649	Others	8841.4127	-55.5355
Cell650	Others	9014.1689	133.6411
Cell651	Others	8896.9414	-23.569
Cell652	Others	8987.4441	41.8999
Cell653	Others	8917.3326	234.3578
Cell654	Others	8992.9012	66.3544
Cell655	Others	9283.8931	-186.9998
Cell656	Others	8867.8954	306.3313
Cell657	Others	8968.2171	-32.1676
Cell658	Others	8990.8737	48.644
Cell659	Others	9250.6936	-173.2401
Cell660	Others	8835.449	166.6147
Cell661	Others	9276.0246	-183.8709
Cell662	Others	8950.2225	-23.6343
Cell663	Others	9015.9006	-12.8768
Cell664	Others	9019.957	13.0308
Cell665	Others	8943.1153	-105.6358
Cell666	Others	8824.9989	167.7852
Cell667	Others	8975.2971	108.5909
Cell668	Others	8843.9457	43.4043
Cell669	Others	9002.463	-126.7294
Cell670	Others	9155.9217	-69.6856
Cell671	Others	8711.3185	505.1263
Cell672	Others	9006.7984	34.9432
Cell673	Others	8873.8776	-102.4588
Cell674	Others	9007.5184	-117.3511
Cell675	Others	8877.1964	-38.6741
Cell676	Others	8951.7166	59.3869
Cell677	Others	8996.4317	-44.3789
Cell678	Others	8917.2372	143.152
Cell679	Others	8879.1118	-12.5998
Cell680	Others	9012.8138	-50.3108
Cell681	Others	8996.1901	-97.2663
Cell682	Others	8833.8577	7.6542
Cell683	Others	8946.9578	-118.4627
Cell684	Others	8837.4782	64.1505
Cell685	Others	8965.1582	-78.4486
Cell686	Others	8902.3149	57.7573
Cell687	Others	8854.8481	113.9044
Cell688	Others	8882.9898	63.2808
Cell689	Others	8964.9129	-73.7067
Cell690	Others	8907.496	93.5881
Cell691	Others	8923.1206	120.3183
Cell692	Others	8891.5003	-0.0253
Cell693	Others	8894.0217	26.1657
Cell694	Others	8873.6491	203.4321
Cell695	Others	9107.8976	-163.1094
Cell696	Others	8949.2013	79.1405
Cell697	Others	8819.985	93.4519
Cell698	Others	8904.7454	4.8424
Cell699	Others	8811.7883	343.8972
Cell700	Others	8852.2946	-20.345
Cell701	Others	8877.7765	-89.203
Cell702	Others	8797.1743	27.345
Cell703	Others	8927.4117	-134.8136
Cell704	Others	8901.6759	87.66
Cell705	Others	8936.3799	194.4945
Cell706	Others	8958.6108	110.3266
Cell707	Others	9153.6544	-74.3124
Cell708	Others	9085.0744	45.8681
Cell709	Others	8970.4673	-25.8437
Cell710	Others	8956.0453	58.953
Cell711	Others	8917.7873	16.514
Cell712	Others	8826.6731	50.4426
Cell713	Others	8876.1419	275.3387
Cell714	Others	8853.5869	-8.6519
Cell715	Others	9097.2239	-140.7072
Cell716	Others	8857.1879	105.4688
Cell717	Others	9030.624	32.386
Cell718	Others	9029.9768	-42.3762
Cell719	Others	8952.337	103.2176
Cell720	Others	8991.092	63.8252
Cell721	Others	8975.0483	-129.678
Cell722	Others	8851.971	4.9507
Cell723	Others	8819.032	-74.2261
Cell724	Others	8905.9938	82.3927
Cell725	Others	8784.539	-19.9094
Cell726	Others	8959.8463	-166.3676
Cell727	Others	8905.1635	25.5318
Cell728	Others	8892.0052	-10.974
Cell729	Others	8958.7875	-61.7337
Cell730	Others	8958.451	155.2965
Cell731	Others	8962.4231	4.6402
Cell732	Others	9243.7323	-157.2498
Cell733	Others	9268.4747	-176.3871
Cell734	Others	8841.1677	333.0531
Cell735	Others	8962.9798	70.9958
Cell736	Others	8967.1735	39.4206
Cell737	Others	9162.2332	-74.7945
Cell738	Others	9062.894	79.0563
Cell739	Others	8910.5493	-15.0755
Cell740	Others	8979.566	28.4552
Cell741	Others	8963.3241	163.1327
Cell742	Others	8837.3073	26.3076
Cell743	Others	8876.2072	293.183
Cell744	Others	8939.5653	55.8071
Cell745	Others	8907.1454	47.1663
Cell746	Others	8908.4961	117.8815
Cell747	Others	9001.5341	-23.7385
Cell748	Others	8929.163	154.9686
Cell749	Others	9253.3439	-188.0512
Cell750	Others	8800.8745	25.7974
Cell751	Others	8895.9598	177.0007
Cell752	Others	8911.1355	-26.0547
Cell753	Others	9003.9557	81.5459
Cell754	Others	8887.31	-17.8365
Cell755	Others	8986.7898	-39.7288
Cell756	Others	8964.9448	23.2899
Cell757	Others	9279.8312	-183.5491
Cell758	Others	8866.5919	-33.5824
Cell759	Others	9265.0028	-184.4331
Cell760	Others	8926.8062	176.1016
Cell761	Others	8915.6038	67.0901
Cell762	Others	8952.1121	45.8855
Cell763	Others	8894.7511	27.7727
Cell764	Others	8881.9168	-38.496
Cell765	Others	8955.4763	18.2807
Cell766	Others	8946.2927	127.2456
Cell767	Others	9071.951	-11.5264
Cell768	Others	8850.1946	-84.3656
Cell769	Others	9017.3772	88.7518
Cell770	Others	9123.8765	-111.2052
Cell771	Others	9261.6932	-174.4585
Cell772	Others	9125.7572	-69.0573
Cell773	Others	8917.4386	91.5904
Cell774	Others	8863.0687	248.6568
Cell775	Others	8941.4148	44.1635
Cell776	Others	8617.3124	604.0816
Cell777	Others	8937.6646	-26.8433
Cell778	Others	8950.836	-19.5426
Cell779	Others	9169.5302	-145.9061
Cell780	Others	8942.9751	9.5837
Cell781	Others	8994.55	-13.9616
Cell782	Others	8916.7517	92.9593
Cell783	Others	9028.7956	70.2243
Cell784	Others	9008.5572	-41.1783
Cell785	Others	8909.7197	158.6457
Cell786	Others	8887.1033	-24.6145
Cell787	Others	8859.3226	-54.3249
Cell788	Others	8925.0061	-107.2499
Cell789	Others	8802.8493	-36.166
Cell790	Others	8898.578	61.6025
Cell791	Others	9262.3379	-190.9367
Cell792	Others	8896.168	70.2377
Cell793	Others	9095.0023	-103.938
Cell794	Others	8838.422	196.7635
Cell795	Others	8962.8751	89.3717
Cell796	Others	8944.9106	23.096800000000002
Cell797	Others	8892.5546	114.9411
Cell798	Others	9200.674	-83.3722
Cell799	Others	8918.6359	-46.222
Cell800	Others	8732.9084	474.0159
Cell801	Others	8906.5759	243.949
Cell802	Others	8867.8338	156.7023
Cell803	Others	8860.0357	40.0828
Cell804	Others	8872.494	110.745
Cell805	Others	9006.3419	74.1914
Cell806	Others	8691.0255	526.6215
Cell807	Others	8895.766	56.5943
Cell808	Others	8832.4511	122.0754
Cell809	Others	8842.2508	307.4008
Cell810	Others	8836.9724	37.0787
Cell811	Others	8864.053	97.3781
Cell812	Others	8847.9813	-31.8335
Cell813	Others	8899.1174	124.462
Cell814	Others	9090.0943	-154.0469
Cell815	Others	9080.7038	57.1674
Cell816	Others	8973.3756	12.2262
Cell817	Others	8866.1918	-141.1325
Cell818	Others	8887.6224	181.0174
Cell819	Others	8914.5542	82.2593
Cell820	Others	8993.5046	-50.9602
Cell821	Others	8840.2175	-61.1862
Cell822	Others	8914.109	1.412
Cell823	Others	8903.6837	138.5168
Cell824	Others	9029.8273	82.8687
Cell825	Others	8980.7603	-111.2337
Cell826	Others	9133.5751	-105.4101
Cell827	Others	8919.9863	7.4715
Cell828	Others	8851.0822	-31.4227
Cell829	Others	8952.293	210.1541
Cell830	Others	8933.1473	-23.8242
Cell831	Others	8844.9541	210.9594
Cell832	Others	8971.2223	2.3825
Cell833	Others	9006.4965	-89.0519
Cell834	Others	9048.8566	17.2752
Cell835	Others	8998.45	-53.7095
Cell836	Others	8857.0388	122.4706
Cell837	Others	8853.7101	135.2512
Cell838	Others	8841.8406	-114.2592
Cell839	Others	9191.8316	-87.2074
Cell840	Others	9027.9592	-38.5847
Cell841	Others	8982.0029	61.8102
Cell842	Others	9027.8638	21.6154
Cell843	Others	9065.215	0.4813
Cell844	Others	8907.3965	163.6319
Cell845	Others	8984.4408	1.7458
Cell846	Others	8952.1827	23.2681
Cell847	Others	8901.5117	192.3989
Cell848	Others	9014.3591	-76.9134
Cell849	Others	8855.1922	156.6716
Cell850	Others	8938.9026	-103.1971
Cell851	Others	8986.129	-53.757
Cell852	Others	8981.1906	45.1361
Cell853	Others	8897.0352	53.8043
Cell854	Others	8913.2764	121.5532
Cell855	Others	8868.963	-137.6259
Cell856	Others	8870.4565	44.8058
Cell857	Others	8950.0587	-65.9045
Cell858	Others	9136.6216	-52.3459
Cell859	Others	8870.8728	-105.4359
Cell860	Others	8803.6006	85.0204
Cell861	Others	8884.3276	43.1014
Cell862	Others	8943.0836	64.2757
Cell863	Others	8858.8368	-96.6691
Cell864	Others	8828.3164	26.3669
Cell865	Others	8920.6218	-4.6222
Cell866	Others	8941.6434	108.8142
Cell867	Others	9012.8755	-46.9085
Cell868	Others	9204.4868	-87.5545
Cell869	Others	8982.9989	32.727
Cell870	Others	9030.4209	-87.6631
Cell871	Others	8940.3538	-61.9516
Cell872	Others	8841.9795	181.0356
Cell873	Others	9015.5121	4.5695
Cell874	Others	8880.4878	-73.712
Cell875	Others	8915.9795	89.9722
Cell876	Others	9212.8055	-107.8922
Cell877	Others	8912.1168	109.0948
Cell878	Others	9112.9765	-13.9192
Cell879	Others	8970.2992	113.3995
Cell880	Others	8918.9518	97.5384
Cell881	Others	8891.0712	-54.9463
Cell882	Others	8821.9712	-11.6422
Cell883	Others	9281.0178	-186.3701
Cell884	Others	9130.4631	-92.2139
Cell885	Others	8817.5397	-21.8185
Cell886	Others	8891.4025	-42.9342
Cell887	Others	8824.3595	234.849
Cell888	Others	8818.5022	125.4185
Cell889	Others	8911.2242	133.2969
Cell890	Others	8973.9619	-68.9715
Cell891	Others	8860.3868	73.0071
Cell892	Others	8926.9953	197.1537
Cell893	Others	8885.4067	4.6162
Cell894	Others	9207.271	-129.7109
Cell895	Others	9100.1445	-129.8711
Cell896	Others	9223.676	-118.6586
Cell897	Others	8857.6122	-12.661
Cell898	Others	9164.0801	-66.9389
Cell899	Others	9229.3603	-155.4582
Cell900	Others	8959.4296	205.8241
Cell901	Others	8962.1415	188.7889
Cell902	Others	8898.5398	19.7654
Cell903	Others	8899.6842	-174.6163
Cell904	Others	8935.7505	88.1819
Cell905	Others	8933.4225	154.9105
Cell906	Others	9151.5516	-87.2239
Cell907	Others	8964.8746	79.1789
Cell908	Others	8882.2389	199.6622
Cell909	Others	8933.4883	-70.3356
Cell910	Others	8904.0627	45.9557
Cell911	Others	8821.3586	-22.4785
Cell912	Others	8836.4096	-0.3886
Cell913	Others	8844.8657	-52.3358
Cell914	Others	9204.0312	-112.9036
Cell915	Others	8924.3005	53.0077
Cell916	Others	9007.2765	111.0543
Cell917	Others	8946.2231	10.1515
Cell918	Others	8939.535	44.8976
Cell919	Others	8941.1093	78.6461
Cell920	Others	8827.6795	112.9602
Cell921	Others	8888.8104	81.2418
Cell922	Others	8821.2634	-56.2543
Cell923	Others	8938.103	-91.5801
Cell924	Others	8903.5257	-90.7436
Cell925	Others	8934.1334	56.1018
Cell926	Others	8982.353	-86.6357
Cell927	Others	9017.919	28.6165
Cell928	Others	9147.4356	-77.1873
Cell929	Others	9160.9871	-51.5011
Cell930	Others	8863.4831	163.424
Cell931	Others	9257.8037	-182.6834
Cell932	Others	9121.7208	13.8462
Cell933	Others	8927.2517	19.8942
Cell934	Others	8977.8253	36.626
Cell935	Others	8845.8516	87.05
Cell936	Others	9000.5893	-96.5792
Cell937	Others	8961.6142	-20.5454
Cell938	Others	9251.1939	-144.693
Cell939	Others	8892.9412	2.5443
Cell940	Others	9248.5172	-153.5688
Cell941	Others	8894.7891	45.7053
Cell942	Others	8950.748	-108.8628
Cell943	Others	8896.0978	-53.6639
Cell944	Others	8964.2178	-66.0246
Cell945	Others	8888.6267	293.345
Cell946	Others	8916.455	58.2066
Cell947	Others	8880.8127	61.2702
Cell948	Others	8941.7753	57.8298
Cell949	Others	8840.8489	243.0278
Cell950	Others	9027.2467	-153.3364
Cell951	Others	8909.4744	58.65
Cell952	Others	8995.1535	-72.8705
Cell953	Others	8885.679	200.2176
Cell954	Others	9028.1707	-134.0946
Cell955	Others	9002.01	73.2129
Cell956	Others	8877.496	129.6224
Cell957	Others	8840.5219	88.1723
Cell958	Others	8942.4002	17.9382
Cell959	Others	9254.0748	-180.7109
Cell960	Others	9121.8814	-168.2946
Cell961	Others	8869.185	74.3053
Cell962	Others	9000.1916	-12.5766
Cell963	Others	8891.8581	37.4729
Cell964	Others	9017.7425	64.2321
Cell965	Others	9011.1803	29.6866
Cell966	Others	8958.5768	13.0262
Cell967	Others	8900.1654	113.2118
Cell968	Others	8903.3659	9.6153
Cell969	Others	8926.9277	-123.1288
Cell970	Others	8759.4823	442.5885
Cell971	Others	8963.2067	157.9485
Cell972	Others	9256.5325	-156.8752
Cell973	Others	8845.6075	-106.0755
Cell974	Others	8972.8008	83.0796
Cell975	Others	8858.2922	101.3166
Cell976	Others	8885.5088	-65.6872
Cell977	Others	8944.373	197.8786
Cell978	Others	8868.4509	-96.4987
Cell979	Others	8903.5187	140.3088
Cell980	Others	9169.9763	-47.2566
Cell981	Others	8993.1293	-81.7338
Cell982	Others	8964.2156	-130.0374
Cell983	Others	8857.0605	-29.8241
Cell984	Others	8861.5124	-79.1359
Cell985	Others	9276.9697	-177.5311
Cell986	Others	9127.6335	-7.7678
Cell987	Others	8933.8962	170.0676
Cell988	Others	9069.6826	-9.2705
Cell989	Others	9047.0734	28.4914
Cell990	Others	8959.2244	-7.0813
Cell991	Others	8802.7222	396.2027
Cell992	Others	8925.6721	42.0114
Cell993	Others	9112.2115	-112.7352
Cell994	Others	9024.2632	-163.638
Cell995	Others	8909.7794	40.6575
Cell996	Others	9064.1888	44.711
Cell997	Others	8887.9328	169.5227
Cell998	Others	8935.2594	189.3663
Cell999	Others	8771.5152	430.8364
Cell1000	Others	8993.2959	-141.8755
Cell1001	Others	8984.1538	-19.9846
Cell1002	Others	9217.7447	-112.6154
Cell1003	Others	8887.4547	132.3965
Cell1004	Others	8850.5849	-9.7402
Cell1005	Others	8924.9751	133.4014
Cell1006	Others	8895.4476	177.4272
Cell1007	Others	9221.5664	-114.9104
Cell1008	Others	8879.7806	43.6008
Cell1009	Others	8867.1191	68.2507
Cell1010	Others	8960.9769	-157.0316
Cell1011	Others	8916.606	69.4449
Cell1012	Others	8862.5604	-110.1926
Cell1013	Others	8934.9362	43.965
Cell1014	Others	9100.6854	-33.5674
Cell1015	Others	8907.7346	-177.9578
Cell1016	Others	8867.5732	35.2269
Cell1017	Others	9003.5523	42.2332
Cell1018	Others	8958.9025	1.9901
Cell1019	Others	9034.657	-64.2938
Cell1020	Others	8922.3016	121.8887
Cell1021	Others	8962.9793	58.1765
Cell1022	Others	8956.9492	-35.053
Cell1023	Others	8909.0243	240.721
Cell1024	Others	8883.0392	91.8739
Cell1025	Others	8901.6489	-135.2272
Cell1026	Others	8940.9275	-159.6563
Cell1027	Others	8991.5703	61.5538
Cell1028	Others	9002.7986	-60.9331
Cell1029	Others	8956.7567	13.0841
Cell1030	Others	9010.7553	-60.1231
Cell1031	Others	8816.9787	18.5837
Cell1032	Others	8829.159	43.8158
Cell1033	Others	8920.0161	221.5087
Cell1034	Others	8854.4271	232.079
Cell1035	Others	8903.5491	-116.8021
Cell1036	Others	8898.7172	-41.7227
Cell1037	Others	9266.3761	-159.8695
Cell1038	Others	9114.8469	9.8064
Cell1039	Others	8847.0784	-51.4874
Cell1040	Others	8889.8194	59.2848
Cell1041	Others	8871.107	119.6194
Cell1042	Others	8839.88	-19.6451
Cell1043	Others	8909.5307	-73.8715
Cell1044	Others	8960.3023	65.5084
Cell1045	Others	9159.7024	-101.711
Cell1046	Others	8910.1657	21.0607
Cell1047	Others	8915.4883	-16.1488
Cell1048	Others	9015.8502	34.3659
Cell1049	Others	9089.048	-47.8885
Cell1050	Others	8879.9927	286.4041
Cell1051	Others	8893.2789	-103.8918
Cell1052	Others	8892.2222	-23.2628
Cell1053	Others	8977.158	49.1666
Cell1054	Others	8936.7797	-134.2288
Cell1055	Others	8861.5736	-2.092
Cell1056	Others	8999.6035	-0.0033
Cell1057	Others	9222.2104	-131.5486
Cell1058	Others	8809.327	-9.4988
Cell1059	Others	8818.0725	-49
Cell1060	Others	8852.6793	16.2638
Cell1061	Others	8872.1147	66.9556
Cell1062	Others	9085.5915	-75.7832
Cell1063	Others	8926.2558	3.9729
Cell1064	Others	8845.7643	292.6217
Cell1065	Others	8913.4334	-55.2626
Cell1066	Others	8868.9055	138.0266
Cell1067	Others	8874.7141	96.0219
Cell1068	Others	8815.3544	124.9091
Cell1069	Others	8988.0472	169.7184
Cell1070	Others	8887.5635	235.0023
Cell1071	Others	8819.3289	368.8262
Cell1072	Others	8819.8552	168.8773
Cell1073	Others	9100.2858	-43.5904
Cell1074	Others	8791.3813	9.094
Cell1075	Others	8865.1922	5.2652
Cell1076	Others	9252.188	-144.3636
Cell1077	Others	8854.1122	-55.4607
Cell1078	Others	9034.8072	111.2676
Cell1079	Others	9210.9419	-110.8835
Cell1080	Others	8964.3215	160.7667
Cell1081	Others	8862.5844	16.1701
Cell1082	Others	8887.5553	-57.7734
Cell1083	Others	8841.088	-43.3082
Cell1084	Others	9063.0749	-9.3347
Cell1085	Others	9087.4014	-65.3201
Cell1086	Others	8980.0476	156.6638
Cell1087	Others	9105.6073	-146.2781
Cell1088	Others	8993.0612	-102.3568
Cell1089	Others	8778.4567	-74.6284
Cell1090	Others	8757.9628	439.6691
Cell1091	Others	8887.3118	-45.7214
Cell1092	Others	8902.5409	-58.722
Cell1093	Others	8948.1336	203.9404
Cell1094	Others	8928.8105	-61.4816
Cell1095	Others	9057.5218	-11.6326
Cell1096	Others	8935.1422	180.6191
Cell1097	Others	9261.5826	-167.2719
Cell1098	Others	8870.8752	-123.9629
Cell1099	Others	8869.43	-143.7326
Cell1100	Others	8916.402	109.9437
Cell1101	Others	8883.7202	-39.7348
Cell1102	Others	8798.999	110.3073
Cell1103	Others	9027.3337	79.433
Cell1104	Others	8948.396	75.6824
Cell1105	Others	8988.7109	87.7621
Cell1106	Others	8953.3591	18.8784
Cell1107	Others	8951.4488	-51.6689
Cell1108	Others	8900.5786	163.27440000000001
Cell1109	Others	8844.5585	140.039
Cell1110	Others	8900.0294	-35.5765
Cell1111	Others	8957.3488	24.6117
Cell1112	Others	8890.5018	-57.3493
Cell1113	Others	9046.5764	-26.7938
Cell1114	Others	8936.3534	92.2568
Cell1115	Others	8954.8416	128.7047
Cell1116	Others	8923.3353	31.6293
Cell1117	Others	8887.4568	98.0641
Cell1118	Others	9035.2464	-135.3227
Cell1119	Others	8954.5604	-137.0875
Cell1120	Others	9138.4211	-75.734
Cell1121	Others	8968.6381	30.232
Cell1122	Others	8901.1547	101.2548
Cell1123	Others	9011.5365	54.4577
Cell1124	Others	8863.561	41.8627
Cell1125	Others	8930.8733	-115.5175
Cell1126	Others	8924.9923	-78.7704
Cell1127	Others	8858.8638	64.3849
Cell1128	Others	8913.1841	13.506
Cell1129	Others	8925.9579	-91.7711
Cell1130	Others	8846.2872	165.5717
Cell1131	Others	8968.3491	5.919
Cell1132	Others	8921.2021	-73.7647
Cell1133	Others	8836.5454	14.8036
Cell1134	Others	8871.9051	7.9967
Cell1135	Others	8828.5261	-72.0424
Cell1136	Others	9169.4838	-106.8106
Cell1137	Others	8920.638	-59.1195
Cell1138	Others	8974.7709	46.1905
Cell1139	Others	8880.3726	103.5627
Cell1140	Others	9037.551	-47.6431
Cell1141	Others	8878.2673	255.5827
Cell1142	Others	8842.4231	-21.0858
Cell1143	Others	8932.8633	-22.5953
Cell1144	Others	8825.684	20.1179
Cell1145	Others	8846.5638	63.5756
Cell1146	Others	9182.4433	-128.9786
Cell1147	Others	9089.894	-63.2433
Cell1148	Others	8868.5485	-19.9556
Cell1149	Others	8860.3715	196.314
Cell1150	Others	8722.5324	487.048
Cell1151	Others	8919.8967	-2.8837
Cell1152	Others	9035.1761	44.1046
Cell1153	Others	9150.6024	-42.6722
Cell1154	Others	8883.1373	109.6853
Cell1155	Others	8987.7312	-84.5699
Cell1156	Others	8898.3802	23.8475
Cell1157	Others	8952.1831	-129.6715
Cell1158	Others	8906.0529	20.0296
Cell1159	Others	8806.8932	14.6475
Cell1160	Others	8966.0264	1.4336
Cell1161	Others	8867.5739	142.3137
Cell1162	Others	8918.5699	-97.8171
Cell1163	Others	9002.8928	8.3307
Cell1164	Others	9205.625	-111.2678
Cell1165	Others	8830.1612	131.4522
Cell1166	Others	8940.1895	152.1295
Cell1167	Others	8836.4391	283.53
Cell1168	Others	8877.2523	54.2994
Cell1169	Others	8844.8498	26.2649
Cell1170	Others	9020.6306	11.9754
Cell1171	Others	8856.2042	95.3486
Cell1172	Others	8910.1367	-51.1539
Cell1173	Others	8947.1181	-73.1934
Cell1174	Others	8872.6825	-40.522
Cell1175	Others	9045.6142	43.8904
Cell1176	Others	8657.7428	565.1761
Cell1177	Others	8961.9731	-112.6911
Cell1178	Others	9185.6013	-139.3936
Cell1179	Others	8873.2919	206.5194
Cell1180	Others	8979.5039	-86.0903
Cell1181	Others	8917.3166	-76.6324
Cell1182	Others	8911.4797	-38.5775
Cell1183	Others	8848.459	-99.185
Cell1184	Others	8886.488	24.5486
Cell1185	Others	8902.935	-55.4715
Cell1186	Others	9114.4108	-112.0623
Cell1187	Others	9014.4246	139.0429
Cell1188	Others	9009.1708	-38.5977
Cell1189	Others	8941.1983	-163.1587
Cell1190	Others	8932.6637	-104.8995
Cell1191	Others	8909.9348	87.9089
Cell1192	Others	8950.609	114.766
Cell1193	Others	9009.3004	-41.1539
Cell1194	Others	8947.0633	34.6395
Cell1195	Others	9282.3136	-180.8029
Cell1196	Others	9001.1073	78.3033
Cell1197	Others	8914.8469	-154.9272
Cell1198	Others	8854.2596	-20.3204
Cell1199	Others	8954.5738	-141.5915
Cell1200	Others	8894.2171	50.8905
Cell1201	Others	8969.8841	28.5134
Cell1202	Others	8896.9761	-130.0101
Cell1203	Others	8927.8795	-20.2359
Cell1204	Others	9066.6422	29.3605
Cell1205	Others	9038.2026	62.8416
Cell1206	Others	9265.2203	-161.0722
Cell1207	Others	8853.4983	95.5302
Cell1208	Others	8898.1659	227.5533
Cell1209	Others	8873.3565	-119.217
Cell1210	Others	9183.4729	-110.3467
Cell1211	Others	8985.7983	109.3691
Cell1212	Others	8804.5785	34.3775
Cell1213	Others	9176.0825	-116.8054
Cell1214	Others	8857.1306	255.4493
Cell1215	Others	8923.6247	-25.8066
Cell1216	Others	8868.4173	9.2417
Cell1217	Others	8964.2371	62.2148
Cell1218	Others	9048.7014	-24.1733
Cell1219	Others	8843.1335	-87.6554
Cell1220	Others	8988.7042	134.7072
Cell1221	Others	8834.9744	-4.1662
Cell1222	Others	8883.6578	-55.1183
Cell1223	Others	8893.4947	11.7338
Cell1224	Others	8906.0388	30.8731
Cell1225	Others	8854.0563	-70.2108
Cell1226	Others	9009.2506	109.9878
Cell1227	Others	9228.9882	-172.0528
Cell1228	Others	9106.6815	-31.1086
Cell1229	Others	9011.665	-11.2021
Cell1230	Others	8828.2515	227.1045
Cell1231	Others	9004.1397	43.8591
Cell1232	Others	8983.5683	111.7034
Cell1233	Others	8847.7541	85.8911
Cell1234	Others	8988.0632	-103.1986
Cell1235	Others	9168.6304	-62.3172
Cell1236	Others	8848.3795	-20.89
Cell1237	Others	8995.7707	-6.7662
Cell1238	Others	8876.213	39.5192
Cell1239	Others	8907.9316	132.179
Cell1240	Others	8870.608	176.97
Cell1241	Others	8852.0372	319.0571
Cell1242	Others	8961.6644	-117.5397
Cell1243	Others	8867.9216	12.0778
Cell1244	Others	9032.3328	-29.9509
Cell1245	Others	8945.24	-33.3863
Cell1246	Others	8863.9391	-22.4334
Cell1247	Others	8930.7926	9.1807
Cell1248	Others	9037.8625	-32.4534
Cell1249	Others	8897.279	138.7507
Cell1250	Others	8885.0305	100.8999
Cell1251	Others	9028.1874	63.3702
Cell1252	Others	8939.881	-47.5175
Cell1253	Others	8857.0881	95.7405
Cell1254	Others	9261.5957	-163.4652
Cell1255	Others	8899.0935	35.6039
Cell1256	Others	9175.184	-79.0804
Cell1257	Others	8912.5591	-44.3353
Cell1258	Others	8935.4404	6.6722
Cell1259	Others	8997.986	-92.7262
Cell1260	Others	8903.1434	-91.2073
Cell1261	Others	8785.6386	112.2024
Cell1262	Others	8820.0455	38.4991
Cell1263	Others	8817.7149	49.1663
Cell1264	Others	8935.4127	43.8595
Cell1265	Others	8829.8077	52.7117
Cell1266	Others	9046.6635	-71.3987
Cell1267	Others	9028.3957	-33.9798
Cell1268	Others	8864.0031	203.8388
Cell1269	Others	8920.4759	-8.7674
Cell1270	Others	8897.6786	-59.3608
Cell1271	Others	8740.968	427.3779
Cell1272	Others	8895.0679	-0.0935
Cell1273	Others	9267.3966	-177.0915
Cell1274	Others	8815.9223	-78.3067
Cell1275	Others	8800.9907	243.4968
Cell1276	Others	8880.7504	-56.5806
Cell1277	Others	9055.1321	-97.055
Cell1278	Others	8942.174	-151.1886
Cell1279	Others	9069.9596	-10.3434
Cell1280	Others	9012.3244	41.0242
Cell1281	Others	9000.7055	-112.6329
Cell1282	Others	8901.5383	19.4094
Cell1283	Others	8921.1805	71.8367
Cell1284	Others	8889.9514	70.5413
Cell1285	Others	8793.2582	219.3153
Cell1286	Others	8827.2398	-77.3075
Cell1287	Others	8879.5793	-55.5398
Cell1288	Others	8846.9107	-28.0272
Cell1289	Others	8939.4226	-6.1128
Cell1290	Others	8908.3169	23.6664
Cell1291	Others	8817.03	64.7038
Cell1292	Others	8815.6806	57.0547
Cell1293	Others	9113.7278	-102.1656
Cell1294	Others	8889.9468	-82.3069
Cell1295	Others	8895.3214	-69.2511
Cell1296	Others	8965.5337	-78.461
Cell1297	Others	8971.9439	109.8799
Cell1298	Others	8906.1781	-26.7194
Cell1299	Others	9069.0338	11.1891
Cell1300	Others	8899.4753	-75.0252
Cell1301	Others	8852.9161	175.6948
Cell1302	Others	8873.9288	-39.7932
Cell1303	Others	8800.2201	225.8449
Cell1304	Others	8822.0385	-61.3619
Cell1305	Others	8903.1522	195.3692
Cell1306	Others	8834.1464	-6.8977
Cell1307	Others	8984.1763	63.5325
Cell1308	Others	8844.2533	-90.8145
Cell1309	Others	8934.69	-103.2939
Cell1310	Others	8922.4957	-28.3144
Cell1311	Others	8821.581	47.785
Cell1312	Others	8987.6838	30.4434
Cell1313	Others	9020.1005	67.8613
Cell1314	Others	8995.5347	-48.1658
Cell1315	Others	8841.7074	255.0739
Cell1316	Others	8983.7008	80.8647
Cell1317	Others	8955.94	24.3898
Cell1318	Others	8884.0535	-40.4311
Cell1319	Others	8902.6484	241.5895
Cell1320	Others	9102.502	-7.628
Cell1321	Others	8969.6353	-157.4185
Cell1322	Others	8917.5399	-52.7702
Cell1323	Others	8912.1879	88.4496
Cell1324	Others	8869.293	16.0403
Cell1325	Others	9020.8026	-147.5631
Cell1326	Others	8934.0923	142.7751
Cell1327	Others	8995.5021	133.5911
Cell1328	Others	8875.0218	16.7894
Cell1329	Others	8834.3983	12.4978
Cell1330	Others	9018.8129	-5.592
Cell1331	Others	8971.199	-105.4556
Cell1332	Others	9102.7269	-118.8321
Cell1333	Others	9112.5711	-144.3307
Cell1334	Others	8928.0087	-22.2868
Cell1335	Others	9133.3092	-109.1149
Cell1336	Others	8917.842	178.045
Cell1337	Others	8908.6124	-62.7841
Cell1338	Others	8854.1566	269.149
Cell1339	Others	9203.3378	-89.3856
Cell1340	Others	9212.4678	-122.9884
Cell1341	Others	9016.0774	82.8591
Cell1342	Others	8815.4122	-57.3637
Cell1343	Others	8917.2461	89.2514
Cell1344	Others	8912.8292	6.7844
Cell1345	Others	8946.3556	-84.9106
Cell1346	Others	8947.5303	128.5563
Cell1347	Others	9012.1268	-26.4395
Cell1348	Others	8950.4291	-76.4851
Cell1349	Others	9055.1344	-72.0734
Cell1350	Others	8995.409	64.6446
Cell1351	Others	9041.262	49.5154
Cell1352	Others	9029.0781	-45.7128
Cell1353	Others	8866.0223	-51.4539
Cell1354	Others	8934.7423	21.0634
Cell1355	Others	8755.2167	410.9155
Cell1356	Others	8826.2186	190.2332
Cell1357	Others	8834.313	280.4021
Cell1358	Others	9134.6833	-6.5198
Cell1359	Others	9255.8587	-149.706
Cell1360	Others	8922.8881	59.1553
Cell1361	Others	9021.9772	33.0026
Cell1362	Others	9248.9686	-142.362
Cell1363	Others	8839.2184	61.4407
Cell1364	Others	8886.4123	6.4285
Cell1365	Others	8915.4513	189.247
Cell1366	Others	9161.3721	-42.7463
Cell1367	Others	9157.9005	-61.1528
Cell1368	Others	8915.8342	-161.8069
Cell1369	Others	9152.0994	-29.2716
Cell1370	Others	8900.9064	176.2482
Cell1371	Others	8850.9355	39.9749
Cell1372	Others	8891.8646	-54.0869
Cell1373	Others	8849.4761	286.101
Cell1374	Others	9103.4986	-54.3831
Cell1375	Others	8911.5521	94.2294
Cell1376	Others	8960.2731	-156.6675
Cell1377	Others	8887.5779	1.3662
Cell1378	Others	9194.2986	-98.6205
Cell1379	Others	8976.6398	-50.6502
Cell1380	Others	9029.2928	54.3069
Cell1381	Others	8848.1595	-20.2312
Cell1382	Others	8879.8429	-75.8845
Cell1383	Others	9000.9983	-146.323
Cell1384	Others	9274.1458	-190.7438
Cell1385	Others	9206.594	-104.9635
Cell1386	Others	8920.5181	106.5463
Cell1387	Others	9117.8979	-83.9182
Cell1388	Others	8953.5961	89.2522
Cell1389	Others	9026.8633	-77.2931
Cell1390	Others	9028.2228	19.244
Cell1391	Others	8919.7317	148.8873
Cell1392	Others	8846.6747	208.2701
Cell1393	Others	9034.7671	62.9494
Cell1394	Others	8975.4978	-54.5694
Cell1395	Others	8913.9217	224.6579
Cell1396	Others	8922.508	35.5523
Cell1397	Others	8826.7933	-19.6092
Cell1398	Others	8959.708	-55.5836
Cell1399	Others	9064.9796	24.0791
Cell1400	Others	8876.1284	51.7401
Cell1401	Others	9043.5014	-22.1389
Cell1402	Others	8939.9402	219.0469
Cell1403	Others	8913.2316	155.8926
Cell1404	Others	9019.6671	4.7104
Cell1405	Others	8997.1005	36.566
Cell1406	Others	8865.2386	307.668
Cell1407	Others	8959.2473	42.5554
Cell1408	Others	8786.5278	-71.5395
Cell1409	Others	8963.4408	-114.6575
Cell1410	Others	8844.684	103.1943
Cell1411	Others	9131.2709	-158.6186
Cell1412	Others	8938.1807	41.3148
Cell1413	Others	8952.6518	37.3041
Cell1414	Others	8871.701	64.3793
Cell1415	Others	8938.9653	191.0709
Cell1416	Others	8939.6973	92.414
Cell1417	Others	8743.704	457.3226
Cell1418	Others	8985.2005	2.9208
Cell1419	Others	8836.6455	335.1813
Cell1420	Others	8901.4061	-86.0757
Cell1421	Others	8926.2893	-60.8787
Cell1422	Others	8777.0269	347.5151
Cell1423	Others	8959.7411	87.0072
Cell1424	Others	9197.6602	-133.9143
Cell1425	Others	8950.7655	-2.4429
Cell1426	Others	8894.992	-156.4779
Cell1427	Others	8913.4436	104.6911
Cell1428	Others	8843.3858	-157.5837
Cell1429	Others	9122.3069	-98.0378
Cell1430	Others	8848.2626	221.0302
Cell1431	Others	8815.2503	-111.514
Cell1432	Others	9021.4599	-23.431
Cell1433	Others	8935.6965	-118.2303
Cell1434	Others	8745.6878	421.8954
Cell1435	Others	8548.1948	701.5465
Cell1436	Others	8887.628	9.617
Cell1437	Others	8980.6117	-97.3665
Cell1438	Others	8867.263	-59.7435
Cell1439	Others	8930.2263	69.5187
Cell1440	Others	8885.4323	-169.8585
Cell1441	Others	8922.9154	36.6442
Cell1442	Others	8905.2117	91.3352
Cell1443	Others	8995.2227	110.8225
Cell1444	Others	8864.9805	163.7957
Cell1445	Others	8867.8606	297.7558
Cell1446	Others	9191.033	-71.4865
Cell1447	Others	9095.3881	-86.8928
Cell1448	Others	8963.1113	150.764
Cell1449	Others	8989.4337	106.0573
Cell1450	Others	8817.855	301.9745
Cell1451	Others	8843.4298	173.1787
Cell1452	Others	8944.5939	135.0898
Cell1453	Others	9276.6461	-176.541
Cell1454	Others	9210.2067	-136.197
Cell1455	Others	8950.2088	-63.7284
Cell1456	Others	8834.9174	-51.2061
Cell1457	Others	9176.3556	-80.8716
Cell1458	Others	8909.6615	220.9337
Cell1459	Others	9033.2702	-107.4791
Cell1460	Others	8811.6393	-41.2256
Cell1461	Others	9003.1527	5.0368
Cell1462	Others	8815.7939	144.4853
Cell1463	Others	9216.341	-106.7037
Cell1464	Others	8914.7899	-102.4027
Cell1465	Others	8863.9188	54.384
Cell1466	Others	9165.0654	-49.1908
Cell1467	Others	8831.3935	139.2917
Cell1468	Others	9091.3842	-50.6306
Cell1469	Others	8902.4608	-17.1794
Cell1470	Others	8898.4146	218.9384
Cell1471	Others	8846.3419	63.8779
Cell1472	Others	8948.2063	78.2069
Cell1473	Others	9088.6974	-44.124
Cell1474	Others	8990.639	-108.2785
Cell1475	Others	9084.5993	-163.2013
Cell1476	Others	8923.0243	202.3814
Cell1477	Others	9234.73	-144.0648
Cell1478	Others	8840.1112	196.2093
Cell1479	Others	9240.8227	-142.655
Cell1480	Others	8933.302	-2.142
Cell1481	Others	8872.6152	6.1055
Cell1482	Others	9090.2245	-127.0285
Cell1483	Others	9164.6351	-50.7715
Cell1484	Others	8803.8962	33.7744
Cell1485	Others	8906.8005	227.4925
Cell1486	Others	8927.8772	-81.2877
Cell1487	Others	9009.5068	17.889
Cell1488	Others	8867.0818	-25.1847
Cell1489	Others	9080.987	-23.0128
Cell1490	Others	8885.3926	63.6582
Cell1491	Others	8930.4557	28.5939
Cell1492	Others	8840.4381	61.4568
Cell1493	Others	8864.3171	313.4223
Cell1494	Others	8920.6112	81.575
Cell1495	Others	9035.4933	2.2205
Cell1496	Others	8945.7261	-81.8678
Cell1497	Others	8726.2897	434.7039
Cell1498	Others	8991.1401	18.9541
Cell1499	Others	8947.0571	-95.5807
Cell1500	Others	8924.6125	110.7039
Cell1501	Others	9263.2873	-156.6568
Cell1502	Others	8920.4995	58.1651
Cell1503	Others	9000.7032	36.6439
Cell1504	Others	9023.4459	104.5072
Cell1505	Others	8945.3791	66.3242
Cell1506	Others	8807.1011	29.6312
Cell1507	Others	8909.374	182.3773
Cell1508	Others	8932.6215	-43.3579
Cell1509	Others	8826.3485	-53.9228
Cell1510	Others	8909.2381	253.8202
Cell1511	Others	8898.0664	99.265
Cell1512	Others	8665.6996	555.4622
Cell1513	Others	8929.1019	165.9183
Cell1514	Others	9216.4587	-132.4319
Cell1515	Others	8907.0083	-56.2936
Cell1516	Others	9041.3555	-34.8509
Cell1517	Others	8844.1086	262.8542
Cell1518	Others	9093.6068	-108.5205
Cell1519	Others	8977.2592	116.3706
Cell1520	Others	8871.754	131.039
Cell1521	Others	8932.7445	-40.1414
Cell1522	Others	8836.5354	-142.5518
Cell1523	Others	8921.8685	116.8634
Cell1524	Others	8858.4754	75.0106
Cell1525	Others	8881.8283	43.7258
Cell1526	Others	8903.8147	44.008
Cell1527	Others	9039.3278	-55.356
Cell1528	Others	9093.6778	-33.8196
Cell1529	Others	8946.075	142.1039
Cell1530	Others	8913.0093	179.6466
Cell1531	Others	8860.1771	-44.2579
Cell1532	Others	8969.5041	42.3152
Cell1533	Others	9125.6266	-102.7741
Cell1534	Others	9025.7876	66.7976
Cell1535	Others	8921.6033	59.552
Cell1536	Others	8988.8578	4.2591
Cell1537	Others	8971.5701	6.9382
Cell1538	Others	8960.4643	71.081
Cell1539	Others	8904.0312	-23.9756
Cell1540	Others	8958.67	-71.9088
Cell1541	Others	8927.8205	74.074700000000007
Cell1542	Others	8987.5789	135.4159
Cell1543	Others	9043.0967	66.5825
Cell1544	Others	8888.6963	150.7734
Cell1545	Others	9023.4865	5.2946
Cell1546	Others	8850.3707	184.6359
Cell1547	Others	8845.9196	219.2925
Cell1548	Others	8816.9573	359.0179
Cell1549	Others	8912.7943	-50.6232
Cell1550	Others	8971.6224	19.9483
Cell1551	Others	8863.0648	-71.1424
Cell1552	Others	9029.552	27.4548
Cell1553	Others	8952.8816	63.9485
Cell1554	Others	8949.4202	32.9979
Cell1555	Others	9002.8113	-36.8774
Cell1556	Others	8828.7702	49.3585
Cell1557	Others	8919.0331	108.3649
Cell1558	Others	8985.5678	-98.8616
Cell1559	Others	8933.5039	32.9052
Cell1560	Others	8884.1759	292.2953
Cell1561	Others	8937.1965	108.7623
Cell1562	Others	8995.8032	-120.5027
Cell1563	Others	9038.541	-14.5059
Cell1564	Others	8910.8065	32.5805
Cell1565	Others	8954.95	-96.8601
Cell1566	Others	8840.2874	72.4473
Cell1567	Others	9062.8725	-42.4238
Cell1568	Others	8825.6994	265.6022
Cell1569	Others	8907.4668	35.7588
Cell1570	Others	8846.1452	284.8207
Cell1571	Others	9273.9974	-171.2051
Cell1572	Others	9233.4066	-167.0805
Cell1573	Others	9052.1141	18.1111
Cell1574	Others	9013.5847	99.9282
Cell1575	Others	8948.4524	116.3844
Cell1576	Others	8969.0772	102.9044
Cell1577	Others	8934.7889	107.043
Cell1578	Others	8994.2788	-113.9953
Cell1579	Others	8892.5296	21.9026
Cell1580	Others	8904.3337	193.6413
Cell1581	Others	9069.5639	30.175
Cell1582	Others	8966.454	2.1558
Cell1583	Others	8954.7915	195.1125
Cell1584	Others	8956.1881	133.3334
Cell1585	Others	8754.2832	406.5941
Cell1586	Others	8915.2147	-34.6572
Cell1587	Others	9052.8134	31.4924
Cell1588	Others	8938.0347	79.47
Cell1589	Others	8837.5703	-90.3681
Cell1590	Others	9231.1851	-145.089
Cell1591	Others	9196.5369	-161.8158
Cell1592	Others	8860.0356	253.2364
Cell1593	Others	8864.2195	297.7738
Cell1594	Others	8951.7064	-42.4525
Cell1595	Others	9197.7212	-104.2852
Cell1596	Others	8917.663	176.2239
Cell1597	Others	8877.2126	170.4515
Cell1598	Others	9031.8666	-96.7418
Cell1599	Others	8887.9096	68.2671
Cell1600	Others	8840.9031	41.8072
Cell1601	Others	9247.8678	-156.5963
Cell1602	Others	9094.2467	-75.9091
Cell1603	Others	8956.4975	-42.4865
Cell1604	Others	8911.8325	85.7387
Cell1605	Others	8976.4473	35.9669
Cell1606	Others	8976.6784	-27.738
Cell1607	Others	8978.4521	121.2546
Cell1608	Others	8877.127	-61.7407
Cell1609	Others	8864.8235	-77.1898
Cell1610	Others	8857.7576	39.3238
Cell1611	Others	8967.9228	-97.912
Cell1612	Others	8937.8652	64.929
Cell1613	Others	8977.6794	46.4639
Cell1614	Others	8891.7334	39.5357
Cell1615	Others	8884.5958	-7.9084
Cell1616	Others	8892.305	-39.1815
Cell1617	Others	8940.0717	79.0802
Cell1618	Others	8985.1308	-27.7632
Cell1619	Others	8863.2273	226.2704
Cell1620	Others	9065.0405	19.8645
Cell1621	Others	9087.9211	-71.8329
Cell1622	Others	9023.3467	-71.6937
Cell1623	Others	8981.6016	45.9188
Cell1624	Others	8979.5199	-62.1743
Cell1625	Others	8973.183	-10.5963
Cell1626	Others	8918.542	-130.8061
Cell1627	Others	8928.4038	-68.9711
Cell1628	Others	9081.3103	-32.4262
Cell1629	Others	8894.0259	271.2069
Cell1630	Others	9047.5613	-81.3446
Cell1631	Others	9050.628	-81.5573
Cell1632	Others	8945.3461	21.5284
Cell1633	Others	8981.036	71.6213
Cell1634	Others	8995.2531	73.409
Cell1635	Others	8974.4987	-8.949
Cell1636	Others	8972.3747	-25.8998
Cell1637	Others	8899.8823	90.9424
Cell1638	Others	8996.5418	32.3123
Cell1639	Others	8898.7476	-24.0002
Cell1640	Others	8855.4199	-48.7326
Cell1641	Others	9092.4976	-88.6716
Cell1642	Others	8820.2927	132.8769
Cell1643	Others	8952.4163	-49.2546
Cell1644	Others	8878.8143	-93.2239
Cell1645	Others	8919.7474	163.3216
Cell1646	Others	8916.8861	16.3808
Cell1647	Others	9009.4607	38.5323
Cell1648	Others	9031.0031	-49.8215
Cell1649	Others	8983.563	-18.8726
Cell1650	Others	8941.5017	54.9598
Cell1651	Others	9053.9568	29.2359
Cell1652	Others	8909.6938	-18.0108
Cell1653	Others	9245.8546	-168.0798
Cell1654	Others	8813.4043	5.2055
Cell1655	Others	8992.5874	-89.5149
Cell1656	Others	8871.1701	-147.517
Cell1657	Others	9024.2909	-86.3448
Cell1658	Others	8936.7111	-129.6629
Cell1659	Others	8916.767	134.9814
Cell1660	Others	9065.7888	39.1519
Cell1661	Others	8881.5015	-100.2047
Cell1662	Others	9267.3453	-177.4027
Cell1663	Others	8911.581	-39.4956
Cell1664	Others	8992.5275	5.4141
Cell1665	Others	8853.367	45.9674
Cell1666	Others	8834.073	198.0088
Cell1667	Others	9006.9903	125.3594
Cell1668	Others	9250.2506	-144.5751
Cell1669	Others	8867.234	57.1
Cell1670	Others	8877.9164	26.938
Cell1671	Others	8800.3734	241.6122
Cell1672	Others	8824.4908	97.3588
Cell1673	Others	8960.4056	-52.2798
Cell1674	Others	8911.6779	46.1296
Cell1675	Others	8860.7089	156.4896
Cell1676	Others	8963.0993	21.324
Cell1677	Others	8874.9277	114.9701
Cell1678	Others	8907.313	133.7751
Cell1679	Others	8891.5792	173.9962
Cell1680	Others	8889.5312	-112.8862
Cell1681	Others	8991.4101	-119.7071
Cell1682	Others	9211.9907	-120.9929
Cell1683	Others	8949.4198	57.4746
Cell1684	Others	8796.8668	37.4163
Cell1685	Others	8895.4274	229.2457
Cell1686	Others	8949.2675	27.7388
Cell1687	Others	8870.2118	-6.6821
Cell1688	Others	9051.2745	-48.9149
Cell1689	Others	9107.5142	-43.6128
Cell1690	Others	8981.6843	45.9377
Cell1691	Others	8980.7594	0.0608
Cell1692	Others	9157.7349	-121.4183
Cell1693	Others	8951.8198	17.8958
Cell1694	Others	8964.3244	50.2124
Cell1695	Others	8840.5597	288.8744
Cell1696	Others	8891.9567	12.4225
Cell1697	Others	8894.0757	274.3382
Cell1698	Others	8976.6126	88.1308
Cell1699	Others	8961.057	89.8337
Cell1700	Others	8918.7416	-72.2166
Cell1701	Others	8777.0157	-32.4058
Cell1702	Others	8968.1645	-124.2264
Cell1703	Others	9099.416	-46.322
Cell1704	Others	9045.3049	17.787
Cell1705	Others	8907.4567	-84.8124
Cell1706	Others	8885.4062	105.0794
Cell1707	Others	9109.6291	-127.105
Cell1708	Others	8958.5138	11.0495
Cell1709	Others	8817.0382	182.718
Cell1710	Others	9129.2588	-58.9852
Cell1711	Others	8893.1649	7.9765
Cell1712	Others	8819.2521	255.1654
Cell1713	Others	8929.0686	-64.1384
Cell1714	Others	9023.8197	103.3067
Cell1715	Others	9090.6436	17.3745
Cell1716	Others	9199.6462	-166.3542
Cell1717	Others	8795.5163	356.3405
Cell1718	Others	8833.1956	55.16
Cell1719	Others	9067.2486	-86.8136
Cell1720	Others	9077.6289	-61.5324
Cell1721	Others	9020.1199	-87.363
Cell1722	Others	9106.8392	-17.5985
Cell1723	Others	8979.6308	-22.6472
Cell1724	Others	8923.5299	142.0938
Cell1725	Others	8952.1407	121.9423
Cell1726	Others	8864.1009	-83.5269
Cell1727	Others	8870.1421	-136.3105
Cell1728	Others	8839.7935	201.5955
Cell1729	Others	8624.535	599.4234
Cell1730	Others	8852.3675	90.0372
Cell1731	Others	9249.7519	-168.4819
Cell1732	Others	8831.1077	41.3437
Cell1733	Others	9184.5655	-70.0838
Cell1734	Others	8916.094	154.0575
Cell1735	Others	8858.3043	120.5998
Cell1736	Others	8979.0289	-4.8462
Cell1737	Others	8915.163	-58.5148
Cell1738	Others	8938.7764	-15.4229
Cell1739	Others	9083.5901	-164.4342
Cell1740	Others	8890.2317	69.6475
Cell1741	Others	8908.511	114.8334
Cell1742	Others	8977.0258	-41.6262
Cell1743	Others	8838.8083	234.8411
Cell1744	Others	8891.3008	-36.2881
Cell1745	Others	8927.1549	4.491
Cell1746	Others	9119.219	9.8884
Cell1747	Others	8934.5513	89.8939
Cell1748	Others	8871.7008	155.0927
Cell1749	Others	8889.4958	20.5592
Cell1750	Others	8995.1687	76.667
Cell1751	Others	8960.8438	64.3405
Cell1752	Others	8906.242	-156.5036
Cell1753	Others	9199.0727	-166.5951
Cell1754	Others	9039.1408	26.1171
Cell1755	Others	8840.5149	302.7376
Cell1756	Others	8944.6727	-130.7326
Cell1757	Others	9150.4609	-103.5458
Cell1758	Others	8803.0225	246.0548
Cell1759	Others	8917.6391	47.9334
Cell1760	Others	9105.3063	-1.8945
Cell1761	Others	9002.768	50.8754
Cell1762	Others	8972.4831	-26.8755
Cell1763	Others	8824.2664	-34.0339
Cell1764	Others	9062.0327	-105.9948
Cell1765	Others	8861.9109	68.6071
Cell1766	Others	8952.6224	-50.707
Cell1767	Others	8938.7663	107.0602
Cell1768	Others	9009.7695	-14.9936
Cell1769	Others	8942.0348	111.6201
Cell1770	Others	8886.5586	-26.7441
Cell1771	Others	8906.7482	35.3097
Cell1772	Others	9253.9445	-180.3796
Cell1773	Others	8799.1587	369.8027
Cell1774	Others	8924.1831	26.2275
Cell1775	Others	8985.7785	-17.1287
Cell1776	Others	8878.0621	235.7627
Cell1777	Others	9070.6774	5.1233
Cell1778	Others	8927.9952	79.1436
Cell1779	Others	8926.9236	-52.1824
Cell1780	Others	8997.9209	126.3136
Cell1781	Others	8998.6477	5.0991
Cell1782	Others	8849.9344	82.8057
Cell1783	Others	9018.1205	25.6307
Cell1784	Others	9009.6056	5.1674
Cell1785	Others	8904.9926	217.0468
Cell1786	Others	8890.1597	-39.7711
Cell1787	Others	8954.0667	-115.7391
Cell1788	Others	8895.0512	-133.5003
Cell1789	Others	8935.792	60.7008
Cell1790	Others	8954.4453	3.5127
Cell1791	Others	8815.9724	62.0559
Cell1792	Others	8863.548	70.8126
Cell1793	Others	8935.5954	135.2979
Cell1794	Others	9092.4185	-52.9148
Cell1795	Others	8915.5222	-91.7747
Cell1796	Others	8999.0879	44.9393
Cell1797	Others	8856.0838	327.8239
Cell1798	Others	9020.532	-68.4049
Cell1799	Others	9144.1824	-78.9452
Cell1800	Others	9037.0273	-10.8217
Cell1801	Others	8905.4355	15.279
Cell1802	Others	8875.3345	126.206
Cell1803	Others	9000.1346	11.0233
Cell1804	Others	8899.3966	2.327
Cell1805	Others	9099.6065	-64.1957
Cell1806	Others	8991.9175	-111.7495
Cell1807	Others	8873.9747	-36.9051
Cell1808	Others	8879.1472	-39.7323
Cell1809	Others	8968.2004	125.73
Cell1810	Others	8931.6103	-131.4318
Cell1811	Others	8960.9117	3.9183
Cell1812	Others	8849.4958	168.0236
Cell1813	Others	9169.2477	-137.4299
Cell1814	Others	8921.7256	-45.2243
Cell1815	Others	8926.1451	143.7052
Cell1816	Others	8840.6232	233.1347
Cell1817	Others	8853.2334	92.0902
Cell1818	Others	9176.0754	-116.2372
Cell1819	Others	9162.184	-73.3646
Cell1820	Others	8933.8646	78.1872
Cell1821	Others	8985.6956	30.0629
Cell1822	Others	8989.5951	17.7249
Cell1823	Others	9000.7526	6.2011
Cell1824	Others	8838.8474	272.351
Cell1825	Others	8880.0367	49.0782
Cell1826	Others	8997.9422	-90.0946
Cell1827	Others	8997.8183	-63.458
Cell1828	Others	8942.9389	-105.4614
Cell1829	Others	9032.3101	9.5266
Cell1830	Others	8864.9242	18.1087
Cell1831	Others	8940.8171	4.5518
Cell1832	Others	8863.8849	129.3898
Cell1833	Others	9119.7868	-59.4911
Cell1834	Others	8845.3509	68.7874
Cell1835	Others	9162.536	-48.2596
Cell1836	Others	8979.584	16.6883
Cell1837	Others	8874.251	108.9496
Cell1838	Others	8806.1738	379.4097
Cell1839	Others	8956.6937	201.3929
Cell1840	Others	8860.3964	38.9473
Cell1841	Others	8902.3387	266.8535
Cell1842	Others	8795.6327	140.6899
Cell1843	Others	8930.0865	-130.4049
Cell1844	Others	8938.4082	2.1654
Cell1845	Others	8972.4196	-19.4021
Cell1846	Others	9014.4715	-23.264
Cell1847	Others	9086.2982	38.4801
Cell1848	Others	8844.8123	-126.9178
Cell1849	Others	8892.8919	87.9884
Cell1850	Others	8985.2174	-104.9374
Cell1851	Others	8985.7443	168.7292
Cell1852	Others	8940.0061	17.112
Cell1853	Others	9009.5608	22.8
Cell1854	Others	8876.7835	-27.7341
Cell1855	Others	8901.6004	-110.2551
Cell1856	Others	8890.6796	33.5016
Cell1857	Others	8918.9045	108.1019
Cell1858	Others	8926.0006	72.6871
Cell1859	Others	8903.4056	103.8407
Cell1860	Others	9266.2274	-170.465
Cell1861	Others	8790.5249	-90.1821
Cell1862	Others	8956.8793	50.0795
Cell1863	Others	8866.7762	-136.9189
Cell1864	Others	8794.2683	86.061
Cell1865	Others	8882.5251	128.2868
Cell1866	Others	9048.0502	-63.7574
Cell1867	Others	8871.0726	231.4581
Cell1868	Others	9005.8297	7.1633
Cell1869	Others	8757.4339	431.1974
Cell1870	Others	8860.0926	135.1692
Cell1871	Others	8909.7435	168.91
Cell1872	Others	8998.9516	0.6624
Cell1873	Others	9038.33	-57.7856
Cell1874	Others	8984.6493	128.2645
Cell1875	Others	8840.4348	112.3942
Cell1876	Others	8816.6313	83.8907
Cell1877	Others	9079.6134	-103.63
Cell1878	Others	8904.9117	12.2822
Cell1879	Others	8951.5754	-64.8002
Cell1880	Others	8789.1896	101.6631
Cell1881	Others	8861.9672	37.5256
Cell1882	Others	9097.5194	-27.2673
Cell1883	Others	8994.3385	-62.1495
Cell1884	Others	9024.479	54.0133
Cell1885	Others	9043.473	-51.9173
Cell1886	Others	8996.3643	-58.0331
Cell1887	Others	8912.9177	77.4779
Cell1888	Others	8827.3407	206.4237
Cell1889	Others	8898.7452	3.696
Cell1890	Others	9146.4566	-134.1818
Cell1891	Others	8871.185	-98.3002
Cell1892	Others	8801.8267	9.6685
Cell1893	Others	8942.4028	47.306
Cell1894	Others	8972.4069	-43.8092
Cell1895	Others	8878.7264	124.1351
Cell1896	Others	9022.6554	-93.542
Cell1897	Others	9020.8869	-82.5123
Cell1898	Others	8998.9764	59.9997
Cell1899	Others	9283.6386	-179.8192
Cell1900	Others	8918.1269	29.6459
Cell1901	Others	8938.4588	26.0886
Cell1902	Others	8954.2454	-32.4329
Cell1903	Others	8842.9329	-36.6561
Cell1904	Others	8916.3102	-124.2651
Cell1905	Others	9275.4579	-175.4589
Cell1906	Others	8917.6363	139.8906
Cell1907	Others	8930.2073	146.448
Cell1908	Others	9062.0458	-93.6082
Cell1909	Others	9061.0217	66.9954
Cell1910	Others	8969.9054	45.9076
Cell1911	Others	8982.8386	-36.0774
Cell1912	Others	8844.3292	-116.1324
Cell1913	Others	8932.1463	133.9753
Cell1914	Others	8934.2032	-170.6151
Cell1915	Others	8898.9492	4.5118
Cell1916	Others	8957.5722	71.7721
Cell1917	Others	8929.7147	117.7033
Cell1918	Others	8865.1301	38.2178
Cell1919	Others	8899.7733	188.3468
Cell1920	Others	8891.8085	175.8236
Cell1921	Others	8976.3639	-142.4002
Cell1922	Others	8855.5263	63.8395
Cell1923	Others	8939.8227	222.8672
Cell1924	Others	8956.4164	-68.5883
Cell1925	Others	8836.1027	346.9861
Cell1926	Others	8947.9577	162.2652
Cell1927	Others	8903.2509	-12.7228
Cell1928	Others	8858.6654	251.0873
Cell1929	Others	8952.2786	52.3743
Cell1930	Others	9150.1976	-102.2392
Cell1931	Others	8862.1443	210.9988
Cell1932	Others	9028.0268	-21.3421
Cell1933	Others	8943.497	-36.24
Cell1934	Others	8925.9517	-123.2438
Cell1935	Others	8847.0195	29.4412
Cell1936	Others	8888.9458	17.2523
Cell1937	Others	8862.1488	-30.2582
Cell1938	Others	8962.3035	96.3297
Cell1939	Others	9027.2957	-20.2371
Cell1940	Others	9113.5313	-75.9023
Cell1941	Others	9101.3356	-95.5262
Cell1942	Others	9081.4667	0.1682
Cell1943	Others	8945.9214	-5.241
Cell1944	Others	8816.3488	145.9655
Cell1945	Others	8759.498	435.0084
Cell1946	Others	8946.5662	166.3038
Cell1947	Others	9085.9349	-81.1864
Cell1948	Others	8903.429	-28.8629
Cell1949	Others	9067.5743	1.8017
Cell1950	Others	8897.9713	-21.8568
Cell1951	Others	8887.9456	10.4724
Cell1952	Others	8921.568	229.9467
Cell1953	Others	9141.9829	-129.9659
Cell1954	Others	8765.3668	383.9059
Cell1955	Others	8908.1552	104.9127
Cell1956	Others	8889.6643	54.5506
Cell1957	Others	8864.8868	103.4348
Cell1958	Others	9022.8856	-54.3346
Cell1959	Others	8932.6625	-83.9428
Cell1960	Others	8909.6046	-168.4314
Cell1961	Others	8851.991	0.2245
Cell1962	Others	8907.0784	35.4993
Cell1963	Others	8992.7468	70.8967
Cell1964	Others	8925.3863	14.5927
Cell1965	Others	9118.3013	-30.3755
Cell1966	Others	9259.7051	-157.214
Cell1967	Others	9200.8748	-87.8465
Cell1968	Others	8998.6023	-131.0068
Cell1969	Others	8847.7049	212.2626
Cell1970	Others	8833.4922	267.5626
Cell1971	Others	8883.7684	4.1922
Cell1972	Others	8897.6519	236.5645
Cell1973	Others	8928.8267	37.2393
Cell1974	Others	8849.9535	8.6832
Cell1975	Others	8828.3171	267.9647
Cell1976	Others	8945.3769	-23.4938
Cell1977	Others	8951.4489	32.7447
Cell1978	Others	9191.4745	-84.0152
Cell1979	Others	9225.0339	-112.373
Cell1980	Others	8918.8167	-13.9519
Cell1981	Others	8971.686	184.1159
Cell1982	Others	9113.0178	-93.0435
Cell1983	Others	8918.0589	206.2597
Cell1984	Others	8999.0577	57.9365
Cell1985	Others	8946.7877	28.1146
Cell1986	Others	8913.1285	-54.8563
Cell1987	Others	8897.5947	-57.4956
Cell1988	Others	8880.4573	290.0813
Cell1989	Others	8976.2224	161.9126
Cell1990	Others	8961.641	65.9477
Cell1991	Others	8854.1457	161.8371
Cell1992	Others	8943.346	3.6851
Cell1993	Others	8970.5731	44.6834
Cell1994	Others	8948.8149	-119.428
Cell1995	Others	8797.6963	77.333
Cell1996	Others	9069.7725	-66.229
Cell1997	Others	8920.3736	-46.3684
Cell1998	Others	9054.1554	-85.2292
Cell1999	Others	8958.3779	-66.0012
Cell2000	Others	8880.4783	-81.8963
Cell2001	Others	8992.9355	-10.5227
Cell2002	Others	9097.4516	-87.6107
Cell2003	Others	8966.4078	-30.1756
Cell2004	Others	8918.441	-156.8836
Cell2005	Others	8818.3533	232.5058
Cell2006	Others	8902.5765	5.4676
Cell2007	Others	8744.2315	441.0536
Cell2008	Others	8990.0618	161.2879
Cell2009	Others	9058.3301	-5.3045
Cell2010	Others	8893.6032	74.1783
Cell2011	Others	8922.8885	204.7126
Cell2012	Others	9262.1422	-179.0412
Cell2013	Others	8814.2167	-18.5565
Cell2014	Others	8865.8126	289.8461
Cell2015	Others	9152.6257	-77.7274
Cell2016	Others	8830.6451	-7.7371
Cell2017	Others	8821.386	136.0787
Cell2018	Others	8681.5934	527.3521
Cell2019	Others	9074.2805	-7.9967
Cell2020	Others	8914.9215	-0.1745
Cell2021	Others	9033.1671	13.8624
Cell2022	Others	8917.5874	-78.3738
Cell2023	Others	8933.8693	117.0251
Cell2024	Others	9197.4759	-76.3774
Cell2025	Others	8944.2435	-15.2416
Cell2026	Others	9102.7395	28.6536
Cell2027	Others	9005.2569	35.7995
Cell2028	Others	8827.854	306.9172
Cell2029	Others	8944.2177	-38.3327
Cell2030	Others	9002.6898	73.5526
Cell2031	Others	9018.0705	-157.4372
Cell2032	Others	9017.0944	41.8099
Cell2033	Others	9057.2075	-60.1681
Cell2034	Others	9118.2534	-72.7634
Cell2035	Others	8897.8663	10.3786
Cell2036	Others	9009.7041	84.3972
Cell2037	Others	8949.5979	-7.9519
Cell2038	Others	9273.6581	-177.7315
Cell2039	Others	8928.4506	34.2136
Cell2040	Others	9162.7785	-57.1004
Cell2041	Others	9243.4383	-188.609
Cell2042	Others	9004.872	-96.7639
Cell2043	Others	9012.1373	28.0135
Cell2044	Others	9009.4662	-62.2868
Cell2045	Others	8902.7707	-80.7838
Cell2046	Others	8953.3266	-8.8194
Cell2047	Others	8904.7949	169.1622
Cell2048	Others	8800.1882	349.3266
Cell2049	Others	8930.0564	-50.1728
Cell2050	Others	8947.8719	71.382
Cell2051	Others	8999.7144	34.0778
Cell2052	Others	8994.1613	-108.2596
Cell2053	Others	8895.7284	205.3366
Cell2054	Others	8946.9224	-28.1015
Cell2055	Others	9208.0548	-131.8943
Cell2056	Others	9240.9334	-161.013
Cell2057	Others	9243.5592	-138.5629
Cell2058	Others	9255.0648	-172.0981
Cell2059	Others	8863.5967	17.2106
Cell2060	Others	8901.0332	107.642
Cell2061	Others	8985.5524	68.9516
Cell2062	Others	8924.1011	-4.9398
Cell2063	Others	8976.7746	-35.8231
Cell2064	Others	8941.043	6.2398
Cell2065	Others	9227.4032	-168.6248
Cell2066	Others	8949.8157	38.3761
Cell2067	Others	8821.1789	-19.5692
Cell2068	Others	8879.9905	205.4446
Cell2069	Others	8945.4576	12.8153
Cell2070	Others	8868.1542	19.6941
Cell2071	Others	9218.3354	-101.8467
Cell2072	Others	8883.1805	-123.3002
Cell2073	Others	9115.1757	-6.0455
Cell2074	Others	8953.6357	165.8361
Cell2075	Others	9278.3473	-189.5921
Cell2076	Others	9263.4916	-160.8727
Cell2077	Others	8778.1649	-63.5911
Cell2078	Others	8788.986	82.3069
Cell2079	Others	8926.6518	112.76
Cell2080	Others	9059.9403	-73.6831
Cell2081	Others	8892.7494	5.1227
Cell2082	Others	8940.1548	75.3353
Cell2083	Others	8970.8596	-31.2071
Cell2084	Others	8868.4942	138.0724
Cell2085	Others	8869.7998	109.4579
Cell2086	Others	8910.0882	75.9544
Cell2087	Others	9174.254	-77.4887
Cell2088	Others	9014.0632	-69.5284
Cell2089	Others	8874.5284	134.8606
Cell2090	Others	8864.0262	33.2656
Cell2091	Others	9278.5128	-185.5591
Cell2092	Others	8836.1068	70.1866
Cell2093	Others	8929.2751	-4.9926
Cell2094	Others	8847.596	176.3235
Cell2095	Others	8821.8712	312.6451
Cell2096	Others	8951.1229	-149.9041
Cell2097	Others	8883.664	265.6463
Cell2098	Others	8705.0472	505.4221
Cell2099	Others	8873.3615	22.5952
Cell2100	Others	8897.0916	11.4566
Cell2101	Others	9143.804	-60.6261
Cell2102	Others	8812.9793	367.3904
Cell2103	Others	8955.7413	4.0638
Cell2104	Others	8972.2508	-23.665
Cell2105	Others	8928.4654	113.7031
Cell2106	Others	9006.3881	37.6976
Cell2107	Others	8860.658	270.9075
Cell2108	Others	9010.8381	68.965
Cell2109	Others	8808.1995	387.8714
Cell2110	Others	8830.3937	-10.4778
Cell2111	Others	8841.9973	222.5211
Cell2112	Others	9013.7805	51.1219
Cell2113	Others	8981.3424	56.9199
Cell2114	Others	8821.0747	263.2587
Cell2115	Others	8890.4097	82.8573
Cell2116	Others	8891.4237	-9.6545
Cell2117	Others	8791.6678	126.852
Cell2118	Others	9101.9969	13.1683
Cell2119	Others	8858.5573	51.5159
Cell2120	Others	8856.9478	222.7244
Cell2121	Others	9061.1871	11.8417
Cell2122	Others	8845.3035	13.1265
Cell2123	Others	8890.9294	97.6881
Cell2124	Others	8871.9988	236.5263
Cell2125	Others	9221.2394	-172.7158
Cell2126	Others	8925.257	-51.3191
Cell2127	Others	8807.3338	233.857
Cell2128	Others	9209.4892	-122.8285
Cell2129	Others	8899.8866	-4.5115
Cell2130	Others	8869.0171	117.2743
Cell2131	Others	8923.7941	-65.6074
Cell2132	Others	8824.4588	-7.8347
Cell2133	Others	8999.1164	-92.4194
Cell2134	Others	9215.7577	-147.2934
Cell2135	Others	9283.0604	-179.4213
Cell2136	Others	8813.3904	374.5821
Cell2137	Others	9003.2988	54.6269
Cell2138	Others	8948.1631	-30.4046
Cell2139	Others	8954.0025	-161.6355
Cell2140	Others	8975.3703	66.0223
Cell2141	Others	9103.3258	-13.2903
Cell2142	Others	9042.6747	0.5484
Cell2143	Others	8907.9746	208.923
Cell2144	Others	8886.8552	40.0135
Cell2145	Others	8867.0527	150.8159
Cell2146	Others	8951.9796	72.4594
Cell2147	Others	8857.3833	51.2546
Cell2148	Others	8850.8804	38.9418
Cell2149	Others	8870.287	9.9544
Cell2150	Others	8912.4614	197.6264
Cell2151	Others	8819.4667	305.9224
Cell2152	Others	9126.1953	-72.3762
Cell2153	Others	9013.2701	-105.1369
Cell2154	Others	8857.2983	-106.3187
Cell2155	Others	9244.8008	-174.9536
Cell2156	Others	8980.4805	48.8182
Cell2157	Others	8842.3879	-78.3562
Cell2158	Others	9179.7863	-188.0186
Cell2159	Others	9009.3768	15.1532
Cell2160	Others	9045.6795	-101.6499
Cell2161	Others	8917.3618	22.3224
Cell2162	Others	9155.9117	-121.4982
Cell2163	Others	8913.5007	82.9558
Cell2164	Others	8876.9131	56.7231
Cell2165	Others	8993.6005	10.8858
Cell2166	Others	8900.5762	-106.798
Cell2167	Others	9258.63	-157.8966
Cell2168	Others	8861.8783	13.4217
Cell2169	Others	8976.2086	-77.1581
Cell2170	Others	8887.711	22.4343
Cell2171	Others	8933.6173	-11.7172
Cell2172	Others	8907.4013	111.5028
Cell2173	Others	8928.2826	5.603
Cell2174	Others	9057.4943	9.1661
Cell2175	Others	8786.9588	351.3621
Cell2176	Others	8822.2949	144.4788
Cell2177	Others	8911.6249	-36.8766
Cell2178	Others	8833.4915	33.8655
Cell2179	Others	8971.7241	17.467
Cell2180	Others	9043.2369	-47.2902
Cell2181	Others	9122.1672	-35.7046
Cell2182	Others	8919.1473	67.7278
Cell2183	Others	8984.3585	160.7423
Cell2184	Others	8935.9416	-142.9537
Cell2185	Others	8903.0849	162.1591
Cell2186	Others	8866.8369	126.524
Cell2187	Others	8939.2408	40.981
Cell2188	Others	8863.1909	-53.6765
Cell2189	Others	8952.0588	-64.2803
Cell2190	Others	8910.3479	-27.3634
Cell2191	Others	8920.812	-50.854
Cell2192	Others	8980.6493	59.9958
Cell2193	Others	8978.3667	140.2194
Cell2194	Others	8844.3144	23.3486
Cell2195	Others	8918.4835	245.6582
Cell2196	Others	8968.5055	-7.4651
Cell2197	Others	8866.2033	-88.9823
Cell2198	Others	8927.6717	124.5382
Cell2199	Others	9169.4605	-79.41
Cell2200	Others	8980.73	14.7815
Cell2201	Others	8966.5029	140.5509
Cell2202	Others	8943.4609	-22.0106
Cell2203	Others	8850.5543	-48.1844
Cell2204	Others	8832.239	126.6028
Cell2205	Others	9069.6631	-37.9366
Cell2206	Others	9133.2085	-107.6008
Cell2207	Others	8982.1232	46.7997
Cell2208	Others	8843.2926	93.3453
Cell2209	Others	8955.0501	92.9032
Cell2210	Others	8929.6361	-42.8172
Cell2211	Tumor	9088.9619	-39.826
Cell2212	Tumor	9012.3413	-59.9856
Cell2213	Tumor	8922.701	61.2522
Cell2214	Tumor	9037.2434	-93.1087
Cell2215	Tumor	8869.4907	44.2296
Cell2216	Tumor	9056.5312	77.9515
Cell2217	Tumor	9004.2289	-123.3705
Cell2218	Tumor	8940.6007	114.5817
Cell2219	Tumor	8993.0728	115.6029
Cell2220	Tumor	8936.6956	-148.5352
Cell2221	Tumor	8937.0854	153.6215
Cell2222	Tumor	9014.8343	2.6264
Cell2223	Tumor	8977.7586	94.8307
Cell2224	Tumor	8952.0699	-126.9939
Cell2225	Tumor	8871.2443	-89.9574
Cell2226	Tumor	8946.522	198.022
Cell2227	Tumor	8846.0136	-125.4047
Cell2228	Tumor	8845.6904	-42.397
Cell2229	Tumor	8885.2467	75.2038
Cell2230	Tumor	8952.0067	-96.5921
Cell2231	Tumor	8951.1413	37.4003
Cell2232	Tumor	8895.9631	-7.545
Cell2233	Tumor	8957.8081	183.21190000000001
Cell2234	Tumor	8961.5241	-179.1508
Cell2235	Tumor	8915.6969	207.0945
Cell2236	Tumor	8921.4683	208.3599
Cell2237	Tumor	9157.9916	-120.2268
Cell2238	Tumor	8931.3921	-13.2369
Cell2239	Tumor	8927.8394	102.7355
Cell2240	Tumor	8888.3346	-37.7939
Cell2241	Tumor	8947.452	-135.5142
Cell2242	Tumor	8845.8793	-136.8216
Cell2243	Tumor	8882.988	114.2423
Cell2244	Tumor	8900.818	-24.0113
Cell2245	Tumor	9026.5853	69.2395
Cell2246	Tumor	8902.7528	-1.981
Cell2247	Tumor	8971.509	62.7265
Cell2248	Tumor	8857.5759	-53.9733
Cell2249	Tumor	8898.8115	229.4683
Cell2250	Tumor	9021.1687	35.4312
Cell2251	Tumor	8893.4522	-155.6473
Cell2252	Tumor	8848.9941	-66.5444
Cell2253	Tumor	8861.8498	114.8037
Cell2254	Tumor	8979.0469	111.3629
Cell2255	Tumor	8921.1297	-113.3415
Cell2256	Tumor	8963.5376	177.0178
Cell2257	Tumor	8821.9114	233.4326
Cell2258	Tumor	8828.89	106.766
Cell2259	Tumor	8903.3404	196.649
Cell2260	Tumor	8865.5618	90.2448
Cell2261	Tumor	9000.2295	-143.1137
Cell2262	Tumor	8933.114	-26.4994
Cell2263	Tumor	8913.9616	160.1891
Cell2264	Tumor	8934.9209	-22.6319
Cell2265	Tumor	8902.4208	59.3631
Cell2266	Tumor	8952.9513	2.2347
Cell2267	Tumor	8930.3391	211.7099
Cell2268	Tumor	9011.0106	28.4588
Cell2269	Tumor	8963.4545	97.1038
Cell2270	Tumor	8881.6766	248.7232
Cell2271	Tumor	8880.7768	116.2182
Cell2272	Tumor	8872.1212	-60.5286
Cell2273	Tumor	8849.36	-36.4148
Cell2274	Tumor	8870.111	236.5796
Cell2275	Tumor	8908.4329	-85.6148
Cell2276	Tumor	9241.7956	-146.0395
Cell2277	Tumor	8835.0848	71.6622
Cell2278	Tumor	8827.7214	149.4746
Cell2279	Tumor	8854.2757	28.5003
Cell2280	Tumor	8880.7665	71.507
Cell2281	Tumor	8870.595	48.3086
Cell2282	Tumor	9193.5979	-151.9684
Cell2283	Tumor	9155.9381	-56.3142
Cell2284	Tumor	8950.4201	126.7985
Cell2285	Tumor	8997.3492	103.203
Cell2286	Tumor	8790.3184	15.2
Cell2287	Tumor	8878.0984	-101.2833
Cell2288	Tumor	8905.9245	18.4715
Cell2289	Tumor	8838.825	-22.2508
Cell2290	Tumor	9216.8227	-115.8754
Cell2291	Tumor	8863.7236	15.6786
Cell2292	Tumor	8991.021	-34.719
Cell2293	Tumor	8873.3489	-51.8235
Cell2294	Tumor	8996.8365	111.6799
Cell2295	Tumor	9036.0607	54.4326
Cell2296	Tumor	8888.5872	56.9637
Cell2297	Tumor	8958.9982	139.64
Cell2298	Tumor	8889.1654	8.6909
Cell2299	Tumor	8842.7744	101.497
Cell2300	Tumor	9011.6607	-129.417
Cell2301	Tumor	8838.23	3.9174
Cell2302	Tumor	8946.0375	221.8789
Cell2303	Tumor	8881.3761	279.3962
Cell2304	Tumor	8924.7581	128.5979
Cell2305	Tumor	8960.7482	7.7265
Cell2306	Tumor	9031.6319	102.6625
Cell2307	Tumor	8837.26	9.4035
Cell2308	Tumor	8902.7548	92.582
Cell2309	Tumor	8983.2359	-113.7584
Cell2310	Tumor	8948.7233	124.1313
Cell2311	Tumor	8828.4493	-41.6814
Cell2312	Tumor	8883.4769	-158.5599
Cell2313	Tumor	8924.8187	109.4254
Cell2314	Tumor	8926.3095	51.0179
Cell2315	Tumor	8812.5065	353.8533
Cell2316	Tumor	8849.3903	122.1559
Cell2317	Tumor	8864.2463	162.3024
Cell2318	Tumor	9022.7918	-5.4066
Cell2319	Tumor	8901.1555	-2.709
Cell2320	Tumor	8861.0553	13.0102
Cell2321	Tumor	9111.9246	-161.7707
Cell2322	Tumor	8799.3446	378.5244
Cell2323	Tumor	8841.9449	52.7104
Cell2324	Tumor	8873.4608	77.6805
Cell2325	Tumor	8884.3122	181.6791
Cell2326	Tumor	9105.0008	31.3411
Cell2327	Tumor	8738.5522	399.21
Cell2328	Tumor	8894.2819	186.8864
Cell2329	Tumor	9007.1973	-54.6942
Cell2330	Tumor	8943.2678	134.1027
Cell2331	Tumor	8910.0043	26.7563
Cell2332	Tumor	8838.0189	-18.6774
Cell2333	Tumor	8873.9381	-84.9508
Cell2334	Tumor	9084.8282	53.1989
Cell2335	Tumor	8863.6045	-65.4462
Cell2336	Tumor	8941.4337	179.9181
Cell2337	Tumor	8871.0567	237.4124
Cell2338	Tumor	8969.0027	50.408
Cell2339	Tumor	8815.4144	118.6491
Cell2340	Tumor	8937.269	0.4852
Cell2341	Tumor	8900.7078	221.8896
Cell2342	Tumor	8900.0753	-34.915
Cell2343	Tumor	8827.5788	238.0295
Cell2344	Tumor	8941.7045	-131.4052
Cell2345	Tumor	8795.1519	382.0154
Cell2346	Tumor	9027.9843	34.0849
Cell2347	Tumor	8989.3293	-38.2935
Cell2348	Tumor	9067.5669	-49.8474
Cell2349	Tumor	8981.949	10.1831
Cell2350	Tumor	8952.8791	0.6107
Cell2351	Tumor	8833.3714	168.2032
Cell2352	Tumor	8850.2771	128.907
Cell2353	Tumor	8719.1377	475.1953
Cell2354	Tumor	8888.4241	-168.9934
Cell2355	Tumor	8880.4078	128.6629
Cell2356	Tumor	8971.6945	25.034300000000002
Cell2357	Tumor	8931.1591	1.9779
Cell2358	Tumor	8990.9946	-57.4598
Cell2359	Tumor	8986.8291	-11.9558
Cell2360	Tumor	8902.76	12.0783
Cell2361	Tumor	8913.3619	66.0568
Cell2362	Tumor	8943.8792	-41.9919
Cell2363	Tumor	8951.3049	-92.1377
Cell2364	Tumor	8982.7429	-67.3149
Cell2365	Tumor	8962.5152	91.1855
Cell2366	Tumor	8872.029	244.5702
Cell2367	Tumor	8984.6378	9.638
Cell2368	Tumor	8886.3081	202.3085
Cell2369	Tumor	8978.565	161.9504
Cell2370	Tumor	8839.2061	280.3785
Cell2371	Tumor	8933.6864	12.844
Cell2372	Tumor	8944.2171	15.7283
Cell2373	Tumor	8892.2766	188.8379
Cell2374	Tumor	8889.6533	206.4124
Cell2375	Tumor	8961.9131	-77.3087
Cell2376	Tumor	8959.4062	-44.542
Cell2377	Tumor	8892.7072	-49.7533
Cell2378	Tumor	8904.6275	107.1338
Cell2379	Tumor	8925.344	59.417
Cell2380	Tumor	8928.0425	7.3283
Cell2381	Tumor	8898.2868	26.4396
Cell2382	Tumor	9028.38	-82.6605
Cell2383	Tumor	8981.55	149.0696
Cell2384	Tumor	9064.055	-15.6366
Cell2385	Tumor	8917.4562	88.9518
Cell2386	Tumor	8873.3209	238.0978
Cell2387	Tumor	8926.2922	88.6868
Cell2388	Tumor	8878.41	147.2353
Cell2389	Tumor	9038.0212	3.5275
Cell2390	Tumor	9029.2151	-36.3126
Cell2391	Tumor	8982.8791	-109.3446
Cell2392	Tumor	8872.7964	96.2476
Cell2393	Tumor	8910.4082	38.7726
Cell2394	Tumor	9036.8298	-38.943
Cell2395	Tumor	8955.1116	-116.3495
Cell2396	Tumor	8941.6111	5.68
Cell2397	Tumor	9153.6127	-139.0242
Cell2398	Tumor	9075.553	-117.4954
Cell2399	Tumor	8874.4054	93.1089
Cell2400	Tumor	8878.7138	282.9132
Cell2401	Tumor	8844.6789	185.4788
Cell2402	Tumor	8842.4566	286.5441
Cell2403	Tumor	8855.2027	-97.7895
Cell2404	Tumor	9066.7723	-104.6902
Cell2405	Tumor	9000.9095	98.1938
Cell2406	Tumor	9081.5025	-77.9479
Cell2407	Tumor	8922.3614	-43.1822
Cell2408	Tumor	9029.0128	43.8606
Cell2409	Tumor	8996.1036	52.0762
Cell2410	Tumor	8968.6045	41.8354
Cell2411	Tumor	8912.6049	-164.4693
Cell2412	Tumor	8968.82	-41.53
Cell2413	Tumor	8868.7774	300.9115
Cell2414	Tumor	8954.419	-152.1258
Cell2415	Tumor	9096.8197	-110.6804
Cell2416	Tumor	8878.4457	-11.6887
Cell2417	Tumor	8897.5432	-127.0625
Cell2418	Tumor	8923.2433	201.2956
Cell2419	Tumor	9004.3741000000009	38.0201
Cell2420	Tumor	8907.6351	-39.4216
Cell2421	Tumor	8828.122	128.2252
Cell2422	Tumor	8879.1279	167.9199
Cell2423	Tumor	8943.6857	38.2412
Cell2424	Tumor	8790.3356	-101
Cell2425	Tumor	8859.444	287.8422
Cell2426	Tumor	8976.379	113.3119
Cell2427	Tumor	8883.905	-78.1691
Cell2428	Tumor	8873.6031	23.9276
Cell2429	Tumor	8942.2271	-63.6827
Cell2430	Tumor	8904.1817	-47.4326
Cell2431	Tumor	9007.3433	8.6271
Cell2432	Tumor	8896.5513	-38.5223
Cell2433	Tumor	8886.1682	62.8293
Cell2434	Tumor	8973.9016	72.6503
Cell2435	Tumor	8893.7192	139.4606
Cell2436	Tumor	8884.5748	57.6564
Cell2437	Tumor	8913.8889	134.2224
Cell2438	Tumor	9007.522	21.6292
Cell2439	Tumor	8979.2699	85.3241
Cell2440	Tumor	8884.8505	274.9354
Cell2441	Tumor	8977.3387	184.3261
Cell2442	Tumor	8809.6764	102.098
Cell2443	Tumor	8946.0704	-118.2249
Cell2444	Tumor	8883.2708	142.0197
Cell2445	Tumor	9205.6425	-91.1219
Cell2446	Tumor	8913.1657	-56.437
Cell2447	Tumor	8932.1177	80.0497
Cell2448	Tumor	8857.743	104.7986
Cell2449	Tumor	9036.375	16.254
Cell2450	Tumor	8921.2517	45.9512
Cell2451	Tumor	8903.9152	59.1548
Cell2452	Tumor	9017.6137	66.4132
Cell2453	Tumor	8940.8472	117.4755
Cell2454	Tumor	8868.8429	157.7057
Cell2455	Tumor	8888.4042	256.1499
Cell2456	Tumor	8888.288	-14.3356
Cell2457	Tumor	8887.1598	-6.6384
Cell2458	Tumor	9096.4264	38.7928
Cell2459	Tumor	8850.8681	182.2367
Cell2460	Tumor	8951.5694	-31.5618
Cell2461	Tumor	9001.8006	-23.179
Cell2462	Tumor	8919.9807	-89.7894
Cell2463	Tumor	8870.0583	-38.2554
Cell2464	Tumor	8947.9802	142.5274
Cell2465	Tumor	9046.0957	73.2713
Cell2466	Tumor	8844.3657	150.7683
Cell2467	Tumor	8998.1389	5.7796
Cell2468	Tumor	8993.118	-44.3107
Cell2469	Tumor	8876.7676	70.3117
Cell2470	Tumor	9110.3312	-37.1374
Cell2471	Tumor	9037.3799	-39.0501
Cell2472	Tumor	8869.8921	-152.8659
Cell2473	Tumor	8836.777	239.7073
Cell2474	Tumor	8847.8156	281.2828
Cell2475	Tumor	8881.6532	264.6529
Cell2476	Tumor	8944.0951	7.9938
Cell2477	Tumor	8861.4004	291.4643
Cell2478	Tumor	8925.2169	9.19
Cell2479	Tumor	8851.0196	212.4534
Cell2480	Tumor	9083.771	13.6543
Cell2481	Tumor	8982.8288	155.1327
Cell2482	Tumor	9006.8927	87.9682
Cell2483	Tumor	8993.2414	101.6349
Cell2484	Tumor	8802.6237	169.0415
Cell2485	Tumor	8960.0992	-73.9337
Cell2486	Tumor	8964.0223	69.5869
Cell2487	Tumor	8951.5707	111.3958
Cell2488	Tumor	8867.8109	233.3946
Cell2489	Tumor	8971.5078	32.4923
Cell2490	Tumor	8861.1006	45.2616
Cell2491	Tumor	8689.8631	507.024
Cell2492	Tumor	8859.3482	143.3903
Cell2493	Tumor	8899.9979	211.3511
Cell2494	Tumor	8889.7275	36.2167
Cell2495	Tumor	8906.161	156.0171
Cell2496	Tumor	8933.6485	179.9278
Cell2497	Tumor	9134.8705	-29.825
Cell2498	Tumor	8834.5936	111.3797
Cell2499	Tumor	8862.3287	189.0845
Cell2500	Tumor	8850.1361	28.5533
Cell2501	Tumor	8886.7104	48.4848
Cell2502	Tumor	8967.6444	-3.5453
Cell2503	Tumor	8934.6661	-54.9808
Cell2504	Tumor	8870.5424	223.3487
Cell2505	Tumor	9017.8936	48.0003
Cell2506	Tumor	8893.4958	194.4215
Cell2507	Tumor	8955.5283	175.5917
Cell2508	Tumor	8892.0249	114.301
Cell2509	Tumor	8908.6509	82.5082
Cell2510	Tumor	8983.7764	148.6231
Cell2511	Tumor	8849.29	48.3449
Cell2512	Tumor	9009.6322	62.686
Cell2513	Tumor	9212.0256	-105.5438
Cell2514	Tumor	8897.2332	40.9328
Cell2515	Tumor	8875.0955	122.8149
Cell2516	Tumor	8887.6953	33.405
Cell2517	Tumor	8907.2907	136.2821
Cell2518	Tumor	8937.9134	181.0686
Cell2519	Tumor	9046.2583	0.4187
Cell2520	Tumor	8809.6177	358.6033
Cell2521	Tumor	8854.6887	92.8104
Cell2522	Tumor	8932.9434	-172.396
Cell2523	Tumor	8935.3258	-61.0798
Cell2524	Tumor	9213.0754	-99.6397
Cell2525	Tumor	8925.0585	205.8873
Cell2526	Tumor	9098.9281	-21.9735
Cell2527	Tumor	8858.7278	-112.6004
Cell2528	Tumor	8888.1202	-56.9503
Cell2529	Tumor	8897.7528	233.9365
Cell2530	Tumor	8897.9425	206.319
Cell2531	Tumor	8868.4262	235.2178
Cell2532	Tumor	8996.3152	-32.5877
Cell2533	Tumor	8847.2163	7.1106
Cell2534	Tumor	9254.7376	-168.5447
Cell2535	Tumor	8934.4732	123.9133
Cell2536	Tumor	9196.6742	-139.7509
Cell2537	Tumor	8978.5721	37.1919
Cell2538	Tumor	9254.1111	-184.4681
Cell2539	Tumor	8926.3405	63.472
Cell2540	Tumor	8945.8531	13.2428
Cell2541	Tumor	8936.476	0.7942
Cell2542	Tumor	8942.2404	-50.5309
Cell2543	Tumor	8893.0122	250.5928
Cell2544	Tumor	9078.9802	-85.7595
Cell2545	Tumor	8825.3968	100.3779
Cell2546	Tumor	9041.5162	29.6285
Cell2547	Tumor	8952.9558	-44.8351
Cell2548	Tumor	8878.9396	118.4645
Cell2549	Tumor	8908.7766	-178.2993
Cell2550	Tumor	8884.5778	-31.6349
Cell2551	Tumor	9066.7652	-92.6849
Cell2552	Tumor	9277.7364	-180.1687
Cell2553	Tumor	9137.4103	-46.7802
Cell2554	Tumor	9097.5439	32.8514
Cell2555	Tumor	9028.7408	13.7092
Cell2556	Tumor	9000.4093	121.3616
Cell2557	Tumor	8983.045	132.5347
Cell2558	Tumor	8887.3295	18.5466
Cell2559	Tumor	8790.8027	0.1447
Cell2560	Tumor	8882.869	184.1322
Cell2561	Tumor	9006.2063	47.3496
Cell2562	Tumor	8947.5047	-143.4051
Cell2563	Tumor	9165.3869	-97.127
Cell2564	Tumor	8958.7019	179.1301
Cell2565	Tumor	9105.1557	-19.9142
Cell2566	Tumor	8800.8765	348.2393
Cell2567	Tumor	8883.214	-96.8534
Cell2568	Tumor	9144.724	-70.2263
Cell2569	Tumor	9090.1651	-129.4748
Cell2570	Tumor	9148.6921	-82.1299
Cell2571	Tumor	8740.3672	422.1398
Cell2572	Tumor	8956.8527	-28.884
Cell2573	Tumor	8895.782	-164.9382
Cell2574	Tumor	9160.2578	-45.2372
Cell2575	Tumor	8932.463	146.6948
Cell2576	Tumor	8905.9762	66.6417
Cell2577	Tumor	8982.9226	-164.2008
Cell2578	Tumor	8821.7296	-119.146
Cell2579	Tumor	8962.3244	-84.1614
Cell2580	Tumor	8970.4219	-149.1669
Cell2581	Tumor	8860.8484	149.1506
Cell2582	Tumor	8983.3466	-3.6913
Cell2583	Tumor	9265.4633	-184.8463
Cell2584	Tumor	8898.8119	192.5022
Cell2585	Tumor	9066.9041	-50.3792
Cell2586	Tumor	8904.8448	39.0765
Cell2587	Tumor	8909.9597	139.7778
Cell2588	Tumor	8976.9946	30.404
Cell2589	Tumor	9003.6219	-136.3552
Cell2590	Tumor	8934.1557	28.7311
Cell2591	Tumor	9194.4142	-80.9901
Cell2592	Tumor	8872.2193	215.5715
Cell2593	Tumor	8891.1255	217.107
Cell2594	Tumor	8983.8101	60.699
Cell2595	Tumor	8851.9568	39.1368
Cell2596	Tumor	8898.5791	162.1405
Cell2597	Tumor	9180.042	-71.7452
Cell2598	Tumor	8880.2708	115.7658
Cell2599	Tumor	8814.53	-46.4111
Cell2600	Tumor	9021.5504	15.4986
Cell2601	Tumor	8910.0748	125.6172
Cell2602	Tumor	8987.1191	75.164
Cell2603	Tumor	8980.3543	35.1632
Cell2604	Tumor	8835.0664	257.7279
Cell2605	Tumor	8887.79	15.3972
Cell2606	Tumor	9023.3202	-63.7499
Cell2607	Tumor	8797.8874	5.7756
Cell2608	Tumor	8933.283	87.6986
Cell2609	Tumor	9228.3556	-155.8381
Cell2610	Tumor	8945.7919	97.0857
Cell2611	Tumor	8987.0829	-29.0463
Cell2612	Tumor	9085.0511	-21.8281
Cell2613	Tumor	8881.8793	261.3646
Cell2614	Tumor	8926.8014	223.9353
Cell2615	Tumor	9031.743	-39.8842
Cell2616	Tumor	8896.2008	57.2095
Cell2617	Tumor	8954.3674	-26.017
Cell2618	Tumor	8962.8056	65.1229
Cell2619	Tumor	9022.467	1.1111
Cell2620	Tumor	8940.5586	109.2095
Cell2621	Tumor	9132.3074	-140.9956
Cell2622	Tumor	8885.4008	183.3822
Cell2623	Tumor	8834.4458	313.5048
Cell2624	Tumor	8953.9671	-31.4119
Cell2625	Tumor	8933.3131	-139.3956
Cell2626	Tumor	8805.3305	96.1285
Cell2627	Tumor	8846.5294	-41.0114
Cell2628	Tumor	8858.4459	234.6139
Cell2629	Tumor	9015.4171	-58.1268
Cell2630	Tumor	8903.213	81.0477
Cell2631	Tumor	8946.3444	82.663
Cell2632	Tumor	9031.5947	64.8128
Cell2633	Tumor	8919.0551	205.8648
Cell2634	Tumor	9010.1394	-42.9651
Cell2635	Tumor	8883.2649	177.8025
Cell2636	Tumor	8904.7716	67.8328
Cell2637	Tumor	8913.9918	137.7653
Cell2638	Tumor	9019.8608	71.0577
Cell2639	Tumor	8981.612	-102.43
Cell2640	Tumor	8987.6159	56.711
Cell2641	Tumor	8897.5228	157.0566
Cell2642	Tumor	8905.9715	-70.1719
Cell2643	Tumor	9050.9976	75.3196
Cell2644	Tumor	8942.1928	17.9934
Cell2645	Tumor	8899.3586	80.1804
Cell2646	Tumor	8878.778	142.6841
Cell2647	Tumor	8999.3386	-10.2127
Cell2648	Tumor	8821.5179	68.6362
Cell2649	Tumor	9102.6384	-92.0627
Cell2650	Tumor	9037.7077	108.8927
Cell2651	Tumor	8846.0167	73.5933
Cell2652	Tumor	8847.9282	-127.3116
Cell2653	Tumor	8863.8591	128.8876
Cell2654	Tumor	8861.9845	56.5471
Cell2655	Tumor	8927.2355	178.4525
Cell2656	Tumor	8935.7981	129.0856
Cell2657	Tumor	8984.6875	-9.6442
Cell2658	Tumor	8790.1841	-83.3886
Cell2659	Tumor	8865.9717	120.9262
Cell2660	Tumor	8726.2034	478.1531
Cell2661	Tumor	8821.6771	75.211
Cell2662	Tumor	8926.9083	233.1382
Cell2663	Tumor	8862.8459	224.3925
Cell2664	Tumor	8833.0421	-26.489
Cell2665	Tumor	8841.0651	149.4902
Cell2666	Tumor	8975.4616	60.4676
Cell2667	Tumor	8870.3774	183.0667
Cell2668	Tumor	8820.3571	158.7036
Cell2669	Tumor	8754.4238	400.9138
Cell2670	Tumor	8988.498	35.4746
Cell2671	Tumor	9027.9439	-47.6572
Cell2672	Tumor	8913.9696	-37.9839
Cell2673	Tumor	8866.1073	155.6003
Cell2674	Tumor	8880.5318	194.0981
Cell2675	Tumor	8932.1883	179.3364
Cell2676	Tumor	8886.4625	121.0984
Cell2677	Tumor	8814.1228	349.2521
Cell2678	Tumor	8917.6154	92.6334
Cell2679	Tumor	9136.7101	-126.2696
Cell2680	Tumor	8870.097	-38.0383
Cell2681	Tumor	8834.5863	44.5729
Cell2682	Tumor	8950.5425	-144.1347
Cell2683	Tumor	8997.1399	86.5626
Cell2684	Tumor	8867.4437	280.8555
Cell2685	Tumor	8953.1895	9.9213
Cell2686	Tumor	8991.79	-121.0702
Cell2687	Tumor	8826.2453	264.2583
Cell2688	Tumor	9253.4615	-163.5819
Cell2689	Tumor	9062.0193	31.7007
Cell2690	Tumor	8956.7371	-59.6128
Cell2691	Tumor	8945.9608	-86.8805
Cell2692	Tumor	8898.0321	-152.2221
Cell2693	Tumor	8942.1346	44.3538
Cell2694	Tumor	8840.2188	111.4326
Cell2695	Tumor	8895.3855	55.5954
Cell2696	Tumor	8878.8532	140.6854
Cell2697	Tumor	8854.9781	-80.2283
Cell2698	Tumor	8763.0218	394.0523
Cell2699	Tumor	8948.5616000000009	212.9115
Cell2700	Tumor	8871.3261	139.6246
Cell2701	Tumor	8973.1531	-35.2739
Cell2702	Tumor	9064.3048	-9.2311
Cell2703	Tumor	9063.6069	-35.5979
Cell2704	Tumor	8902.4121	-151.8038
Cell2705	Tumor	8661.6498	549.5713
Cell2706	Tumor	8946.3798	105.5152
Cell2707	Tumor	9200.6622	-83.2607
Cell2708	Tumor	8865.6175	250.3602
Cell2709	Tumor	8913.1925	-114.4019
Cell2710	Tumor	8834.797	178.7285
Cell2711	Tumor	8900.9229	-71.3407
Cell2712	Tumor	8974.8553	123.319
Cell2713	Tumor	8936.8316	-2.4645
Cell2714	Tumor	8836.315	285.9327
Cell2715	Tumor	8985.848	53.663
Cell2716	Tumor	9027.4877	45.4084
Cell2717	Tumor	9037.2175	-83.5365
Cell2718	Tumor	8950.165	-52.5176
Cell2719	Tumor	8932.9401	19.2125
Cell2720	Tumor	9060.4635	-48.4311
Cell2721	Tumor	8883.648	-135.9951
Cell2722	Tumor	8992.8791	129.2757
Cell2723	Tumor	8903.154	-163.1511
Cell2724	Tumor	8746.5129	453.4938
Cell2725	Tumor	8848.3657	301.2688
Cell2726	Tumor	8874.0533	-77.4066
Cell2727	Tumor	9012.5657	26.2315
Cell2728	Tumor	8814.5207	198.8134
Cell2729	Tumor	9025.2785	23.669
Cell2730	Tumor	8991.8644	94.877
Cell2731	Tumor	8778.6089	409.9672
Cell2732	Tumor	9113.5517	-53.7951
Cell2733	Tumor	8887.6921	225.2112
Cell2734	Tumor	9198.3218	-95.0871
Cell2735	Tumor	8927.5471	217.2413
Cell2736	Tumor	8910.0984	77.6061
Cell2737	Tumor	8969.6169	-57.186
Cell2738	Tumor	8885.2733	45.382
Cell2739	Tumor	8978.2425	73.2506
Cell2740	Tumor	8858.5483	-3.2519
Cell2741	Tumor	9009.8698	-170.6873
Cell2742	Tumor	8892.4109	195.5248
Cell2743	Tumor	8955.4876	-100.0821
Cell2744	Tumor	9008.0232	20.9634
Cell2745	Tumor	8925.0226	177.8962
Cell2746	Tumor	8947.2131	140.4533
Cell2747	Tumor	9059.1292	-2.6701
Cell2748	Tumor	8888.2282	-26.753
Cell2749	Tumor	8946.8669	8.9614
Cell2750	Tumor	9015.483	-34.7402
Cell2751	Tumor	8851.2812	89.4845
Cell2752	Tumor	8899.1298	12.1738
Cell2753	Tumor	8809.0048	110.2762
Cell2754	Tumor	8828.1176	316.1755
Cell2755	Tumor	9149.7947	-52.402
Cell2756	Tumor	8960.5401	-13.6543
Cell2757	Tumor	8984.8494	38.9936
Cell2758	Tumor	8924.0099	51.918
Cell2759	Tumor	9040.0923	5.3974
Cell2760	Tumor	8935.0943	39.1368
Cell2761	Tumor	9001.0957	-108.776
Cell2762	Tumor	8942.9077	119.3823
Cell2763	Tumor	9172.4698	-109.2216
Cell2764	Tumor	9028.4054	-85.5911
Cell2765	Tumor	8921.4596	-128.7306
Cell2766	Tumor	8833.0695	149.8877
Cell2767	Tumor	9015.3218	69.0679
Cell2768	Tumor	8852.407	-48.6805
Cell2769	Tumor	9031.3953	32.9232
Cell2770	Tumor	8873.604	121.1233
Cell2771	Tumor	8923.359	33.3897
Cell2772	Tumor	8902.7553	149.703
Cell2773	Tumor	8956.9326	31.1375
Cell2774	Tumor	9024.5261	-113.7549
Cell2775	Tumor	8861.7795	0.7145
Cell2776	Tumor	8820.0066	279.2768
Cell2777	Tumor	8865.2649	71.3993
Cell2778	Tumor	8956.7574	-82.8676
Cell2779	Tumor	8979.5391	27.1093
Cell2780	Tumor	8950.5862	125.5417
Cell2781	Tumor	8883.7233	218.8691
Cell2782	Tumor	8897.3387	176.3857
Cell2783	Tumor	8874.8859	-52.2325
Cell2784	Tumor	8958.8634	-86.9056
Cell2785	Tumor	8896.1899	44.9216
Cell2786	Tumor	8874.7455	24.3101
Cell2787	Tumor	8884.9076	255.9495
Cell2788	Tumor	8862.7209	215.7946
Cell2789	Tumor	8932.1541	41.2832
Cell2790	Tumor	8967.6163	151.2586
Cell2791	Tumor	8946.358	37.9157
Cell2792	Tumor	9164.2568	-91.4557
Cell2793	Tumor	8833.3994	317.2679
Cell2794	Tumor	8877.0015	25.8998
Cell2795	Tumor	8882.3108	64.3542
Cell2796	Tumor	8932.6321	237.5794
Cell2797	Tumor	8897.5676	-99.2028
Cell2798	Tumor	9120.6242	-69.669
Cell2799	Tumor	9113.8514	2.3797
Cell2800	Tumor	8924.8108	179.2613
Cell2801	Tumor	9077.986	32.3529
Cell2802	Tumor	8878.3477	28.3775
Cell2803	Tumor	8970.3241	-159.5718
Cell2804	Tumor	8837.1521	-77.7926
Cell2805	Tumor	8836.2756	66.423
Cell2806	Tumor	8900.9839	150.5685
Cell2807	Tumor	8790.8981	388.8204
Cell2808	Tumor	9091.1247	-55.8071
Cell2809	Tumor	9041.4547	-55.8155
Cell2810	Tumor	8895.8484	-120.6628
Cell2811	Tumor	9032.017	101.466
Cell2812	Tumor	8887.0055	134.3238
Cell2813	Tumor	8867.3476	188.4385
Cell2814	Tumor	8906.8525	254.0346
Cell2815	Tumor	8919.6295	145.2263
Cell2816	Tumor	8784.4799	376.5968
Cell2817	Tumor	8915.599	169.4351
Cell2818	Tumor	8989.2437	-8.301
Cell2819	Tumor	8915.5461	-99.2132
Cell2820	Tumor	8803.6294	388.3862
Cell2821	Tumor	8880.95	-16.9176
Cell2822	Tumor	8828.8071	63.7794
Cell2823	Tumor	8946.394	150.7181
Cell2824	Tumor	8854.5218	60.8786
Cell2825	Tumor	8932.6256	-100.0283
Cell2826	Tumor	9088.835	-88.6519
Cell2827	Tumor	9122.5628	-98.4219
Cell2828	Tumor	8871.8478	85.7397
Cell2829	Tumor	8923.3393	-28.6078
Cell2830	Tumor	9096.9202	-28.1012
Cell2831	Tumor	8951.7386	8.9205
Cell2832	Tumor	9159.3888	-100.2742
Cell2833	Tumor	8865.3052	-26.4489
Cell2834	Tumor	8921.5182	19.9019
Cell2835	Tumor	9135.8477	-79.3023
Cell2836	Tumor	8976.4164	156.562
Cell2837	Tumor	8974.8437	-73.599
Cell2838	Tumor	9017.1706	40.8357
Cell2839	Tumor	8981.3953	-57.7666
Cell2840	Tumor	8953.9591	-119.2392
Cell2841	Tumor	9215.8084	-148.7685
Cell2842	Tumor	8961.1657	144.9247
Cell2843	Tumor	8811.4961	141.6411
Cell2844	Tumor	8947.3182	172.8589
Cell2845	Tumor	9012.7278	30.5202
Cell2846	Tumor	9097.5541	5.6325
Cell2847	Tumor	8959.447	-51.137
Cell2848	Tumor	9019.4164	-9.0181
Cell2849	Tumor	8950.6707	58.0644
Cell2850	Tumor	8862.1151	-2.3704
Cell2851	Tumor	8930.8746	15.8383
Cell2852	Tumor	8920.8304	17.2039
Cell2853	Tumor	8903.8624	56.2979
Cell2854	Tumor	8939.0654	-2.8196
Cell2855	Tumor	9025.0501	83.893
Cell2856	Tumor	8981.5814	60.9201
Cell2857	Tumor	8905.882	-151.8371
Cell2858	Tumor	8924.0589	-54.9929
Cell2859	Tumor	8940.164	220.0039
Cell2860	Tumor	8934.2159	183.47
Cell2861	Tumor	8854.9773	100.1662
Cell2862	Tumor	8857.6215	255.5674
Cell2863	Tumor	8952.6296	120.4746
Cell2864	Tumor	9087.0688	-20.65
Cell2865	Tumor	8939.6456	99.9511
Cell2866	Tumor	8879.2505	263.274
Cell2867	Tumor	8837.2727	-36.1874
Cell2868	Tumor	8792.1552	189.8764
Cell2869	Tumor	8833.5575	81.7853
Cell2870	Tumor	9056.1367	80.3371
Cell2871	Tumor	8825.0146	293.2647
Cell2872	Tumor	9025.8845	86.2515
Cell2873	Tumor	8950.5521	60.3847
Cell2874	Tumor	9000.261	-54.8639
Cell2875	Tumor	8845.1677	137.8566
Cell2876	Tumor	8865.3384	180.1402
Cell2877	Tumor	9106.4596	18.8183
Cell2878	Tumor	9168.7689	-57.7389
Cell2879	Tumor	8963.9272	62.9721
Cell2880	Tumor	8858.0711	-8.62
Cell2881	Tumor	8913.7488	237.6201
Cell2882	Tumor	8921.9128	142.2856
Cell2883	Tumor	9155.6007	-52.577
Cell2884	Tumor	8912.0726	138.1447
Cell2885	Tumor	8935.301	-38.8902
Cell2886	Tumor	8839.9883	-47.9856
Cell2887	Tumor	8917.798	97.0079
Cell2888	Tumor	8798.6038	174.5381
Cell2889	Tumor	8927.7233	121.5282
Cell2890	Tumor	9057.4565	-12.623
Cell2891	Tumor	8879.3673	73.0337
Cell2892	Tumor	8955.9678	184.6523
Cell2893	Tumor	8837.257	176.9934
Cell2894	Tumor	8861.6582	-56.3229
Cell2895	Tumor	8942.8052	-22.816
Cell2896	Tumor	8935.3216	-134.8764
Cell2897	Tumor	8986.279	42.0294
Cell2898	Tumor	8986.9367	56.2125
Cell2899	Tumor	8837.4903	242.7838
Cell2900	Tumor	8934.7371	27.081
Cell2901	Tumor	9005.6597	63.9602
Cell2902	Tumor	8901.6685	255.2103
Cell2903	Tumor	8874.8407	146.5097
Cell2904	Tumor	8902.0284	167.3189
Cell2905	Tumor	9149.2164	-156.3358
Cell2906	Tumor	8883.3134	194.288
Cell2907	Tumor	8891.1491	108.6307
Cell2908	Tumor	8978.6801	7.2034
Cell2909	Tumor	8974.0735	15.3579
Cell2910	Tumor	8889.1098	33.4156
Cell2911	Tumor	8917.6851	132.5462
Cell2912	Tumor	8924.2216	151.2083
Cell2913	Tumor	8880.4372	-2.9544
Cell2914	Tumor	8835.9327	216.8033
Cell2915	Tumor	8865.7128	176.5728
Cell2916	Tumor	9224.5327	-184.2686
Cell2917	Tumor	8857.1613	-50.5698
Cell2918	Tumor	8876.2769	25.885
Cell2919	Tumor	8880.0608	134.4633
Cell2920	Tumor	9048.7523	23.1573
Cell2921	Tumor	8803.1184	114.4754
Cell2922	Tumor	8879.2254	-13.0368
Cell2923	Tumor	8919.1559	110.6757
Cell2924	Tumor	9231.5451	-161.3495
Cell2925	Tumor	8807.6084	13.797
Cell2926	Tumor	8923.7159	-24.6046
Cell2927	Tumor	8983.4762	178.4059
Cell2928	Tumor	9007.7408	-118.2509
Cell2929	Tumor	8848.1208	79.6275
Cell2930	Tumor	8843.0359	207.3265
Cell2931	Tumor	8953.4262	203.104
Cell2932	Tumor	9029.8393	-74.3263
Cell2933	Tumor	8839.3681	169.3504
Cell2934	Tumor	8857.879	59.8003
Cell2935	Tumor	8896.9103	95.5478
Cell2936	Tumor	8891.4774	92.9573
Cell2937	Tumor	9278.4969	-177.3597
Cell2938	Tumor	9127.347	-43.578
Cell2939	Tumor	8990.1909	-46.5555
Cell2940	Tumor	9006.4261	52.0818
Cell2941	Tumor	9014.3958	10.2746
Cell2942	Tumor	9029.6556	-38.6423
Cell2943	Tumor	8887.6211	80.5317
Cell2944	Tumor	8838.561	54.2484
Cell2945	Tumor	8986.3571	-106.8598
Cell2946	Tumor	8932.0082	145.6857
Cell2947	Tumor	8875.797	22.4581
Cell2948	Tumor	8868.3536	19.3158
Cell2949	Tumor	8846.281	21.6718
Cell2950	Tumor	8869.0627	80.6824
Cell2951	Tumor	8791.5341	375.7917
Cell2952	Tumor	8824.9928	127.7253
Cell2953	Tumor	8976.4628	112.7902
Cell2954	Tumor	8919.1761	25.1991
Cell2955	Tumor	8877.9013	105.9633
Cell2956	Tumor	8940.43	129.1741
Cell2957	Tumor	8917.4193	99.0931
Cell2958	Tumor	8897.6292	108.874
Cell2959	Tumor	8886.7294	55.5571
Cell2960	Tumor	9143.0471	-51.8594
Cell2961	Tumor	8957.511	207.2135
Cell2962	Tumor	9026.8675	1.737
Cell2963	Tumor	8919.3464	49.596
Cell2964	Tumor	8923.621	-44.0632
Cell2965	Tumor	8928.696	189.5286
Cell2966	Tumor	9135.9303	-79.4942
Cell2967	Tumor	8837.2272	233.5333
Cell2968	Tumor	8935.0982	40.5947
Cell2969	Tumor	8918.6554	-40.0842
Cell2970	Tumor	8965.9105	179.1866
Cell2971	Tumor	8846.3595	177.2013
Cell2972	Tumor	8916.162	70.608
Cell2973	Tumor	8922.3253	-79.1852
Cell2974	Tumor	8971.1215	64.4887
Cell2975	Tumor	8964.8147	199.6483
Cell2976	Tumor	9011.1288	-122.3086
Cell2977	Tumor	8991.7635	98.2636
Cell2978	Tumor	8855.4294	286.0568
Cell2979	Tumor	8974.525	34.2556
Cell2980	Tumor	8949.9239	-132.9684
Cell2981	Tumor	8959.3874	9.0824
Cell2982	Tumor	9011.5735	-127.6978
Cell2983	Tumor	8761.1687	398.3731
Cell2984	Tumor	8891.3756	21.7114
Cell2985	Tumor	8929.7762	11.919
Cell2986	Tumor	8852.3512	-6.0838
Cell2987	Tumor	8930.4872	57.3831
Cell2988	Tumor	8856.2159	-64.9282
Cell2989	Tumor	8841.1238	-81.8634
Cell2990	Tumor	8912.1719	-106.6964
Cell2991	Tumor	8886.6977	160.7517
Cell2992	Tumor	8989.6861	91.4767
Cell2993	Tumor	9125.1869	-100.1297
Cell2994	Tumor	8888.0181	293.5883
Cell2995	Tumor	8833.9258	144.4328
Cell2996	Tumor	8890.5115	-1.6795
Cell2997	Tumor	8950.9271	-12.8782
Cell2998	Tumor	9028.3308	81.6098
Cell2999	Tumor	8837.6909	256.9983
Cell3000	Tumor	8944.129	15.9094
Cell3001	Tumor	8934.4352	-38.1947
Cell3002	Tumor	8936.2434	133.0825
Cell3003	Tumor	8887.7625	10.7701
Cell3004	Tumor	8963.1327	-84.3725
Cell3005	Tumor	8890.3258	-64.9269
Cell3006	Tumor	9190.4783	-98.0451
Cell3007	Tumor	8981.443	-35.4627
Cell3008	Tumor	8831.5211	275.0049
Cell3009	Tumor	8954.638	-79.1924
Cell3010	Tumor	8880.9476	146.7563
Cell3011	Tumor	9012.907	31.1511
Cell3012	Tumor	8893.3417	-38.328
Cell3013	Tumor	8954.9801	-21.2298
Cell3014	Tumor	8951.7863	38.0849
Cell3015	Tumor	8928.5432	217.5678
Cell3016	Tumor	8849.8626	38.97
Cell3017	Tumor	8999.1679	-93.4699
Cell3018	Tumor	8912.7808	58.743
Cell3019	Tumor	9163.556	-76.6447
Cell3020	Tumor	9027.6668	64.2712
Cell3021	Tumor	8864.9007	-118.8133
Cell3022	Tumor	9082.8379	-15.1376
Cell3023	Tumor	8870.1935	129.9711
Cell3024	Tumor	8871.1373	135.6056
Cell3025	Tumor	9111.5617	-74.5168
Cell3026	Tumor	8905.5246	-73.0185
Cell3027	Tumor	8970.4319	173.1146
Cell3028	Tumor	9048.6939	4.2173
Cell3029	Tumor	8883.2755	26.3962
Cell3030	Tumor	9007.6868	95.2602
Cell3031	Tumor	8848.3777	31.304
Cell3032	Tumor	8897.2841	135.2154
Cell3033	Tumor	8835.9363	-11.0731
Cell3034	Tumor	8955.384	-82.1568
Cell3035	Tumor	9090.4124	-140.7024
Cell3036	Tumor	8878.2781	-86.8275
Cell3037	Tumor	8972.9863	9.9822
Cell3038	Tumor	9001.7796	66.3888
Cell3039	Tumor	9065.6256	16.8269
Cell3040	Tumor	8663.3369	562.3201
Cell3041	Tumor	8817.0084	226.6649
Cell3042	Tumor	8841.7525	213.7754
Cell3043	Tumor	9123.397	-62.7834
Cell3044	Tumor	8856.134	270.1582
Cell3045	Tumor	8911.4733	-74.3365
Cell3046	Tumor	8877.9092	85.8702
Cell3047	Tumor	8835.2996	147.4662
Cell3048	Tumor	8914.3289	71.126
Cell3049	Tumor	8826.6313	24.134
Cell3050	Tumor	8956.7673	80.0426
Cell3051	Tumor	9090.7402	-23.2726
Cell3052	Tumor	8985.6694	-101.3029
Cell3053	Tumor	8899.7286	150.674
Cell3054	Tumor	9044.7211	45.6753
Cell3055	Tumor	8904.8786	90.0473
Cell3056	Tumor	8827.5669	288.6194
Cell3057	Tumor	9094.7632	3.5641
Cell3058	Tumor	8915.5884	79.5932
Cell3059	Tumor	9043.9296	-15.7498
Cell3060	Tumor	9143.6364	-35.2958
Cell3061	Tumor	8901.5195	192.2386
Cell3062	Tumor	8891.1984	89.0495
Cell3063	Tumor	8891.6049	-52.6329
Cell3064	Tumor	8934.3811	34.4977
Cell3065	Tumor	9263.5054	-167.4582
Cell3066	Tumor	8928.5292	102.6394
Cell3067	Tumor	9107.9792	-13.0547
Cell3068	Tumor	8853.7086	282.7235
Cell3069	Tumor	9010.0975	5.9696
Cell3070	Tumor	8932.8677	131.2746
Cell3071	Tumor	8881.3617	104.5467
Cell3072	Tumor	8924.0338	-22.246
Cell3073	Tumor	8957.4521	126.9753
Cell3074	Tumor	8946.7623	55.311
Cell3075	Tumor	8984.0335	89.8197
Cell3076	Tumor	8923.7635	-23.1127
Cell3077	Tumor	8898.3222	238.2517
Cell3078	Tumor	8901.9526	102.3888
Cell3079	Tumor	8933.4642	197.0752
Cell3080	Tumor	8926.177	173.5138
Cell3081	Tumor	8828.9603	337.9748
Cell3082	Tumor	8846.1117	219.5451
Cell3083	Tumor	8762.9708	415.0177
Cell3084	Tumor	8903.6832	101.337
Cell3085	Tumor	8817.4815	339.1017
Cell3086	Tumor	9158.0333	-76.7102
Cell3087	Tumor	8859.1653	-37.7922
Cell3088	Tumor	8901.1358	227.0434
Cell3089	Tumor	8838.5268	-14.2497
Cell3090	Tumor	8943.8865	18.4573
Cell3091	Tumor	8899.6621	230.6355
Cell3092	Tumor	8932.2211	204.7857
Cell3093	Tumor	9126.7976	-71.7167
Cell3094	Tumor	8899.4597	-27.1134
Cell3095	Tumor	8944.4939	-18.4251
Cell3096	Tumor	8874.405	53.7359
Cell3097	Tumor	9008.9031	121.9227
Cell3098	Tumor	8932.3671	48.463
Cell3099	Tumor	8971.1018	157.6233
Cell3100	Tumor	8849.8411	-89.7569
Cell3101	Tumor	8832.0209	348.794
Cell3102	Tumor	8896.8422	263.3289
Cell3103	Tumor	8882.3166	66.1282
Cell3104	Tumor	8928.9245	63.2286
Cell3105	Tumor	8879.9424	283.386
Cell3106	Tumor	8938.1729	118.9128
Cell3107	Tumor	8908.5586	-65.3325
Cell3108	Tumor	8821.1109	373.2118
Cell3109	Tumor	9133.6611	-19.1496
Cell3110	Tumor	8888.6058	186.174
Cell3111	Tumor	8915.0768	115.0814
Cell3112	Tumor	9043.2427	64.2085
Cell3113	Tumor	8958.5567	40.9758
Cell3114	Tumor	8884.3527	-113.778
Cell3115	Tumor	8941.1009	166.6534
Cell3116	Tumor	8856.0069	29.9142
Cell3117	Tumor	9148.8955	-23.2684
Cell3118	Tumor	8913.4868	133.9947
Cell3119	Tumor	8921.8468	-66.8027
Cell3120	Tumor	8922.1758	90.1467
Cell3121	Tumor	9000.8466	-34.92
Cell3122	Tumor	9047.6261	-68.6385
Cell3123	Tumor	8801.2023	-69.9233
Cell3124	Tumor	8860.1612	-87.6721
Cell3125	Tumor	8900.5861	40.4542
Cell3126	Tumor	8885.0634	-26.0284
Cell3127	Tumor	8922.9383	213.4869
Cell3128	Tumor	8977.4664	50.4965
Cell3129	Tumor	9017.4062	-122.1044
Cell3130	Tumor	9004.2268	48.1829
Cell3131	Tumor	8953.0246	38.7348
Cell3132	Tumor	8988.7226	-47.2337
Cell3133	Tumor	8857.8279	219.7464
Cell3134	Tumor	8897.878	119.5493
Cell3135	Tumor	9046.6212	-160.0826
Cell3136	Tumor	8881.5759	229.0853
Cell3137	Tumor	8840.9141	46.7937
Cell3138	Tumor	8902.9234	56.3942
Cell3139	Tumor	9017.9213	-61.4969
Cell3140	Tumor	8848.4046	251.4531
Cell3141	Tumor	8954.0085	93.1936
Cell3142	Tumor	8983.8553	-48.4932
Cell3143	Tumor	8995.8223	-77.4494
Cell3144	Tumor	9119.8354	-31.1045
Cell3145	Tumor	8879.9048	174.6534
Cell3146	Tumor	8931.3621	213.1638
Cell3147	Tumor	8907.944	-101.9105
Cell3148	Tumor	8948.4081	-11.4854
Cell3149	Tumor	8892.07	-59.6534
Cell3150	Tumor	8855.9039	116.1245
Cell3151	Tumor	8850.0608	65.7641
Cell3152	Tumor	8885.0996	7.5319
Cell3153	Tumor	8900.4671	1.222
Cell3154	Tumor	9063.0961	53.8719
Cell3155	Tumor	9042.9988	-52.0678
Cell3156	Tumor	8979.2803	117.1935
Cell3157	Tumor	8877.4863	30.9823
Cell3158	Tumor	8860.209	259.7199
Cell3159	Tumor	8931.0714	-35.793
Cell3160	Tumor	8976.5345	14.2113
Cell3161	Tumor	8930.625	-68.5132
Cell3162	Tumor	8917.9719	14.2752
Cell3163	Tumor	8873.0209	97.9906
Cell3164	Tumor	8873.0904	251.6274
Cell3165	Tumor	8906.403	-109.3122
Cell3166	Tumor	8873.8739	-174.1303
Cell3167	Tumor	8974.4256	106.4342
Cell3168	Tumor	9015.1913	106.9845
Cell3169	Tumor	8955.9586	-16.7066
Cell3170	Tumor	8989.3814	111.9216
Cell3171	Tumor	8971.6974	-26.0604
Cell3172	Tumor	8921.4652	225.4444
Cell3173	Tumor	8821.0873	179.9595
Cell3174	Tumor	8953.1697	-32.9259
Cell3175	Tumor	8833.7799	297.7987
Cell3176	Tumor	8988.1596	25.2928
Cell3177	Tumor	8929.3048	29.7248
Cell3178	Tumor	9014.2251	65.6163
Cell3179	Tumor	8819.9017	-110.433
Cell3180	Tumor	8926.3053	-45.1391
Cell3181	Tumor	8873.1609	90.707
Cell3182	Tumor	9135.702	-87.5441
Cell3183	Tumor	8845.1194	69.7722
Cell3184	Tumor	8984.5531	40.4207
Cell3185	Tumor	8867.8607	262.77
Cell3186	Tumor	9033.4645	-69.403
Cell3187	Tumor	8888.339	142.5488
Cell3188	Tumor	8944.2283	-24.2238
Cell3189	Tumor	9091.7025	31.5983
Cell3190	Tumor	8840.8344	247.5207
Cell3191	Tumor	9027.4783	34.0896
Cell3192	Tumor	9003.5019	-89.6235
Cell3193	Tumor	8911.8001	254.9049
Cell3194	Tumor	8866.0126	54.5332
Cell3195	Tumor	9092.3547	-23.4666
Cell3196	Tumor	9167.1591	-43.9254
Cell3197	Tumor	8806.937	191.1038
Cell3198	Tumor	9011.3319	43.6027
Cell3199	Tumor	8867.0984	62.3077
Cell3200	Tumor	9103.1064	-28.4791
Cell3201	Tumor	8934.9315	37.6475
Cell3202	Tumor	9043.708	-71.9412
Cell3203	Tumor	8936.8031	94.6567
Cell3204	Tumor	8859.8171	40.1044
Cell3205	Tumor	8935.2163	114.5009
Cell3206	Tumor	8889.7587	27.7459
Cell3207	Tumor	9148.0623	-23.3497
Cell3208	Tumor	9069.9225	51.8859
Cell3209	Tumor	8835.0659	182.0917
Cell3210	Tumor	8937.0867	91.0734
Cell3211	Tumor	8865.8829	148.2297
Cell3212	Tumor	8814.8064	-74.2713
Cell3213	Tumor	8867.1547	-54.5692
Cell3214	Tumor	8837.2371	137.3085
Cell3215	Tumor	8835.6607	73.8902
Cell3216	Tumor	8950.4934	176.6515
Cell3217	Tumor	8865.0863	165.9707
Cell3218	Tumor	8799.9252	-74.7149
Cell3219	Tumor	8809.1052	224.3119
Cell3220	Tumor	8997.2476	106.8818
Cell3221	Tumor	8995.9421	151.7182
Cell3222	Tumor	8960.9973	-141.0044
Cell3223	Tumor	9029.9512	94.1436
Cell3224	Tumor	8862.3056	0.4667
Cell3225	Tumor	8979.6048	102.5526
Cell3226	Tumor	8876.745	156.9214
Cell3227	Tumor	8966.9835	44.5749
Cell3228	Tumor	9007.4015	113.1336
Cell3229	Tumor	8947.2233	97.3629
Cell3230	Tumor	8877.1041	-45.6066
Cell3231	Tumor	8899.9787	-97.3541
Cell3232	Tumor	8992.9133	35.5876
Cell3233	Tumor	8911.5905	-31.2026
Cell3234	Tumor	8997.5739	44.0258
Cell3235	Tumor	8840.4995	250.4585
Cell3236	Tumor	8898.4463	94.7868
Cell3237	Tumor	8918.0396	171.2023
Cell3238	Tumor	8928.2371	94.205
Cell3239	Tumor	8852.1597	48.7677
Cell3240	Tumor	8826.1619	-19.4184
Cell3241	Tumor	8924.4638	250.5293
Cell3242	Tumor	8823.828	316.7167
Cell3243	Tumor	8931.976	-68.2395
Cell3244	Tumor	8961.3376	87.068
Cell3245	Tumor	8851.4222	322.0588
Cell3246	Tumor	8800.0805	-63.4872
Cell3247	Tumor	8853.1407	54.8799
Cell3248	Tumor	8854.6946	56.4926
Cell3249	Tumor	8996.9376	-62.1481
Cell3250	Tumor	8982.2291	-121.4862
Cell3251	Tumor	9024.8548	30.7677
Cell3252	Tumor	8906.112	-111.1772
Cell3253	Tumor	8859.065	-53.8172
Cell3254	Tumor	8908.8256	92.0513
Cell3255	Tumor	8854.2938	-5.3388
Cell3256	Tumor	8912.619	86.0716
Cell3257	Tumor	9169.9488	-154.4739
Cell3258	Tumor	8980.0256	78.1474
Cell3259	Tumor	8879.9883	299.8497
Cell3260	Tumor	8984.0774	-55.8772
Cell3261	Tumor	8832.8662	221.6722
Cell3262	Tumor	9007.981	116.6941
Cell3263	Tumor	8925.6297	83.5879
Cell3264	Tumor	8858.9012	112.8446
Cell3265	Tumor	8787.0774	370.0106
Cell3266	Tumor	8922.0504	36.3257
Cell3267	Tumor	8968.6435	-126.9046
Cell3268	Tumor	8908.286	219.8538
Cell3269	Tumor	9000.4908	146.0251
Cell3270	Tumor	8925.4512	128.4786
Cell3271	Tumor	8980.658	-56.9307
Cell3272	Tumor	8934.2011	167.2074
Cell3273	Tumor	8860.5495	45.1443
Cell3274	Tumor	8892.3937	15.731
Cell3275	Tumor	8820.0255	-66.6053
Cell3276	Tumor	8900.7402	131.7578
Cell3277	Tumor	8879.6797	72.23
Cell3278	Tumor	8907.7754	-81.9224
Cell3279	Tumor	8858.583	72.9559
Cell3280	Tumor	9022.2276	-168.6433
Cell3281	Tumor	8880.473	81.5634
Cell3282	Tumor	9030.8887	19.5101
Cell3283	Tumor	8944.4582	132.6994
Cell3284	Tumor	9018.3527	-166.3337
Cell3285	Tumor	8933.7625	203.1596
Cell3286	Tumor	9041.4823	-53.6389
Cell3287	Tumor	8842.9735	53.822
Cell3288	Tumor	9048.3979	10.7423
Cell3289	Tumor	8896.8333	270.7709
Cell3290	Tumor	9066.878	-58.8556
Cell3291	Tumor	9029.1315	-46.9582
Cell3292	Tumor	8859.1799	237.1153
Cell3293	Tumor	8868.5996	287.9632
Cell3294	Tumor	8979.6939	-149.3987
Cell3295	Tumor	8872.7774	54.2355
Cell3296	Tumor	8915.5724	43.7939
Cell3297	Tumor	8851.3229	332.5561
Cell3298	Tumor	8983.9369	60.7369
Cell3299	Tumor	8969.5384	48.3753
Cell3300	Tumor	8920.0954	-27.3542
Cell3301	Tumor	8889.5557	249.8594
Cell3302	Tumor	8884.7325	235.2564
Cell3303	Tumor	8825.5581	-66.1149
Cell3304	Tumor	8957.4797	51.3858
Cell3305	Tumor	8851.2436	158.2962
Cell3306	Tumor	9001.7738	-10.3168
Cell3307	Tumor	9189.0748	-72.9358
Cell3308	Tumor	8915.2517	136.7418
Cell3309	Tumor	8952.5754	50.4932
Cell3310	Tumor	8959.0629	90.1671
Cell3311	Tumor	9036.2004	58.7623
Cell3312	Tumor	8824.0093	308.595
Cell3313	Tumor	8869.439	-9.5031
Cell3314	Tumor	8877.8792	-71.1652
Cell3315	Tumor	8868.3092	144.6862
Cell3316	Tumor	8898.0035	151.4521
Cell3317	Tumor	8876.561	228.1299
Cell3318	Tumor	8997.811	11.9861
Cell3319	Tumor	8933.2359	162.0221
Cell3320	Tumor	9210.0302	-122.6663
Cell3321	Tumor	9015.872	86.73
Cell3322	Tumor	9186.7865	-155.7045
Cell3323	Tumor	8907.3967	89.4188
Cell3324	Tumor	8920.1555	12.0139
Cell3325	Tumor	8870.9068	109.9193
Cell3326	Tumor	9017.7315	-28.2156
Cell3327	Tumor	8872.4116	62.1238
Cell3328	Tumor	9018.3497	-14.925
Cell3329	Tumor	8823.6937	-122.8151
Cell3330	Tumor	8952.6627	91.9883
Cell3331	Tumor	9038.1896	-24.8861
Cell3332	Tumor	8963.7087	58.7459
Cell3333	Tumor	8968.0309	63.1001
Cell3334	Tumor	8991.4016	62.9383
Cell3335	Tumor	8943.6555	118.0196
Cell3336	Tumor	8950.4187	-19.5816
Cell3337	Tumor	8913.7571	-116.8411
Cell3338	Tumor	8967.5184	-95.4685
Cell3339	Tumor	8863.2821	94.811
Cell3340	Tumor	8807.9095	160.1653
Cell3341	Tumor	8858.2079	199.2987
Cell3342	Tumor	8953.9183	111.0135
Cell3343	Tumor	8993.5217	-5.1104
Cell3344	Tumor	8926.6271	-74.7052
Cell3345	Tumor	8757.0265	407.7228
Cell3346	Tumor	8931.719	120.1346
Cell3347	Tumor	8970.2709	123.4314
Cell3348	Tumor	8895.5557	-25.9406
Cell3349	Tumor	8878.1821	95.6062
Cell3350	Tumor	8829.727	343.9624
Cell3351	Tumor	9199.4326	-93.2085
Cell3352	Tumor	8973.1662	-5.6895
Cell3353	Tumor	9009.4597	53.8095
Cell3354	Tumor	8912.7501	89.5772
Cell3355	Tumor	8955.4077	151.1475
Cell3356	Tumor	8888.0656	-60.4166
Cell3357	Tumor	8974.6045	12.7098
Cell3358	Tumor	8843.9912	212.6987
Cell3359	Tumor	8974.709	150.0928
Cell3360	Tumor	8984.0386	-59.08
Cell3361	Tumor	8818.6936	-59.4934
Cell3362	Tumor	8855.6503	294.1763
Cell3363	Tumor	8893.9995	-59.7603
Cell3364	Tumor	9008.4106	-51.7279
Cell3365	Tumor	8920.7753	53.7144
Cell3366	Tumor	8989.3848	-30.1952
Cell3367	Tumor	8899.7827	-18.5589
Cell3368	Tumor	8960.4967	-69.3098
Cell3369	Tumor	8798.5188	75.3768
Cell3370	Tumor	8851.5783	249.5332
Cell3371	Tumor	8981.1792	8.7728
Cell3372	Tumor	8958	4.9921
Cell3373	Tumor	9040.2439	-7.8407
Cell3374	Tumor	8931.4724	-19.6486
Cell3375	Tumor	8839.5476	46.5049
Cell3376	Tumor	8869.9586	122.3463
Cell3377	Tumor	8868.7372	236.3995
Cell3378	Tumor	8962.3917	43.8734
Cell3379	Tumor	8962.8678	14.8058
Cell3380	Tumor	8955.3877	40.3627
Cell3381	Tumor	8932.007	23.0948
Cell3382	Tumor	9009.4759	25.0116
Cell3383	Tumor	8659.4073	558.3743
Cell3384	Tumor	8930.2264	-125.9979
Cell3385	Tumor	8890.4173	15.3653
Cell3386	Tumor	8924.3636	71.0441
Cell3387	Tumor	8924.6729	5.5506
Cell3388	Tumor	8955.6572	45.9225
Cell3389	Tumor	8861.3396	-99.8702
Cell3390	Tumor	9082.7038	-99.2714
Cell3391	Tumor	8821.3958	231.5059
Cell3392	Tumor	8948.9493	118.0444
Cell3393	Tumor	8983.6603	97.6273
Cell3394	Tumor	8913.7258	38.5933
Cell3395	Tumor	9009.7107	-64.8745
Cell3396	Tumor	8848.8637	-42.9956
Cell3397	Tumor	8813.2121	117.7177
Cell3398	Tumor	8982.5192	-166.8039
Cell3399	Tumor	8994.7008	-126.1154
Cell3400	Tumor	8945.9369	35.8281
Cell3401	Tumor	8821.9236	329.6517
Cell3402	Tumor	9200.7085	-123.6343
Cell3403	Tumor	8937.0827	116.1574
Cell3404	Tumor	8879.6167	158.6437
Cell3405	Tumor	8907.1703	-136.685
Cell3406	Tumor	8992.695	-15.2328
Cell3407	Tumor	8886.0374	-6.2683
Cell3408	Tumor	8933.925	-57.074
Cell3409	Tumor	8843.496	182.3129
Cell3410	Tumor	8922.8516	210.5989
Cell3411	Tumor	8942.8581	29.4094
Cell3412	Tumor	8871.5227	-50.3008
Cell3413	Tumor	8862.0262	117.6298
Cell3414	Tumor	8881.5737	158.6695
Cell3415	Tumor	8914.3603	90.2392
Cell3416	Tumor	8834.8978	190.9825
Cell3417	Tumor	8973.4517	8.0041
Cell3418	Tumor	8966.6961	-76.5536
Cell3419	Tumor	9254.1264	-154.9175
Cell3420	Tumor	8893.3947	-118.2829
Cell3421	Tumor	8865.394	-34.1343
Cell3422	Tumor	8856.6824	-12.1434
Cell3423	Tumor	8957.2609	-8.9302
Cell3424	Tumor	9003.2556	56.5692
Cell3425	Tumor	8979.9677	160.0984
Cell3426	Tumor	8845.4147	65.7909
Cell3427	Tumor	8890.6459	30.0193
Cell3428	Tumor	9024.3044	19.7525
Cell3429	Tumor	8900.2789	1.5798
Cell3430	Tumor	8843.3259	159.8213
Cell3431	Tumor	8919.2607	176.4629
Cell3432	Tumor	9038.0279	41.2881
Cell3433	Tumor	8821.781	115.0677
Cell3434	Tumor	8939.1845	39.9711
Cell3435	Tumor	9065.927	9.6901
Cell3436	Tumor	9152.2222	-156.5578
Cell3437	Tumor	8847.5241	133.7252
Cell3438	Tumor	8822.3284	345.0956
Cell3439	Tumor	8850.3209	127.4501
Cell3440	Tumor	8946.4752	-74.1143
Cell3441	Tumor	8932.1024	-92.5343
Cell3442	Tumor	8942.0921	150.4271
Cell3443	Tumor	8837.9602	340.3652
Cell3444	Tumor	8933.3052	147.4405
Cell3445	Tumor	8845.8002	223.7438
Cell3446	Tumor	8814.0203	291.1783
Cell3447	Tumor	8935.7395	82.8792
Cell3448	Tumor	9052.3992	-74.0986
Cell3449	Tumor	8963.558	91.3405
Cell3450	Tumor	8939.4888	36.7838
Cell3451	Tumor	8896.7486	-108.0826
Cell3452	Tumor	8968.1582	42.2159
Cell3453	Tumor	8828.4136	344.771
Cell3454	Tumor	8920.8748	3.2087
Cell3455	Tumor	8856.6471	-175.7906
Cell3456	Tumor	8943.3631	-2.3569
Cell3457	Tumor	8926.9321	-50.6847
Cell3458	Tumor	8971.4046	147.2659
Cell3459	Tumor	9148.9094	-103.9361
Cell3460	Tumor	8880.123	161.553
Cell3461	Tumor	8894.9826	106.6426
Cell3462	Tumor	9005.6302	-154.3675
Cell3463	Tumor	9051.2519	-53.3831
Cell3464	Tumor	9005.1578	93.3535
Cell3465	Tumor	8824.5032	14.9385
Cell3466	Tumor	9143.2701	-20.8444
Cell3467	Tumor	9032.4071	54.1602
Cell3468	Tumor	9036.9344	31.4674
Cell3469	Tumor	8872.0555	75.9274
Cell3470	Tumor	8929.0648	-34.3682
Cell3471	Tumor	9015.3253	-52.2516
Cell3472	Tumor	9048.8645	-45.4217
Cell3473	Tumor	9257.7352	-163.3721
Cell3474	Tumor	8891.4555	-3.4432
Cell3475	Tumor	8951.7306	176.1368
Cell3476	Tumor	8861.3838	29.2706
Cell3477	Tumor	8989.2693	0.6378
Cell3478	Tumor	8873.9336	145.6067
Cell3479	Tumor	8877.0862	-63.1602
Cell3480	Tumor	8930.0467	-36.845
Cell3481	Tumor	8969.6824	-42.3406
Cell3482	Tumor	8845.6728	91.493
Cell3483	Tumor	8979.6392	17.1213
Cell3484	Tumor	8849.8554	4.4456
Cell3485	Tumor	8860.328	249.638
Cell3486	Tumor	8919.4812	57.1926
Cell3487	Tumor	8993.832	94.5676
Cell3488	Tumor	9110.1718	-132.8584
Cell3489	Tumor	8956.1775	-27.7672
Cell3490	Tumor	9271.6239	-176.3434
Cell3491	Tumor	8948.4236	-137.3293
Cell3492	Tumor	8822	370.0588
Cell3493	Tumor	9059.6441	-54.2874
Cell3494	Tumor	8897.5753	69.8126
Cell3495	Tumor	8908.8237	79.7215
Cell3496	Tumor	8849.7377	278.1349
Cell3497	Tumor	8904.7092	104.2689
Cell3498	Tumor	8956.5216	76.013
Cell3499	Tumor	9006.3105	-70.9326
Cell3500	Tumor	8851.2251	34.9323
Cell3501	Tumor	8916.0698	-117.1561
Cell3502	Tumor	9083.7615	-86.6021
Cell3503	Tumor	9263.4864	-166.2103
Cell3504	Tumor	8907.8995	-49.4747
Cell3505	Tumor	8730.1529	475.7301
Cell3506	Tumor	8930.0397	89.822
Cell3507	Tumor	9083.7344	-23.4972
Cell3508	Tumor	8959.6684	175.4448
Cell3509	Tumor	8963.1019	53.1498
Cell3510	Tumor	8879.605	140.6769
Cell3511	Tumor	8865.1786	69.8023
Cell3512	Tumor	8889.3437	79.9632
Cell3513	Tumor	8898.2065	-53.7768
Cell3514	Tumor	8878.4638	-19.9793
Cell3515	Tumor	9055.0206	-42.1977
Cell3516	Tumor	8830.1386	-112.9275
Cell3517	Tumor	8950.3386	-10.8555
Cell3518	Tumor	8930.3481	68.2253
Cell3519	Tumor	8856.3564	19.6992
Cell3520	Tumor	8869.3268	139.243
Cell3521	Tumor	9053.0106	-46.5713
Cell3522	Tumor	8843.9786	75.457
Cell3523	Tumor	8916.5601	-6.1695
Cell3524	Tumor	8905.083	43.5698
Cell3525	Tumor	9071.5823	53.9472
Cell3526	Tumor	9156.5024	-103.4858
Cell3527	Tumor	8847.0912	-40.4977
Cell3528	Tumor	9139.9041	-43.6447
Cell3529	Tumor	9063.9907	-3.4348
Cell3530	Tumor	9263.8519	-176.3176
Cell3531	Tumor	8831.0482	-98.6558
Cell3532	Tumor	8812.7325	164.8225
Cell3533	Tumor	8884.8158	70.225
Cell3534	Tumor	8969.3013	-51.074
Cell3535	Tumor	8873.8971	134.1063
Cell3536	Tumor	8826.9851	289.4602
Cell3537	Tumor	8920.465	16.8885
Cell3538	Tumor	8908.6103	-10.2318
Cell3539	Tumor	8910.0843	197.504
Cell3540	Tumor	8813.8348	365.5292
Cell3541	Tumor	8902.8472	-182.6095
Cell3542	Tumor	8819.7839	345.6303
Cell3543	Tumor	8975.467	8.3599
Cell3544	Tumor	8857.2245	-26.932
Cell3545	Tumor	8992.0339	35.4396
Cell3546	Tumor	8923.3088	65.933
Cell3547	Tumor	8911.579	58.6903
Cell3548	Tumor	8901.2365	242.1413
Cell3549	Tumor	9107.5762	-114.7105
Cell3550	Tumor	8919.5441	23.6094
Cell3551	Tumor	8893.8907	87.2223
Cell3552	Tumor	8908.5256	-22.3309
Cell3553	Tumor	8967.2432	137.5404
Cell3554	Tumor	9003.0121	-65.6202
Cell3555	Tumor	8898.1104	-33.9261
Cell3556	Tumor	8961.7962	-1.2731
Cell3557	Tumor	8987.2011	81.6331
Cell3558	Tumor	8828.1047	-0.3749
Cell3559	Tumor	8807.8217	195.82
Cell3560	Tumor	8960.3963	66.8417
Cell3561	Tumor	9147.1689	-19.7648
Cell3562	Tumor	8876.3775	-82.4389
Cell3563	Tumor	8896.1678	153.1268
Cell3564	Tumor	9030.45	13.5588
Cell3565	Tumor	8903.9357	27.5659
Cell3566	Tumor	8952.6728	123.4189
Cell3567	Tumor	8950.9807	197.7247
Cell3568	Tumor	9157.146	-80.4345
Cell3569	Tumor	9045.1623	34.8641
Cell3570	Tumor	8927.3677	49.3276
Cell3571	Tumor	8776.1492	379.6593
Cell3572	Tumor	8831.8351	315.2841
Cell3573	Tumor	9147.8128	-54.6594
Cell3574	Tumor	8878.1942	76.5506
Cell3575	Tumor	8885.4981	147.2351
Cell3576	Tumor	8806.1518	129.9825
Cell3577	Tumor	8952.3771	-70.9456
Cell3578	Tumor	9038.7229	31.0081
Cell3579	Tumor	8931.1085	35.1091
Cell3580	Tumor	8957.3042	188.5568
Cell3581	Tumor	8810.6973	-32.8497
Cell3582	Tumor	8887.1696	-23.1625
Cell3583	Tumor	9006.1873	10.8357
Cell3584	Tumor	8840.8514	-17.2905
Cell3585	Tumor	8909.899	157.0079
Cell3586	Tumor	8979.0937	44.8987
Cell3587	Tumor	9071.2076	38.458
Cell3588	Tumor	8816.1296	-103.3606
Cell3589	Tumor	8873.7351	125.9466
Cell3590	Tumor	8841.633	169.3489
Cell3591	Tumor	9157.2168	-67.4484
Cell3592	Tumor	8929.8384	27.6037
Cell3593	Tumor	8877.7602	20.463
Cell3594	Tumor	8952.6361	120.4297
Cell3595	Tumor	8888.6108	201.9457
Cell3596	Tumor	8829.6361	-123.513
Cell3597	Tumor	8903.7871	28.1042
Cell3598	Tumor	8986.1457	6.9947
Cell3599	Tumor	8889.5037	230.735
Cell3600	Tumor	9083.7382	-115.7558
Cell3601	Tumor	8856.044	16.369
Cell3602	Tumor	8861.9944	81.2284
Cell3603	Tumor	8893.7693	175.1349
Cell3604	Tumor	8908.955	39.7083
Cell3605	Tumor	8905.7329	-37.0396
Cell3606	Tumor	9014.6058	27.1474
Cell3607	Tumor	8934.3456	102.0193
Cell3608	Tumor	9138.5222	-107.4202
Cell3609	Tumor	8946.5297	-27.0515
Cell3610	Tumor	8981.974	-46.8537
Cell3611	Tumor	8964.0034	1.1258
Cell3612	Tumor	8968.3899	10.5158
Cell3613	Tumor	8832.9028	95.936
Cell3614	Tumor	8935.2007	54.8092
Cell3615	Tumor	8873.9564	174.5691
Cell3616	Tumor	8830.9255	319.1893
Cell3617	Tumor	8865.2983	-18.6455
Cell3618	Tumor	8901.1932	165.548
Cell3619	Tumor	8891.2084	66.0044
Cell3620	Tumor	8964.2583	98.2702
Cell3621	Tumor	8887.132	52.9732
Cell3622	Tumor	8879.0537	46.9547
Cell3623	Tumor	8896.584	-11.809
Cell3624	Tumor	8949.7488	104.2164
Cell3625	Tumor	9064.7184	68.5324
Cell3626	Tumor	8859.6	162.3559
Cell3627	Tumor	8909.7215	-6.7397
Cell3628	Tumor	8955.6756	58.1368
Cell3629	Tumor	9010.3087	110.0317
Cell3630	Tumor	8927.3317	60.6642
Cell3631	Tumor	9196.6474	-138.0718
Cell3632	Tumor	8889.1935	-76.3426
Cell3633	Tumor	8810.7609	219.4567
Cell3634	Tumor	8710.6544	440.4521
Cell3635	Tumor	8888.8585	40.5968
Cell3636	Tumor	9245.5232	-188.7584
Cell3637	Tumor	8855.8261	-44.1812
Cell3638	Tumor	9007.4339	60.9771
Cell3639	Tumor	9023.8995	30.1019
Cell3640	Tumor	9134.3762	-77.6891
Cell3641	Tumor	8941.0435	-49.2336
Cell3642	Tumor	8875.5478	-59.403
Cell3643	Tumor	8963.4056	-25.2099
Cell3644	Tumor	8877.0306	-75.6692
Cell3645	Tumor	8909.2044	202.3037
Cell3646	Tumor	8980.2533	-11.8729
Cell3647	Tumor	8891.5234	-63.029
Cell3648	Tumor	8934.1951	42.1939
Cell3649	Tumor	9088.554	12.735
Cell3650	Tumor	8890.1619	83.4936
Cell3651	Tumor	8898.3252	33.9273
Cell3652	Tumor	9183.4655	-79.4093
Cell3653	Tumor	8910.6608	186.8505
Cell3654	Tumor	8996.1834	142.1496
Cell3655	Tumor	9173.5839	-124.7582
Cell3656	Tumor	8892.3985	-51.0031
Cell3657	Tumor	8917.1887	-92.0235
Cell3658	Tumor	8874.2294	-4.7918
Cell3659	Tumor	9031.5954	-63.0886
Cell3660	Tumor	8911.6464	45.8848
Cell3661	Tumor	8850.1002	105.2674
Cell3662	Tumor	9029.5746	0.8839
Cell3663	Tumor	9117.422	15.068
Cell3664	Tumor	9193.9366000000009	-154.4815
Cell3665	Tumor	8982.3972	155.6277
Cell3666	Tumor	8858.1837	278.9181
Cell3667	Tumor	9075.1106	-53.5664
Cell3668	Tumor	8967.2702	45.5214
Cell3669	Tumor	8881.3707	-28.9823
Cell3670	Tumor	8937.8564	6.3311
Cell3671	Tumor	9018.5571	8.0275
Cell3672	Tumor	8862.5384	168.9126
Cell3673	Tumor	8889.7905	-92.8178
Cell3674	Tumor	8861.8415	174.3093
Cell3675	Tumor	8865.7193	118.9317
Cell3676	Tumor	8922.4916	-70.7667
Cell3677	Tumor	9010.2295	-155.6079
Cell3678	Tumor	8960.2406	90.7438
Cell3679	Tumor	8920.1894	102.7219
Cell3680	Tumor	8892.0135	257.7317
Cell3681	Tumor	8910.4879	142.5345
Cell3682	Tumor	8892.6276	219.2556
Cell3683	Tumor	8884.9308	67.5734
Cell3684	Tumor	8912.4942	-43.0743
Cell3685	Tumor	8993.9298	148.541
Cell3686	Tumor	8800.3121	11.9475
Cell3687	Tumor	8956.0234	-162.0777
Cell3688	Tumor	8894.64	34.6817
Cell3689	Tumor	8897.1174	-36.474
Cell3690	Tumor	8934.0336	6.2186
Cell3691	Tumor	8740.0075	422.9101
Cell3692	Tumor	8994.0863	55.5369
Cell3693	Tumor	9040.8597	80.2012
Cell3694	Tumor	8957.2001	23.9343
Cell3695	Tumor	8861.5767	223.2251
Cell3696	Tumor	8951.576	205.7354
Cell3697	Tumor	8938.8667	-43.2978
Cell3698	Tumor	9006.697	103.5867
Cell3699	Tumor	8826.5338	-39.3034
Cell3700	Tumor	8909.1955	207.8447
Cell3701	Tumor	9047.5433	6.9052
Cell3702	Tumor	9044.9813	-103.5097
Cell3703	Tumor	8940.6586	225.8547
Cell3704	Tumor	8981.8135	13.4444
Cell3705	Tumor	8876.3293	47.6444
Cell3706	Tumor	9072.4201	-22.369
Cell3707	Tumor	8871.9664	-38.634
Cell3708	Tumor	8814.671	-71.0601
Cell3709	Tumor	9253.4102	-154.2285
Cell3710	Tumor	8834.7745	357.2269
Cell3711	Tumor	8923.7248	-153.6953
Cell3712	Tumor	9099.9793	-97.4634
Cell3713	Tumor	9005.8718	144.0617
Cell3714	Tumor	8869.1551	7.1524
Cell3715	Tumor	8902.531	-52.6287
Cell3716	Tumor	9062.0456	-94.2096
Cell3717	Tumor	8862.5074	-7.8257
Cell3718	Tumor	9107.0549	-65.3013
Cell3719	Tumor	8836.047	-38.3606
Cell3720	Tumor	8922.9522	236.6645
Cell3721	Tumor	8962.1936	-6.1678
Cell3722	Tumor	8892.1648	-160.3478
Cell3723	Tumor	8838.7093	147.6645
Cell3724	Tumor	8862.981	-77.0282
Cell3725	Tumor	8960.746	137.4979
Cell3726	Tumor	9216.1177	-99.3313
Cell3727	Tumor	8842.5742	273.1631
Cell3728	Tumor	9177.2683	-170.1346
Cell3729	Tumor	8845.6692	226.0007
Cell3730	Tumor	8884.8141	-47.8391
Cell3731	Tumor	9131.3458	-45.6907
Cell3732	Tumor	8875.3267	52.5658
Cell3733	Tumor	9088.4049	-39.6604
Cell3734	Tumor	8829.9981	218.7236
Cell3735	Tumor	8907.4244	51.0654
Cell3736	Tumor	8966.2019	42.9655
Cell3737	Tumor	8931.6441	-95.7382
Cell3738	Tumor	8937.55	-38.6473
Cell3739	Tumor	8920.8233	124.1483
Cell3740	Tumor	8952.443	114.4123
Cell3741	Tumor	9008.0356	-29.9705
Cell3742	Tumor	8925.4292	-2.4934
Cell3743	Tumor	8907.0562	-106.3785
Cell3744	Tumor	8973.9511	-76.525
Cell3745	Tumor	8832.8075	282.515
Cell3746	Tumor	8863.2928	154.7878
Cell3747	Tumor	8933.1661	0.8318
Cell3748	Tumor	8876.4527	-84.7169
Cell3749	Tumor	9142.6849	-53.3784
Cell3750	Tumor	9082.4482	-58.7295
Cell3751	Tumor	8965.8986	-132.2273
Cell3752	Tumor	8923.0733	66.9914
Cell3753	Tumor	9133.0977	-33.2295
Cell3754	Tumor	8968.0192	-24.9578
Cell3755	Tumor	8856.64	-87.3535
Cell3756	Tumor	8952.4278	117.4816
Cell3757	Tumor	9033.1309	-36.741
Cell3758	Tumor	8910.5044	170.7594
Cell3759	Tumor	8959.2216	205.0956
Cell3760	Tumor	9015.0027	-44.9105
Cell3761	Tumor	8830.267	64.4131
Cell3762	Tumor	8982.0603	-73.0048
Cell3763	Tumor	8821.2798	55.0783
Cell3764	Tumor	8899.0782	44.2552
Cell3765	Tumor	8912.4478	82.1437
Cell3766	Tumor	8984.1937	-64.877
Cell3767	Tumor	8975.1541	58.1601
Cell3768	Tumor	8951.7904	169.8054
Cell3769	Tumor	8874.9505	125.5099
Cell3770	Tumor	8979.0187	-50.4109
Cell3771	Tumor	8798.4422	137.9057
Cell3772	Tumor	9059.305	-18.4342
Cell3773	Tumor	8986.3686	-7.2564
Cell3774	Tumor	8728.2466	471.1687
Cell3775	Tumor	8953.0094	105.3566
Cell3776	Tumor	8987.3889	-14.2814
Cell3777	Tumor	8939.8661	70.3016
Cell3778	Tumor	8912.1625	36.8793
Cell3779	Tumor	9180.2229	-132.9762
Cell3780	Tumor	8892.2912	196.23
Cell3781	Tumor	8848.6724	195.8735
Cell3782	Tumor	9076.468	9.7166
Cell3783	Tumor	8846.2394	-90.0179
Cell3784	Tumor	8846.3004	329.6864
Cell3785	Tumor	8867.5523	85.7039
Cell3786	Tumor	8931.7693	-14.4171
Cell3787	Tumor	8973.5143	102.3049
Cell3788	Tumor	8992.1261	-149.7443
Cell3789	Tumor	8875.6718	226.0639
Cell3790	Tumor	9121.939	-74.8477
Cell3791	Tumor	8915.3137	-9.7398
Cell3792	Tumor	8919.159	-62.7292
Cell3793	Tumor	9267.0425	-182.9308
Cell3794	Tumor	8861.9029	-57.4997
Cell3795	Tumor	9033.6651	-126.7421
Cell3796	Tumor	8957.003	-139.021
Cell3797	Tumor	8928.2805	-161.5285
Cell3798	Tumor	8900.0839	28.0341
Cell3799	Tumor	8840.1543	348.6628
Cell3800	Tumor	8872.1223	-27.0867
Cell3801	Tumor	8869.5329	175.4336
Cell3802	Tumor	8854.3497	138.3466
Cell3803	Tumor	8953.5686	192.4082
Cell3804	Tumor	9004.365	-79.2773
Cell3805	Tumor	8879.7031	226.6484
Cell3806	Tumor	9145.6348	-32.0504
Cell3807	Tumor	9126.577	-9.638
Cell3808	Tumor	9084.8244	-95.9477
Cell3809	Tumor	8922.2477	72.6592
Cell3810	Tumor	8915.0247	-50.4416
Cell3811	Tumor	8957.8557	196.1668
Cell3812	Tumor	8971.315	30.8441
Cell3813	Tumor	8900.5957	62.8733
Cell3814	Tumor	9102.1212	-43.5926
Cell3815	Tumor	9058.6855	-85.3711
Cell3816	Tumor	8930.1223	185.9961
Cell3817	Tumor	8830.0762	175.4073
Cell3818	Tumor	8961.3138	133.5223
Cell3819	Tumor	9009.156	14.1542
Cell3820	Tumor	9002.7965	115.1195
Cell3821	Tumor	8953.1722	42.4223
Cell3822	Tumor	9008.8491	122.6811
Cell3823	Tumor	8912.9584	-43.6068
Cell3824	Tumor	8942.698	147.9672
Cell3825	Tumor	9004.8835	147.336
Cell3826	Tumor	8961.0984	-62.1808
Cell3827	Tumor	8840.0135	220.6749
Cell3828	Tumor	8878.4285	84.406
Cell3829	Tumor	8863.3827	189.2795
Cell3830	Tumor	8955.6101	-14.0933
Cell3831	Tumor	8980.5995	5.4508
Cell3832	Tumor	9032.2756	58.2732
Cell3833	Tumor	8877.8168	162.0334
Cell3834	Tumor	8837.1858	248.1231
Cell3835	Tumor	8859.4495	68.9956
Cell3836	Tumor	8913.1732	94.9712
Cell3837	Tumor	8882.7402	-63.2775
Cell3838	Tumor	8888.8381	29.2692
Cell3839	Tumor	8988.4166	-134.0763
Cell3840	Tumor	9018.7429	-79.0934
Cell3841	Tumor	8822.8899	267.0465
Cell3842	Tumor	9042.4651	66.5353
Cell3843	Tumor	8862.557	-24.1752
Cell3844	Tumor	9241.8583	-180.7712
Cell3845	Tumor	8891.9426	-26.8935
Cell3846	Tumor	8891.2569	114.6063
Cell3847	Tumor	8903.1551	128.6184
Cell3848	Tumor	8965.6641	-74.4304
Cell3849	Tumor	8972.6554	-124.33
Cell3850	Tumor	8857.5588	-21.2315
Cell3851	Tumor	8838.6575	74.0764
Cell3852	Tumor	9045.985	43.1714
Cell3853	Tumor	9110.8761	-17.4765
Cell3854	Tumor	8923.0693	247.5169
Cell3855	Tumor	8893.2057	-4.345
Cell3856	Tumor	8940.8074	150.8284
Cell3857	Tumor	8887.0943	-70.9393
Cell3858	Tumor	8850.546	150.516
Cell3859	Tumor	8864.1663	-9.1422
Cell3860	Tumor	8812.3943	44.2192
Cell3861	Tumor	8863.2585	-31.2437
Cell3862	Tumor	9022.224	102.3545
Cell3863	Tumor	8783.7751	409.9418
Cell3864	Tumor	9075.5451	13.8145
Cell3865	Tumor	8831.5502	157.0492
Cell3866	Tumor	8952.5381	52.5146
Cell3867	Tumor	8877.0442	125.938
Cell3868	Tumor	8873.0585	-10.3231
Cell3869	Tumor	8898.2907	-79.7026
Cell3870	Tumor	9021.8288	19.3769
Cell3871	Tumor	9035.3436	-90.5774
Cell3872	Tumor	8953.8306	67.9623
Cell3873	Tumor	8933.2258	58.9635
Cell3874	Tumor	8908.7025	34.2786
Cell3875	Tumor	8881.8981	78.3593
Cell3876	Tumor	8843.3893	164.4324
Cell3877	Tumor	8878.8236	102.2422
Cell3878	Tumor	8900.9944	-42.5704
Cell3879	Tumor	8960.7877	0.4122
Cell3880	Tumor	8888.7263	-116.6588
Cell3881	Tumor	9016.3046	31.7191
Cell3882	Tumor	8988.8921	53.8904
Cell3883	Tumor	9179.8528	-132.2002
Cell3884	Tumor	8841.2681	-17.006
Cell3885	Tumor	8927.5663	163.4751
Cell3886	Tumor	8900.5298	-61.3933
Cell3887	Tumor	8849.5904	-172.4495
Cell3888	Tumor	8883.7293	82.2651
Cell3889	Tumor	9003.8818	55.9156
Cell3890	Tumor	8915.2955	127.8039
Cell3891	Tumor	8954.0676	-97.3594
Cell3892	Tumor	8909.5663	254.6454
Cell3893	Tumor	8984.4359	141.8514
Cell3894	Tumor	8910.5396	145.3795
Cell3895	Tumor	8891.9064	265.2395
Cell3896	Tumor	9056.3031	-121.1704
Cell3897	Tumor	8948.8259	-47.532
Cell3898	Tumor	8827.2171	341.6041
Cell3899	Tumor	9012.1461	8.2946
Cell3900	Tumor	8981.4319	116.8048
Cell3901	Tumor	8970.6208	134.0124
Cell3902	Tumor	8989.3953	103.5217
Cell3903	Tumor	9012.6737	102.7066
Cell3904	Tumor	8913.6122	7.1532
Cell3905	Tumor	8785.7019	375.7536
Cell3906	Tumor	8974.9725	-101.7757
Cell3907	Tumor	8894.4969	82.847
Cell3908	Tumor	8928.0867	181.129
Cell3909	Tumor	8889.3821	-118.0564
Cell3910	Tumor	8971.8729	-17.3333
Cell3911	Tumor	8965.1003	-16.1589
Cell3912	Tumor	8940.1876	24.5132
Cell3913	Tumor	8926.3018	-45.7465
Cell3914	Tumor	8930.642	-42.658
Cell3915	Tumor	8981.2983	82.8637
Cell3916	Tumor	9002.502	48.3675
Cell3917	Tumor	9032.6739	-5.7359
Cell3918	Tumor	8976.9372	43.4754
Cell3919	Tumor	8813.8005	137.3989
Cell3920	Tumor	8881.3088	-63.3995
Cell3921	Tumor	8947.2738	74.4268
Cell3922	Tumor	8811.3358	90.1404
Cell3923	Tumor	8914.0262	169.5277
Cell3924	Tumor	8893.8751	68.0973
Cell3925	Tumor	8997.6087	94.7254
Cell3926	Tumor	8864.9776	211.3425
Cell3927	Tumor	8833.8141	273.0083
Cell3928	Tumor	8875.3044	5.154
Cell3929	Tumor	9015.6921	77.6554
Cell3930	Tumor	8996.8133	-28.4471
Cell3931	Tumor	8986.8887	102.3979
Cell3932	Tumor	8949.7801	-65.6142
Cell3933	Tumor	8830.8937	90.8677
Cell3934	Tumor	8884.5753	-0.7238
Cell3935	Tumor	9036.2681	76.3582
Cell3936	Tumor	8836.0054	-83.1059
Cell3937	Tumor	9245.5629	-142.4953
Cell3938	Tumor	8823.4272	-26.7863
Cell3939	Tumor	8847.1963	232.5625
Cell3940	Tumor	8949.2318	146.9738
Cell3941	Tumor	9045.2306	4.6687
Cell3942	Tumor	8813.7296	-60.2045
Cell3943	Tumor	8904.8714	59.2146
Cell3944	Tumor	8961.3528	157.3704
Cell3945	Tumor	8828.3416	322.5693
Cell3946	Tumor	9042.929	64.4122
Cell3947	Tumor	8872.7046	151.4306
Cell3948	Tumor	8930.2767	56.3758
Cell3949	Tumor	8949.1959	174.3944
Cell3950	Tumor	8900.3493	190.1492
Cell3951	Tumor	8846.0625	-33.0071
Cell3952	Tumor	8956.7704	29.8243
Cell3953	Tumor	8836.8052	293.787
Cell3954	Tumor	8992.787	19.096
Cell3955	Tumor	8926.9084	9.6968
Cell3956	Tumor	8892.0999	-22.6826
Cell3957	Tumor	8871.2768	119.157
Cell3958	Tumor	8924.8456	177.1264
Cell3959	Tumor	8939.8721	-107.4073
Cell3960	Tumor	8993.814	12.8541
Cell3961	Tumor	8999.39	26.887
Cell3962	Tumor	8879.0356	98.1684
Cell3963	Tumor	8876.4992	150.2212
Cell3964	Tumor	8952.8452	-76.3353
Cell3965	Tumor	9006.7499	47.3163
Cell3966	Tumor	9023.5329	18.3826
Cell3967	Tumor	9180.7729	-83.2381
Cell3968	Tumor	8922.715	56.2955
Cell3969	Tumor	8907.7814	222.5936
Cell3970	Tumor	8814.0366	183.2534
Cell3971	Tumor	9069.6035	34.0925
Cell3972	Tumor	8915.1849	-2.3017
Cell3973	Tumor	8913.1343	88.8355
Cell3974	Tumor	8857.3009	47.5376
Cell3975	Tumor	9008.7994	36.5176
Cell3976	Tumor	8879.2977	88.4287
Cell3977	Tumor	9023.0089	-104.9866
Cell3978	Tumor	8890.1797	92.1297
Cell3979	Tumor	8891.1618	204.4966
Cell3980	Tumor	8909.1101	80.9523
Cell3981	Tumor	8929.2005	28.0607
Cell3982	Tumor	8983.5982	94.9601
Cell3983	Tumor	8764.3093	428.4302
Cell3984	Tumor	8840.5307	112.2372
Cell3985	Tumor	8916.4428	-51.3915
Cell3986	Tumor	8939.6846	63.1663
Cell3987	Tumor	8899.5631	-68.9046
Cell3988	Tumor	8985.9686	60.9851
Cell3989	Tumor	8808.2528	-5.2966
Cell3990	Tumor	8890.3687	126.177
Cell3991	Tumor	8929.6926	205.3154
Cell3992	Tumor	8844.1306	270.6138
Cell3993	Tumor	8930.8308	125.0996
Cell3994	Tumor	8914.3266	156.9411
Cell3995	Tumor	8859.4972	72.1836
Cell3996	Tumor	8980.0441	14.2613
Cell3997	Tumor	8890.7621	109.863
Cell3998	Tumor	9021.5489	-126.0707
Cell3999	Tumor	8887.4295	85.5356
Cell4000	Tumor	8858.3087	37.0712
Cell4001	Tumor	8966.0047	-71.5846
Cell4002	Tumor	8952.7781	101.7142
Cell4003	Tumor	8952.8935	-68.1028
Cell4004	Tumor	8981.2879	15.8919
Cell4005	Tumor	9007.7187	-16.601
Cell4006	Tumor	8876.598	129.7171
Cell4007	Tumor	8907.7961	-35.032
Cell4008	Tumor	8964.1816	127.0947
Cell4009	Tumor	9107.3845	26.1079
Cell4010	Tumor	9006.5763	-69.2166
Cell4011	Tumor	8907.5046	225.1915
Cell4012	Tumor	8924.4038	73.8049
Cell4013	Tumor	8978.1109	132.8777
Cell4014	Tumor	9082.8801	-87.4935
Cell4015	Tumor	8896.8754	6.1
Cell4016	Tumor	8870.0695	185.0577
Cell4017	Tumor	8981.0348	163.7871
Cell4018	Tumor	8909.6485	-34.0789
Cell4019	Tumor	8855.0716	292.9729
Cell4020	Tumor	8899.2426	246.3236
Cell4021	Tumor	8859.0428	-69.6305
Cell4022	Tumor	8929.6053	5.3244
Cell4023	Tumor	8979.2173	75.4859
Cell4024	Tumor	8953.7323	-108.7759
Cell4025	Tumor	9050.1289	-0.3494
Cell4026	Tumor	8966.7161	-71.1466
Cell4027	Tumor	8907.6669	178.132
Cell4028	Tumor	8915.075	53.9197
Cell4029	Tumor	9073.3033	-98.1287
Cell4030	Tumor	9006.6525	27.8226
Cell4031	Tumor	8897.077	169.5376
Cell4032	Tumor	9046.0333	-74.8084
Cell4033	Tumor	8837.6273	-90.7998
Cell4034	Tumor	8836.0209	88.7069
Cell4035	Tumor	8828.7946	71.6737
Cell4036	Tumor	8974.6986	112.1183
Cell4037	Tumor	8826.5491	315.3895
Cell4038	Tumor	9064.5917	60.9218
Cell4039	Tumor	9006.6229	-182.8049
Cell4040	Tumor	8915.4948	-53.234
Cell4041	Tumor	8939.2839	196.1153
Cell4042	Tumor	8898.3966	42.2732
Cell4043	Tumor	9268.6023	-188.0359
Cell4044	Tumor	8854.6656	67.0017
Cell4045	Tumor	9059.6531	48.318
Cell4046	Tumor	9008.015	79.5694
Cell4047	Tumor	8852.2485	129.5994
Cell4048	Tumor	8975.0675	90.6144
Cell4049	Tumor	9067.7085	-27.6234
Cell4050	Tumor	8905.1557	118.0734
Cell4051	Tumor	8895.8038	-69.2774
Cell4052	Tumor	9164.6694	-62.913
Cell4053	Tumor	9017.9351	121.6837
Cell4054	Tumor	9039.5504	51.3532
Cell4055	Tumor	8834.986	-45.9863
Cell4056	Tumor	8971.1228	-148.777
Cell4057	Tumor	8978.7338	-4.1633
Cell4058	Tumor	8829.802	160.5089
Cell4059	Tumor	8975.3918	-89.295
Cell4060	Tumor	9149.7152	-89.777
Cell4061	Tumor	9037.3333	-82.7103
Cell4062	Tumor	9053.7065	-113.2998
Cell4063	Tumor	8877.9511	-34.3469
Cell4064	Tumor	8876.0064	144.1168
Cell4065	Tumor	8974.9493	172.3662
Cell4066	Tumor	9243.3641	-152.0986
Cell4067	Tumor	8930.8471	242.7181
Cell4068	Tumor	8826.8671	-54.324
Cell4069	Tumor	8949.0275	121.2304
Cell4070	Tumor	8842.3792	153.1571
Cell4071	Tumor	8845.6467	238.6431
Cell4072	Tumor	8869.3806	32.8225
Cell4073	Tumor	8848.578	-46.0848
Cell4074	Tumor	8854.8973	149.6864
Cell4075	Tumor	8828.5832	102.136
Cell4076	Tumor	8890.9275	-70.3572
Cell4077	Tumor	8894.6732	162.5889
Cell4078	Tumor	8850.5597	-128.587
Cell4079	Tumor	8868.3422	303.0192
Cell4080	Tumor	8849.0668	32.7505
Cell4081	Tumor	8870.8241	192.0525
Cell4082	Tumor	9149.5751	-114.2702
Cell4083	Tumor	9037.1884	40.3559
Cell4084	Tumor	8883.9766	16.3657
Cell4085	Tumor	8801.1437	-99.8326
Cell4086	Tumor	8925.1831	29.2846
Cell4087	Tumor	8841.4899	-89.9128
Cell4088	Tumor	8994.26	-82.4063
Cell4089	Tumor	9018.9825	93.4276
Cell4090	Tumor	8890.7137	221.9036
Cell4091	Tumor	9068.1611	-8.7273
Cell4092	Tumor	8939.0724	124.5239
Cell4093	Tumor	8878.7802	-40.99
Cell4094	Tumor	8979.9613	84.9683
Cell4095	Tumor	9157.1831	-151.8495
Cell4096	Tumor	8913.2718	159.6264
Cell4097	Tumor	8813.1437	18.6484
Cell4098	Tumor	8863.665	160.8768
Cell4099	Tumor	8838.6235	80.8119
Cell4100	Tumor	8887.0749	163.0973
Cell4101	Tumor	8867.6054	141.0713
Cell4102	Tumor	9085.4181	38.6125
Cell4103	Tumor	9003.7461	-105.8053
Cell4104	Tumor	8963.3579	-20.326
Cell4105	Tumor	8925.1229	131.9743
Cell4106	Tumor	8912.4906	56.2281
Cell4107	Tumor	8982.1589	88.4893
Cell4108	Tumor	9059.4092	14.9927
Cell4109	Tumor	9209.7303	-167.419
Cell4110	Tumor	8853.5198	101.9537
Cell4111	Tumor	8825.4967	70.8645
Cell4112	Tumor	8682.324	516.921
Cell4113	Tumor	9064.1617	42.5859
Cell4114	Tumor	8854.3625	-109.897
Cell4115	Tumor	8928.3412	175.9085
Cell4116	Tumor	8977.4288	9.4739
Cell4117	Tumor	8995.1269	73.1886
Cell4118	Tumor	9056.4047	71.9541
Cell4119	Tumor	8960.7828	-145.9453
Cell4120	Tumor	8889.9924	217.6812
Cell4121	Tumor	8891.1947	68.2674
Cell4122	Tumor	8994.279	156.9032
Cell4123	Tumor	9042.7396	-67.2702
Cell4124	Tumor	8976.3484	-93.2109
Cell4125	Tumor	9049.6318	81.3687
Cell4126	Tumor	9007.3339	83.1872
Cell4127	Tumor	8913.8839	-28.2825
Cell4128	Tumor	8985.1539	-105.8094
Cell4129	Tumor	8974.0132	9.9147
Cell4130	Tumor	8802.3945	130.7863
Cell4131	Tumor	9055.6257	-73.9779
Cell4132	Tumor	9053.814	28.5304
Cell4133	Tumor	9067.8571	-100.9116
Cell4134	Tumor	8992.283	-37.3213
Cell4135	Tumor	8897.5708	-128.6473
Cell4136	Tumor	8986.0617	148.0147
Cell4137	Tumor	9023.7539	-132.1962
Cell4138	Tumor	8979.7209	-3.1626
Cell4139	Tumor	8897.8109	4.8223
Cell4140	Tumor	8962.6789	139.076
Cell4141	Tumor	8956.5934	63.761
Cell4142	Tumor	9010.7737	144.6287
Cell4143	Tumor	8957.5213	168.2482
Cell4144	Tumor	8867.6088	294.7822
Cell4145	Tumor	8831.8317	-61.5127
Cell4146	Tumor	8908.5359	71.4129
Cell4147	Tumor	9165.964	-112.2255
Cell4148	Tumor	8835.5476	-110.0521
Cell4149	Tumor	8867.2743	61.6004
Cell4150	Tumor	8813.2752	-62.9654
Cell4151	Tumor	8859.5939	-161.2369
Cell4152	Tumor	9028.6823	55.992
Cell4153	Tumor	8915.017	121.4747
Cell4154	Tumor	8822.1351	272.998
Cell4155	Tumor	8822.8679	362.2872
Cell4156	Tumor	8833.5358	4.8128
Cell4157	Tumor	8948.8788	69.4615
Cell4158	Tumor	9060.783	1.8733
Cell4159	Tumor	8949.3723	-176.58
Cell4160	Tumor	8899.8277	-33.3687
Cell4161	Tumor	9184.1717	-80.4664
Cell4162	Tumor	8819.3387	333.0237
Cell4163	Tumor	9029.2582	13.0779
Cell4164	Tumor	8876.4393	270.9534
Cell4165	Tumor	8950.4315	0.5948
Cell4166	Tumor	8826.3964	95.9245
Cell4167	Tumor	9003.8102	102.2
Cell4168	Tumor	8891.1996	96.0169
Cell4169	Tumor	8954.3074	169.8292
Cell4170	Tumor	8948.6505	-94.9021
Cell4171	Tumor	9269.057	-169.4315
Cell4172	Tumor	8851.5035	245.2318
Cell4173	Tumor	8845.2224	-36.2598
Cell4174	Tumor	8846.9633	194.7421
Cell4175	Tumor	8918.592	-69.5431
Cell4176	Tumor	8958.8506	-68.82
Cell4177	Tumor	8876.2828	164.8229
Cell4178	Tumor	8848.7208	106.1798
Cell4179	Tumor	8964.6247	70.1356
Cell4180	Tumor	8813.2206	280.0681
Cell4181	Tumor	8913.6825	21.3509
Cell4182	Tumor	8893.9015	-65.01
Cell4183	Tumor	9115.7488	7.2961
Cell4184	Tumor	8917.785	204.9681
Cell4185	Tumor	8941.6081	149.7409
Cell4186	Tumor	8956.848	74.9201
Cell4187	Tumor	9107.1251	-31.0364
Cell4188	Tumor	8817.5501	191.097
Cell4189	Tumor	8883.2639	60.6553
Cell4190	Tumor	8944.3276	-49.1031
Cell4191	Tumor	8946.1113	90.5346
Cell4192	Tumor	8868.3552	286.8156
Cell4193	Tumor	8988.8709	53.2774
Cell4194	Tumor	8817.8945	-94.6616
Cell4195	Tumor	8988.6421	-77.9282
Cell4196	Tumor	9094.9384	23.431
Cell4197	Tumor	9059.0926	39.1158
Cell4198	Tumor	9037.9189	30.4608
Cell4199	Tumor	8934.2436	53.2165
Cell4200	Tumor	9110.2532	-30.034300000000002
Cell4201	Tumor	8891.8252	-32.7027
Cell4202	Tumor	8902.7682	-35.0706
Cell4203	Tumor	9249.8719	-160.888
Cell4204	Tumor	8934.5685	164.7607
Cell4205	Tumor	8788.5777	-63.904
Cell4206	Tumor	8841.1558	77.0223
Cell4207	Tumor	8992.2227	-36.6823
Cell4208	Tumor	8789.5266	66.6515
Cell4209	Tumor	9075.2292	59.0733
Cell4210	Tumor	8897.0179	48.3489
Cell4211	Tumor	8914.1515	99.5631
Cell4212	Tumor	9071.7843	37.4778
Cell4213	Tumor	8606.9921	579.6819
Cell4214	Tumor	9009.0069	43.347
Cell4215	Tumor	8989.4237	-123.4898
Cell4216	Tumor	8931.3965	180.6302
Cell4217	Tumor	9016.8548	-4.126
Cell4218	Tumor	8804.3339	125.8535
Cell4219	Tumor	8952.9034	63.3515
Cell4220	Tumor	8966.8573	-2.8707
Cell4221	Tumor	8977.7429	-18.3014
Cell4222	Tumor	9085.2422	-44.7826
Cell4223	Tumor	8868.2892	272.5241
Cell4224	Tumor	8926.7553	95.6391
Cell4225	Tumor	8892.7243	108.3213
Cell4226	Tumor	8949.3453	-88.3303
Cell4227	Tumor	8911.9772	2.8556
Cell4228	Tumor	8785.7917	31.2349
Cell4229	Tumor	8976.0239	-82.1403
Cell4230	Tumor	9157.0711	-68.6814
Cell4231	Tumor	8859.8838	-9.1369
Cell4232	Tumor	8803.2596	10.7417
Cell4233	Tumor	8832.7841	103.0795
Cell4234	Tumor	8982.3186	-46.9714
Cell4235	Tumor	8977.9017	81.5436
Cell4236	Tumor	8822.0602	276.0404
Cell4237	Tumor	9025.7976	-39.8646
Cell4238	Tumor	9127.8024	-118.5711
Cell4239	Tumor	8924.1759	-8.0793
Cell4240	Tumor	8987.3116000000009	70.2307
Cell4241	Tumor	8861.4814	-123.9912
Cell4242	Tumor	8871.384	279.1891
Cell4243	Tumor	9094.6131	-20.2741
Cell4244	Tumor	8894.1769	-56.949
Cell4245	Tumor	8898.9035	4.0685
Cell4246	Tumor	8957.825	-15.0486
Cell4247	Tumor	8927.8821	50.5171
Cell4248	Tumor	8882.4301	143.4618
Cell4249	Tumor	8907.3983	-22.3754
Cell4250	Tumor	8949.8782	-7.9221
Cell4251	Tumor	8971.3507	-2.7047
Cell4252	Tumor	8903.0802	124.343
Cell4253	Tumor	8888.1395	61.2435
Cell4254	Tumor	8922.0643	233.734
Cell4255	Tumor	8899.4983	15.069
Cell4256	Tumor	8886.2289	72.0907
Cell4257	Tumor	9053.3618	65.4631
Cell4258	Tumor	8880.9303	137.9706
Cell4259	Tumor	8860.0648	232.0744
Cell4260	Tumor	8838.6716	-36.6025
Cell4261	Tumor	8883.5815	110.5287
Cell4262	Tumor	8854.5318	-65.6246
Cell4263	Tumor	8875.6876	53.2509
Cell4264	Tumor	8944.4825	220.5101
Cell4265	Tumor	8882.3637	15.6163
Cell4266	Tumor	8912.7364	-113.5809
Cell4267	Tumor	8863.2211	-86.1728
Cell4268	Tumor	8944.0753	-92.1199
Cell4269	Tumor	9122.7306	-27.6503
Cell4270	Tumor	8968.9966	177.5606
Cell4271	Tumor	8813.941	231.8502
Cell4272	Tumor	8889.5816	15.8844
Cell4273	Tumor	8862.2015	26.0389
Cell4274	Tumor	9026.0836	80.9984
Cell4275	Tumor	8827.4033	128.8778
Cell4276	Tumor	8975.2627	-158.9705
Cell4277	Tumor	8991.857	-148.2936
Cell4278	Tumor	8897.6364	203.4983
Cell4279	Tumor	8912.5487	155.0877
Cell4280	Tumor	8996.3835	-117.283
Cell4281	Tumor	8949.994	69.2124
Cell4282	Tumor	8911.6314	-125.8747
Cell4283	Tumor	8873.2499	64.512
Cell4284	Tumor	8923.9931	11.4318
Cell4285	Tumor	8892.9419	230.9642
Cell4286	Tumor	8820.4588	350.648
Cell4287	Tumor	8804.9542	-77.3634
Cell4288	Tumor	8927.5748	31.795
Cell4289	Tumor	8835.6704	71.7741
Cell4290	Tumor	8995.2868	-65.0099
Cell4291	Tumor	8836.1465	-87.9138
Cell4292	Tumor	8987.708	83.9715
Cell4293	Tumor	8998.5192	-59.5814
Cell4294	Tumor	8854.2109	-0.0817
Cell4295	Tumor	8863.2682	-122.2043
Cell4296	Tumor	8858.4112	170.7193
Cell4297	Tumor	8732.2581	471.1112
Cell4298	Tumor	8841.8527	151.9501
Cell4299	Tumor	8981.5018	87.2574
Cell4300	Tumor	8890.998	161.9773
Cell4301	Tumor	9000.4489	120.2532
Cell4302	Tumor	8884.8753	144.8915
Cell4303	Tumor	9066.5848	35.3467
Cell4304	Tumor	8952.694	69.6625
Cell4305	Tumor	8974.3415	-141.0463
Cell4306	Tumor	8786.1549	396.3183
Cell4307	Tumor	8895.852	202.4906
Cell4308	Tumor	9058.408	12.4216
Cell4309	Tumor	8924.2846	160.5736
Cell4310	Tumor	8932.3141	16.6242
Cell4311	Tumor	8888.2614	-3.534
Cell4312	Tumor	8816.5504	365.5984
Cell4313	Tumor	8956.9049	10.5095
Cell4314	Tumor	8976.4542	114.0993
Cell4315	Tumor	8972.4698	-25.5479
Cell4316	Tumor	8892.462	119.2796
Cell4317	Tumor	9012.3004	124.1655
Cell4318	Tumor	9041.1511	26.1271
Cell4319	Tumor	8968.9719	141.3334
Cell4320	Tumor	9024.5786	33.6125
Cell4321	Tumor	8972.9989	148.8957
Cell4322	Tumor	8932.4911	-127.1784
Cell4323	Tumor	8974.5587	-59.905
Cell4324	Tumor	8857.454	195.1158
Cell4325	Tumor	8871.2686	-22.1842
Cell4326	Tumor	8789.3281	-26.391
Cell4327	Tumor	8873.4288	139.8052
Cell4328	Tumor	8834.2825	140.8442
Cell4329	Tumor	8949.653	2.0907
Cell4330	Tumor	8902.9211	80.2468
Cell4331	Tumor	9000.6478	1.276
Cell4332	Tumor	8963.6439	12.9939
Cell4333	Tumor	8851.7254	-3.8842
Cell4334	Tumor	8927.0535	158.3633
Cell4335	Tumor	8738.9976	460.6291
Cell4336	Tumor	8944.2117	37.9215
Cell4337	Tumor	8911.9877	49.7722
Cell4338	Tumor	8834.0714	17.4962
Cell4339	Tumor	8936.5216	-125.1712
Cell4340	Tumor	8901.1693	-76.6766
Cell4341	Tumor	8918.3822	-30.2067
Cell4342	Tumor	8930.1467	-90.4666
Cell4343	Tumor	8911.9381	66.3844
Cell4344	Tumor	9030.4945	95.8853
Cell4345	Tumor	8798.8172	-22.6782
Cell4346	Tumor	8962.2765	105.7485
Cell4347	Tumor	8882.6133	154.9052
Cell4348	Tumor	8823.7218	156.0975
Cell4349	Tumor	9059.3686	61.2428
Cell4350	Tumor	8929.113	-157.979
Cell4351	Tumor	8871.693	-14.7934
Cell4352	Tumor	8907.5247	270.4031
Cell4353	Tumor	8930.5408	21.0917
Cell4354	Tumor	8907.7399	112.9495
Cell4355	Tumor	9011.2813	-75.7883
Cell4356	Tumor	8869.7463	-106.247
Cell4357	Tumor	9101.0694	-25.479
Cell4358	Tumor	8795.0525	233.0573
Cell4359	Tumor	8920.8274	-72.2001
Cell4360	Tumor	9040.1084	-22.8856
Cell4361	Tumor	8929.8454	179.1541
Cell4362	Tumor	8954.8411	11.0259
Cell4363	Tumor	8874.5838	158.0441
Cell4364	Tumor	8882.6087	174.3224
Cell4365	Tumor	9263.7378	-171.281
Cell4366	Tumor	8917.5205	111.6899
Cell4367	Tumor	8971.9719	-17.5546
Cell4368	Tumor	8820.9486	25.7317
Cell4369	Tumor	8815.3391	249.0507
Cell4370	Tumor	9147.0174	-43.5203
Cell4371	Tumor	8904.3618	14.146
Cell4372	Tumor	8921.3931	189.23
Cell4373	Tumor	8886.9247	225.4387
Cell4374	Tumor	8974.3066	30.3298
Cell4375	Tumor	8939.0952	9.1261
Cell4376	Tumor	8905.3499	25.6393
Cell4377	Tumor	8929.124	-34.4359
Cell4378	Tumor	8973.4422	-111.3096
Cell4379	Tumor	9044.0793	45.8033
Cell4380	Tumor	8930.0141	113.5473
Cell4381	Tumor	8995.6894	91.9776
Cell4382	Tumor	9017.8191	-66.8304
Cell4383	Tumor	8867.5753	218.1857
Cell4384	Tumor	8884.3771	-95.91
Cell4385	Tumor	8868.3497	-22.5644
Cell4386	Tumor	9021.1902	99.1139
Cell4387	Tumor	8914.2535	117.751
Cell4388	Tumor	8857.3747	197.3202
Cell4389	Tumor	8949.1062	141.6106
Cell4390	Tumor	8992.2871	5.2482
Cell4391	Tumor	8929.9033	147.8625
Cell4392	Tumor	8870.1717	15.0526
Cell4393	Tumor	9105.728	-67.7234
Cell4394	Tumor	8883.4265	103.707
Cell4395	Tumor	8872.7967	89.4177
Cell4396	Tumor	8905.7294	110.298
Cell4397	Tumor	9098.707	-73.5414
Cell4398	Tumor	8932.1545	208.3913
Cell4399	Tumor	8858.2867	-121.9967
Cell4400	Tumor	8827.4634	-89.7338
Cell4401	Tumor	8878.6926	204.2806
Cell4402	Tumor	8964.2453	40.7626
Cell4403	Tumor	8924.1703	26.2543
Cell4404	Tumor	8829.8354	213.2977
Cell4405	Tumor	9167.8403	-40.9155
Cell4406	Tumor	9003.1435	103.5216
Cell4407	Tumor	8848.0293	39.2727
Cell4408	Tumor	9020.6753	-76.8435
Cell4409	Tumor	8937.2309	-71.0051
Cell4410	Tumor	8916.4441	113.6058
Cell4411	Tumor	8934.6597	115.0799
Cell4412	Tumor	8922.3024	9.227
Cell4413	Tumor	8845.6579	291.2365
Cell4414	Tumor	8872.0065	256.5861
Cell4415	Tumor	8964.4427	92.3161
Cell4416	Tumor	8838.14	-61.1946
Cell4417	Tumor	9022.8916	77.7778
Cell4418	Tumor	9093.9281	8.7414
Cell4419	Tumor	8895.4958	-34.3965
Cell4420	Tumor	8929.517	81.9548
Cell4421	Tumor	9063.8428	-9.5644
Cell4422	Tumor	9022.2631	-164.7296
Cell4423	Tumor	8841.5224	97.5656
Cell4424	Tumor	8973.8652	119.4595
Cell4425	Tumor	8832.6745	262.199
Cell4426	Tumor	9029.8078	-60.5303
Cell4427	Tumor	8887.7359	136.1028
Cell4428	Tumor	8974.331	37.5914
Cell4429	Tumor	8966.1633	74.9413
Cell4430	Tumor	9213.1856	-135.1605
Cell4431	Tumor	8846.3339	269.0416
Cell4432	Tumor	8815.9499	266.1471
Cell4433	Tumor	8912.517	-23.5686
Cell4434	Tumor	8783.8505	-33.1945
Cell4435	Tumor	8768.6838	383.6617
Cell4436	Tumor	8912.4313	223.0515
Cell4437	Tumor	8938.615	160.7439
Cell4438	Tumor	8973.2197	-20.7688
Cell4439	Tumor	8859.2281	125.9717
Cell4440	Tumor	8883.5812	-5.4284
Cell4441	Tumor	8864.4752	282.8934
Cell4442	Tumor	8907.2902	164.9544
Cell4443	Tumor	8914.2281	49.5505
Cell4444	Tumor	8893.9267	111.3949
Cell4445	Tumor	9190.7606	-71.6989
Cell4446	Tumor	8931.4998	214.0959
Cell4447	Tumor	8964.3438	-13.028
Cell4448	Tumor	8878.5127	-2.8156
Cell4449	Tumor	8781.5985	-53.8399
Cell4450	Tumor	8999.1995	69.6583
Cell4451	Tumor	9186.0994	-86.9725
Cell4452	Tumor	8960.2888	91.0778
Cell4453	Tumor	8862.7928	231.3256
Cell4454	Tumor	8847.3261	293.0338
Cell4455	Tumor	8993.1379	148.242
Cell4456	Tumor	8992.7767	110.133
Cell4457	Tumor	9111.2331	-130.9886
Cell4458	Tumor	8942.5615	147.9571
Cell4459	Tumor	8928.8022	49.7107
Cell4460	Tumor	9022.5327	48.5145
Cell4461	Tumor	9103.8091	-94.0075
Cell4462	Tumor	8921.5734	143.5101
Cell4463	Tumor	9063.9772	-120.9383
Cell4464	Tumor	9011.8148	-22.2169
Cell4465	Tumor	8891.5726	23.9461
Cell4466	Tumor	9138.8082	-17.0901
Cell4467	Tumor	9112.8486	-147.1166
